cluster_global_id,percentile_label,x
45,10th_percentile_cluster,27.307315826416016
45,10th_percentile_cluster,28.500486373901367
45,10th_percentile_cluster,24.819969177246094
45,10th_percentile_cluster,29.066476821899414
45,10th_percentile_cluster,26.739076614379883
45,10th_percentile_cluster,28.165281295776367
45,10th_percentile_cluster,26.080806732177734
45,10th_percentile_cluster,29.577375411987305
45,10th_percentile_cluster,33.725555419921875
45,10th_percentile_cluster,26.866931915283203
45,10th_percentile_cluster,31.214466094970703
45,10th_percentile_cluster,24.919940948486328
45,10th_percentile_cluster,25.71909523010254
45,10th_percentile_cluster,26.802947998046875
45,10th_percentile_cluster,33.11278533935547
45,10th_percentile_cluster,29.23847007751465
45,10th_percentile_cluster,27.38164520263672
45,10th_percentile_cluster,33.420475006103516
45,10th_percentile_cluster,28.216787338256836
45,10th_percentile_cluster,27.981613159179688
45,10th_percentile_cluster,25.283205032348633
45,10th_percentile_cluster,32.56965255737305
45,10th_percentile_cluster,26.589519500732422
45,10th_percentile_cluster,27.14512062072754
45,10th_percentile_cluster,27.014921188354492
45,10th_percentile_cluster,32.73958206176758
45,10th_percentile_cluster,27.573841094970703
45,10th_percentile_cluster,28.532169342041016
45,10th_percentile_cluster,26.090147018432617
45,10th_percentile_cluster,34.902095794677734
45,10th_percentile_cluster,24.520030975341797
45,10th_percentile_cluster,33.74372863769531
45,10th_percentile_cluster,28.33990478515625
45,10th_percentile_cluster,28.4492244720459
45,10th_percentile_cluster,26.4111328125
45,10th_percentile_cluster,31.480201721191406
45,10th_percentile_cluster,33.32835388183594
45,10th_percentile_cluster,25.116788864135742
45,10th_percentile_cluster,27.48321533203125
45,10th_percentile_cluster,29.21710777282715
45,10th_percentile_cluster,34.119834899902344
45,10th_percentile_cluster,31.446346282958984
45,10th_percentile_cluster,30.448265075683594
45,10th_percentile_cluster,28.195846557617188
45,10th_percentile_cluster,32.251609802246094
45,10th_percentile_cluster,31.530620574951172
45,10th_percentile_cluster,32.6749267578125
45,10th_percentile_cluster,34.13494110107422
45,10th_percentile_cluster,23.89248275756836
45,10th_percentile_cluster,28.71304702758789
45,10th_percentile_cluster,34.61758041381836
45,10th_percentile_cluster,30.3752384185791
45,10th_percentile_cluster,31.295848846435547
45,10th_percentile_cluster,25.358299255371094
45,10th_percentile_cluster,32.106048583984375
45,10th_percentile_cluster,24.27753257751465
45,10th_percentile_cluster,27.185894012451172
45,10th_percentile_cluster,25.311790466308594
45,10th_percentile_cluster,25.6375732421875
45,10th_percentile_cluster,31.510469436645508
45,10th_percentile_cluster,31.746562957763672
45,10th_percentile_cluster,29.392070770263672
45,10th_percentile_cluster,26.761518478393555
45,10th_percentile_cluster,32.956024169921875
45,10th_percentile_cluster,24.50947380065918
45,10th_percentile_cluster,30.527992248535156
45,10th_percentile_cluster,28.455656051635742
45,10th_percentile_cluster,33.21869659423828
45,10th_percentile_cluster,28.816940307617188
45,10th_percentile_cluster,29.104631423950195
45,10th_percentile_cluster,26.94966697692871
45,10th_percentile_cluster,33.84457015991211
45,10th_percentile_cluster,24.618999481201172
45,10th_percentile_cluster,33.55768966674805
45,10th_percentile_cluster,28.48140525817871
45,10th_percentile_cluster,24.71929359436035
45,10th_percentile_cluster,29.98612403869629
45,10th_percentile_cluster,25.686872482299805
45,10th_percentile_cluster,32.00020980834961
45,10th_percentile_cluster,26.805749893188477
45,10th_percentile_cluster,28.135669708251953
45,10th_percentile_cluster,28.18233299255371
45,10th_percentile_cluster,32.4300651550293
45,10th_percentile_cluster,28.857505798339844
45,10th_percentile_cluster,25.205812454223633
45,10th_percentile_cluster,28.47035789489746
45,10th_percentile_cluster,31.81839370727539
45,10th_percentile_cluster,34.4268913269043
45,10th_percentile_cluster,28.814210891723633
45,10th_percentile_cluster,24.169170379638672
45,10th_percentile_cluster,33.857574462890625
45,10th_percentile_cluster,23.95699691772461
45,10th_percentile_cluster,33.55541229248047
45,10th_percentile_cluster,29.891481399536133
45,10th_percentile_cluster,24.809532165527344
45,10th_percentile_cluster,28.391448974609375
45,10th_percentile_cluster,30.39130973815918
45,10th_percentile_cluster,31.026344299316406
45,10th_percentile_cluster,26.864219665527344
45,10th_percentile_cluster,28.076862335205078
45,10th_percentile_cluster,27.422531127929688
45,10th_percentile_cluster,32.25932312011719
45,10th_percentile_cluster,25.582286834716797
45,10th_percentile_cluster,29.997270584106445
45,10th_percentile_cluster,24.95171546936035
45,10th_percentile_cluster,33.596893310546875
45,10th_percentile_cluster,27.095993041992188
45,10th_percentile_cluster,33.912086486816406
45,10th_percentile_cluster,26.04218101501465
45,10th_percentile_cluster,31.146060943603516
45,10th_percentile_cluster,33.10483932495117
45,10th_percentile_cluster,29.06774139404297
45,10th_percentile_cluster,29.016992568969727
45,10th_percentile_cluster,27.429195404052734
45,10th_percentile_cluster,24.028499603271484
45,10th_percentile_cluster,33.435890197753906
45,10th_percentile_cluster,33.755775451660156
45,10th_percentile_cluster,27.314523696899414
45,10th_percentile_cluster,31.557647705078125
45,10th_percentile_cluster,30.010971069335938
45,10th_percentile_cluster,28.063688278198242
45,10th_percentile_cluster,29.306276321411133
45,10th_percentile_cluster,25.250356674194336
45,10th_percentile_cluster,29.673294067382812
45,10th_percentile_cluster,29.892826080322266
45,10th_percentile_cluster,26.929458618164062
45,10th_percentile_cluster,29.742015838623047
45,10th_percentile_cluster,24.267017364501953
45,10th_percentile_cluster,28.927011489868164
45,10th_percentile_cluster,27.368328094482422
45,10th_percentile_cluster,31.222949981689453
45,10th_percentile_cluster,24.500560760498047
45,10th_percentile_cluster,33.737586975097656
45,10th_percentile_cluster,33.27604675292969
45,10th_percentile_cluster,25.91944694519043
45,10th_percentile_cluster,29.31429672241211
45,10th_percentile_cluster,32.34230422973633
45,10th_percentile_cluster,33.10115432739258
45,10th_percentile_cluster,31.20897102355957
45,10th_percentile_cluster,25.525848388671875
45,10th_percentile_cluster,30.41999053955078
45,10th_percentile_cluster,25.011661529541016
45,10th_percentile_cluster,33.836761474609375
45,10th_percentile_cluster,29.323938369750977
45,10th_percentile_cluster,27.641252517700195
45,10th_percentile_cluster,25.44846534729004
45,10th_percentile_cluster,33.75160598754883
45,10th_percentile_cluster,31.923633575439453
45,10th_percentile_cluster,33.29124450683594
45,10th_percentile_cluster,29.827089309692383
45,10th_percentile_cluster,27.73499870300293
45,10th_percentile_cluster,33.34633255004883
45,10th_percentile_cluster,24.53179168701172
45,10th_percentile_cluster,28.892662048339844
45,10th_percentile_cluster,32.98890686035156
45,10th_percentile_cluster,30.461023330688477
45,10th_percentile_cluster,30.635927200317383
45,10th_percentile_cluster,24.818984985351562
45,10th_percentile_cluster,28.30312728881836
45,10th_percentile_cluster,30.97036361694336
45,10th_percentile_cluster,24.88793182373047
45,10th_percentile_cluster,32.04405975341797
45,10th_percentile_cluster,30.693349838256836
45,10th_percentile_cluster,27.744874954223633
45,10th_percentile_cluster,32.39847183227539
45,10th_percentile_cluster,29.327362060546875
45,10th_percentile_cluster,33.214988708496094
45,10th_percentile_cluster,32.0054931640625
45,10th_percentile_cluster,28.040014266967773
45,10th_percentile_cluster,24.188579559326172
45,10th_percentile_cluster,33.11995315551758
45,10th_percentile_cluster,27.61044692993164
45,10th_percentile_cluster,32.01417541503906
45,10th_percentile_cluster,35.064208984375
45,10th_percentile_cluster,26.48676872253418
45,10th_percentile_cluster,26.513355255126953
45,10th_percentile_cluster,30.872446060180664
45,10th_percentile_cluster,24.29127311706543
45,10th_percentile_cluster,31.81431770324707
45,10th_percentile_cluster,33.31061935424805
45,10th_percentile_cluster,32.356197357177734
45,10th_percentile_cluster,28.705297470092773
45,10th_percentile_cluster,27.80661964416504
45,10th_percentile_cluster,33.25776290893555
45,10th_percentile_cluster,30.087392807006836
45,10th_percentile_cluster,32.43760681152344
45,10th_percentile_cluster,25.850666046142578
45,10th_percentile_cluster,34.347015380859375
45,10th_percentile_cluster,28.852779388427734
45,10th_percentile_cluster,31.02066421508789
45,10th_percentile_cluster,32.78507995605469
45,10th_percentile_cluster,32.53273010253906
45,10th_percentile_cluster,24.64392852783203
45,10th_percentile_cluster,32.69275665283203
45,10th_percentile_cluster,32.09239959716797
45,10th_percentile_cluster,31.157798767089844
45,10th_percentile_cluster,29.4282169342041
45,10th_percentile_cluster,33.242122650146484
45,10th_percentile_cluster,28.919498443603516
45,10th_percentile_cluster,28.900070190429688
45,10th_percentile_cluster,26.376230239868164
45,10th_percentile_cluster,30.94373321533203
45,10th_percentile_cluster,29.8898983001709
45,10th_percentile_cluster,29.201128005981445
45,10th_percentile_cluster,31.382829666137695
45,10th_percentile_cluster,27.680465698242188
45,10th_percentile_cluster,32.839561462402344
45,10th_percentile_cluster,27.91262435913086
45,10th_percentile_cluster,28.508953094482422
45,10th_percentile_cluster,31.039344787597656
45,10th_percentile_cluster,29.704666137695312
45,10th_percentile_cluster,34.30349349975586
45,10th_percentile_cluster,27.96440315246582
45,10th_percentile_cluster,29.433198928833008
45,10th_percentile_cluster,25.311052322387695
45,10th_percentile_cluster,24.90908432006836
45,10th_percentile_cluster,33.13823699951172
45,10th_percentile_cluster,25.831989288330078
45,10th_percentile_cluster,24.780067443847656
45,10th_percentile_cluster,25.508831024169922
45,10th_percentile_cluster,29.03799819946289
45,10th_percentile_cluster,24.140554428100586
45,10th_percentile_cluster,30.310407638549805
45,10th_percentile_cluster,33.499839782714844
45,10th_percentile_cluster,28.815771102905273
45,10th_percentile_cluster,24.1527042388916
45,10th_percentile_cluster,28.758602142333984
45,10th_percentile_cluster,33.01472473144531
45,10th_percentile_cluster,33.98067855834961
45,10th_percentile_cluster,32.167545318603516
45,10th_percentile_cluster,26.749820709228516
45,10th_percentile_cluster,32.44690704345703
45,10th_percentile_cluster,28.870609283447266
45,10th_percentile_cluster,29.510345458984375
45,10th_percentile_cluster,25.057640075683594
45,10th_percentile_cluster,31.16656494140625
45,10th_percentile_cluster,26.951169967651367
45,10th_percentile_cluster,30.49873161315918
45,10th_percentile_cluster,29.266071319580078
45,10th_percentile_cluster,26.48878288269043
45,10th_percentile_cluster,30.87052345275879
45,10th_percentile_cluster,31.506458282470703
45,10th_percentile_cluster,27.421661376953125
45,10th_percentile_cluster,29.317176818847656
45,10th_percentile_cluster,30.201934814453125
45,10th_percentile_cluster,29.91594123840332
45,10th_percentile_cluster,29.12932586669922
45,10th_percentile_cluster,34.486656188964844
45,10th_percentile_cluster,25.56049346923828
45,10th_percentile_cluster,31.341188430786133
45,10th_percentile_cluster,24.62672233581543
45,10th_percentile_cluster,31.12187957763672
45,10th_percentile_cluster,28.2020263671875
45,10th_percentile_cluster,29.350595474243164
45,10th_percentile_cluster,28.137815475463867
45,10th_percentile_cluster,26.0821590423584
45,10th_percentile_cluster,28.389850616455078
45,10th_percentile_cluster,30.726638793945312
45,10th_percentile_cluster,34.4210090637207
45,10th_percentile_cluster,32.499977111816406
45,10th_percentile_cluster,33.08724594116211
45,10th_percentile_cluster,29.80669403076172
45,10th_percentile_cluster,25.713871002197266
45,10th_percentile_cluster,26.279075622558594
45,10th_percentile_cluster,33.646759033203125
45,10th_percentile_cluster,24.546798706054688
45,10th_percentile_cluster,33.61347961425781
45,10th_percentile_cluster,25.052326202392578
45,10th_percentile_cluster,32.631500244140625
45,10th_percentile_cluster,28.221969604492188
45,10th_percentile_cluster,23.93327522277832
45,10th_percentile_cluster,35.40569305419922
45,10th_percentile_cluster,27.260629653930664
45,10th_percentile_cluster,26.699195861816406
45,10th_percentile_cluster,32.39201736450195
45,10th_percentile_cluster,31.787675857543945
45,10th_percentile_cluster,25.119680404663086
45,10th_percentile_cluster,31.093002319335938
45,10th_percentile_cluster,32.599571228027344
45,10th_percentile_cluster,24.051586151123047
45,10th_percentile_cluster,24.776031494140625
45,10th_percentile_cluster,30.570493698120117
45,10th_percentile_cluster,27.81839370727539
45,10th_percentile_cluster,32.8782958984375
45,10th_percentile_cluster,33.297637939453125
45,10th_percentile_cluster,24.3597354888916
45,10th_percentile_cluster,28.490915298461914
45,10th_percentile_cluster,33.59315490722656
45,10th_percentile_cluster,27.3526611328125
45,10th_percentile_cluster,25.120197296142578
45,10th_percentile_cluster,31.20568084716797
45,10th_percentile_cluster,25.08603286743164
45,10th_percentile_cluster,27.770280838012695
45,10th_percentile_cluster,28.016328811645508
45,10th_percentile_cluster,28.38991928100586
45,10th_percentile_cluster,28.47271728515625
45,10th_percentile_cluster,22.66632843017578
45,10th_percentile_cluster,26.995450973510742
45,10th_percentile_cluster,33.974552154541016
45,10th_percentile_cluster,32.32410430908203
45,10th_percentile_cluster,26.496042251586914
45,10th_percentile_cluster,33.302555084228516
45,10th_percentile_cluster,31.050125122070312
45,10th_percentile_cluster,28.092750549316406
45,10th_percentile_cluster,24.455476760864258
45,10th_percentile_cluster,31.97397804260254
45,10th_percentile_cluster,33.12155532836914
45,10th_percentile_cluster,24.82316017150879
45,10th_percentile_cluster,32.841304779052734
45,10th_percentile_cluster,27.36082649230957
45,10th_percentile_cluster,32.95401382446289
45,10th_percentile_cluster,32.0886116027832
45,10th_percentile_cluster,32.46733093261719
45,10th_percentile_cluster,31.906925201416016
45,10th_percentile_cluster,31.20904541015625
45,10th_percentile_cluster,34.74370574951172
45,10th_percentile_cluster,23.80734634399414
45,10th_percentile_cluster,25.833171844482422
45,10th_percentile_cluster,32.730709075927734
45,10th_percentile_cluster,27.152942657470703
45,10th_percentile_cluster,25.236459732055664
45,10th_percentile_cluster,27.318233489990234
45,10th_percentile_cluster,33.02412414550781
45,10th_percentile_cluster,32.80901336669922
45,10th_percentile_cluster,34.755062103271484
45,10th_percentile_cluster,27.542348861694336
45,10th_percentile_cluster,29.524534225463867
45,10th_percentile_cluster,25.15784454345703
45,10th_percentile_cluster,27.075326919555664
45,10th_percentile_cluster,24.63033103942871
45,10th_percentile_cluster,28.62013053894043
45,10th_percentile_cluster,26.976736068725586
45,10th_percentile_cluster,33.115997314453125
45,10th_percentile_cluster,27.57876205444336
45,10th_percentile_cluster,28.592809677124023
45,10th_percentile_cluster,25.073034286499023
45,10th_percentile_cluster,32.43815612792969
45,10th_percentile_cluster,35.84318161010742
45,10th_percentile_cluster,28.1817569732666
45,10th_percentile_cluster,30.120983123779297
45,10th_percentile_cluster,31.925819396972656
45,10th_percentile_cluster,26.615659713745117
45,10th_percentile_cluster,26.34186363220215
45,10th_percentile_cluster,26.313669204711914
45,10th_percentile_cluster,31.155391693115234
45,10th_percentile_cluster,28.385818481445312
45,10th_percentile_cluster,28.338499069213867
45,10th_percentile_cluster,24.242984771728516
45,10th_percentile_cluster,33.44691467285156
45,10th_percentile_cluster,31.454198837280273
45,10th_percentile_cluster,26.67501449584961
45,10th_percentile_cluster,32.92341613769531
45,10th_percentile_cluster,34.63871765136719
45,10th_percentile_cluster,25.044374465942383
45,10th_percentile_cluster,28.279020309448242
45,10th_percentile_cluster,29.570205688476562
45,10th_percentile_cluster,24.32497787475586
45,10th_percentile_cluster,31.108356475830078
45,10th_percentile_cluster,34.66371154785156
45,10th_percentile_cluster,30.547134399414062
45,10th_percentile_cluster,27.346385955810547
45,10th_percentile_cluster,28.819595336914062
45,10th_percentile_cluster,31.796987533569336
45,10th_percentile_cluster,23.89529037475586
45,10th_percentile_cluster,30.011455535888672
45,10th_percentile_cluster,32.943946838378906
45,10th_percentile_cluster,33.20292663574219
45,10th_percentile_cluster,26.356403350830078
45,10th_percentile_cluster,26.640262603759766
45,10th_percentile_cluster,34.021507263183594
45,10th_percentile_cluster,31.07360076904297
45,10th_percentile_cluster,29.496007919311523
45,10th_percentile_cluster,27.980571746826172
45,10th_percentile_cluster,26.847455978393555
45,10th_percentile_cluster,24.169191360473633
45,10th_percentile_cluster,30.585237503051758
45,10th_percentile_cluster,27.949413299560547
45,10th_percentile_cluster,29.80438995361328
45,10th_percentile_cluster,33.426475524902344
45,10th_percentile_cluster,33.588111877441406
45,10th_percentile_cluster,28.305551528930664
45,10th_percentile_cluster,29.27804946899414
45,10th_percentile_cluster,24.91162109375
45,10th_percentile_cluster,32.09683609008789
45,10th_percentile_cluster,29.578960418701172
45,10th_percentile_cluster,30.521617889404297
45,10th_percentile_cluster,29.892099380493164
45,10th_percentile_cluster,26.389127731323242
45,10th_percentile_cluster,28.374496459960938
45,10th_percentile_cluster,28.933317184448242
45,10th_percentile_cluster,27.640634536743164
45,10th_percentile_cluster,24.22283935546875
45,10th_percentile_cluster,29.361804962158203
45,10th_percentile_cluster,29.738433837890625
45,10th_percentile_cluster,30.23069953918457
45,10th_percentile_cluster,28.672548294067383
45,10th_percentile_cluster,32.42172622680664
45,10th_percentile_cluster,32.77638626098633
45,10th_percentile_cluster,27.33467674255371
45,10th_percentile_cluster,28.7159481048584
45,10th_percentile_cluster,28.057823181152344
45,10th_percentile_cluster,26.698476791381836
45,10th_percentile_cluster,24.73149299621582
45,10th_percentile_cluster,31.403688430786133
45,10th_percentile_cluster,27.246660232543945
45,10th_percentile_cluster,25.371490478515625
45,10th_percentile_cluster,24.215862274169922
45,10th_percentile_cluster,28.508102416992188
45,10th_percentile_cluster,27.83068084716797
45,10th_percentile_cluster,32.72089385986328
45,10th_percentile_cluster,33.728729248046875
45,10th_percentile_cluster,24.693424224853516
45,10th_percentile_cluster,31.388504028320312
45,10th_percentile_cluster,29.038007736206055
45,10th_percentile_cluster,28.56911849975586
45,10th_percentile_cluster,33.149925231933594
45,10th_percentile_cluster,31.357046127319336
45,10th_percentile_cluster,24.980972290039062
45,10th_percentile_cluster,26.696077346801758
45,10th_percentile_cluster,25.11119270324707
45,10th_percentile_cluster,33.272220611572266
45,10th_percentile_cluster,33.508216857910156
45,10th_percentile_cluster,24.152429580688477
45,10th_percentile_cluster,27.447973251342773
45,10th_percentile_cluster,27.674379348754883
45,10th_percentile_cluster,31.845062255859375
45,10th_percentile_cluster,33.47443389892578
45,10th_percentile_cluster,29.524362564086914
45,10th_percentile_cluster,28.618284225463867
45,10th_percentile_cluster,32.81877136230469
45,10th_percentile_cluster,28.012683868408203
45,10th_percentile_cluster,35.24475860595703
45,10th_percentile_cluster,30.584495544433594
45,10th_percentile_cluster,33.475460052490234
45,10th_percentile_cluster,27.833026885986328
45,10th_percentile_cluster,26.98456382751465
45,10th_percentile_cluster,27.3769474029541
45,10th_percentile_cluster,33.8681640625
45,10th_percentile_cluster,27.764041900634766
45,10th_percentile_cluster,24.622106552124023
45,10th_percentile_cluster,34.9739875793457
45,10th_percentile_cluster,27.904150009155273
45,10th_percentile_cluster,27.597381591796875
45,10th_percentile_cluster,27.804479598999023
45,10th_percentile_cluster,26.624923706054688
45,10th_percentile_cluster,24.669401168823242
45,10th_percentile_cluster,27.75524139404297
45,10th_percentile_cluster,31.39321517944336
45,10th_percentile_cluster,27.91612434387207
45,10th_percentile_cluster,24.357852935791016
45,10th_percentile_cluster,23.665069580078125
45,10th_percentile_cluster,28.63322639465332
45,10th_percentile_cluster,31.497957229614258
45,10th_percentile_cluster,31.243148803710938
45,10th_percentile_cluster,31.77758026123047
45,10th_percentile_cluster,33.8597526550293
45,10th_percentile_cluster,30.67851448059082
45,10th_percentile_cluster,31.00163459777832
45,10th_percentile_cluster,33.138526916503906
45,10th_percentile_cluster,25.475095748901367
45,10th_percentile_cluster,27.950212478637695
45,10th_percentile_cluster,31.145841598510742
45,10th_percentile_cluster,29.890588760375977
45,10th_percentile_cluster,31.747936248779297
45,10th_percentile_cluster,29.117338180541992
45,10th_percentile_cluster,33.66468048095703
45,10th_percentile_cluster,24.447921752929688
45,10th_percentile_cluster,31.571304321289062
45,10th_percentile_cluster,27.496307373046875
45,10th_percentile_cluster,30.61367416381836
45,10th_percentile_cluster,25.205036163330078
45,10th_percentile_cluster,33.007843017578125
45,10th_percentile_cluster,28.670761108398438
45,10th_percentile_cluster,25.293682098388672
45,10th_percentile_cluster,33.76537322998047
45,10th_percentile_cluster,24.440147399902344
45,10th_percentile_cluster,31.357765197753906
45,10th_percentile_cluster,28.61018943786621
45,10th_percentile_cluster,28.628278732299805
45,10th_percentile_cluster,25.29267692565918
45,10th_percentile_cluster,29.271982192993164
45,10th_percentile_cluster,26.433305740356445
45,10th_percentile_cluster,25.17208480834961
45,10th_percentile_cluster,25.82065773010254
45,10th_percentile_cluster,29.21781349182129
45,10th_percentile_cluster,34.428733825683594
45,10th_percentile_cluster,24.004779815673828
45,10th_percentile_cluster,28.18866539001465
45,10th_percentile_cluster,27.509113311767578
45,10th_percentile_cluster,27.704633712768555
45,10th_percentile_cluster,26.096704483032227
45,10th_percentile_cluster,24.859825134277344
45,10th_percentile_cluster,27.526599884033203
45,10th_percentile_cluster,29.20047950744629
45,10th_percentile_cluster,32.44036865234375
45,10th_percentile_cluster,33.184085845947266
45,10th_percentile_cluster,25.21139907836914
45,10th_percentile_cluster,25.654258728027344
45,10th_percentile_cluster,29.620052337646484
45,10th_percentile_cluster,30.89234161376953
45,10th_percentile_cluster,29.59652328491211
45,10th_percentile_cluster,30.933622360229492
45,10th_percentile_cluster,25.06815528869629
45,10th_percentile_cluster,32.62432098388672
45,10th_percentile_cluster,29.200031280517578
45,10th_percentile_cluster,28.1635684967041
45,10th_percentile_cluster,29.820396423339844
45,10th_percentile_cluster,24.30780029296875
45,10th_percentile_cluster,24.07034683227539
45,10th_percentile_cluster,28.824813842773438
45,10th_percentile_cluster,27.937578201293945
45,10th_percentile_cluster,29.999990463256836
45,10th_percentile_cluster,31.922409057617188
45,10th_percentile_cluster,32.00231170654297
45,10th_percentile_cluster,24.19951629638672
45,10th_percentile_cluster,24.457447052001953
45,10th_percentile_cluster,28.599355697631836
45,10th_percentile_cluster,33.016357421875
45,10th_percentile_cluster,32.26118087768555
45,10th_percentile_cluster,29.936420440673828
45,10th_percentile_cluster,33.01503372192383
45,10th_percentile_cluster,24.43564796447754
45,10th_percentile_cluster,24.75381851196289
45,10th_percentile_cluster,32.22831344604492
45,10th_percentile_cluster,30.694944381713867
45,10th_percentile_cluster,29.615625381469727
45,10th_percentile_cluster,24.545856475830078
45,10th_percentile_cluster,27.700666427612305
45,10th_percentile_cluster,31.83670425415039
45,10th_percentile_cluster,29.475772857666016
45,10th_percentile_cluster,32.50758743286133
45,10th_percentile_cluster,25.063831329345703
45,10th_percentile_cluster,27.303741455078125
45,10th_percentile_cluster,24.445512771606445
45,10th_percentile_cluster,24.57206153869629
45,10th_percentile_cluster,24.669565200805664
45,10th_percentile_cluster,30.312307357788086
45,10th_percentile_cluster,31.990163803100586
45,10th_percentile_cluster,33.2904052734375
45,10th_percentile_cluster,29.87704849243164
45,10th_percentile_cluster,24.68642807006836
45,10th_percentile_cluster,29.86733627319336
45,10th_percentile_cluster,34.737422943115234
45,10th_percentile_cluster,28.826778411865234
45,10th_percentile_cluster,26.96254539489746
45,10th_percentile_cluster,25.503263473510742
45,10th_percentile_cluster,27.404083251953125
45,10th_percentile_cluster,32.862525939941406
45,10th_percentile_cluster,28.997343063354492
45,10th_percentile_cluster,26.58858871459961
45,10th_percentile_cluster,25.15515899658203
45,10th_percentile_cluster,29.023210525512695
45,10th_percentile_cluster,30.29277801513672
45,10th_percentile_cluster,26.448780059814453
45,10th_percentile_cluster,25.510372161865234
45,10th_percentile_cluster,28.630754470825195
45,10th_percentile_cluster,30.456567764282227
45,10th_percentile_cluster,24.34619903564453
45,10th_percentile_cluster,32.153953552246094
45,10th_percentile_cluster,24.73052406311035
45,10th_percentile_cluster,24.03996467590332
45,10th_percentile_cluster,28.491544723510742
45,10th_percentile_cluster,28.044275283813477
45,10th_percentile_cluster,32.19497299194336
45,10th_percentile_cluster,25.83916473388672
45,10th_percentile_cluster,27.375621795654297
45,10th_percentile_cluster,29.127580642700195
45,10th_percentile_cluster,26.079328536987305
45,10th_percentile_cluster,25.309656143188477
45,10th_percentile_cluster,28.483657836914062
45,10th_percentile_cluster,32.742652893066406
45,10th_percentile_cluster,27.796051025390625
45,10th_percentile_cluster,32.02643585205078
45,10th_percentile_cluster,26.892444610595703
45,10th_percentile_cluster,29.834747314453125
45,10th_percentile_cluster,25.453842163085938
45,10th_percentile_cluster,23.57891845703125
45,10th_percentile_cluster,31.627517700195312
45,10th_percentile_cluster,33.74907302856445
45,10th_percentile_cluster,30.57427215576172
45,10th_percentile_cluster,32.35880661010742
45,10th_percentile_cluster,30.795625686645508
45,10th_percentile_cluster,30.91934585571289
45,10th_percentile_cluster,29.4423885345459
45,10th_percentile_cluster,28.517518997192383
45,10th_percentile_cluster,28.277767181396484
45,10th_percentile_cluster,30.49744415283203
45,10th_percentile_cluster,26.979093551635742
45,10th_percentile_cluster,28.17262840270996
45,10th_percentile_cluster,31.880970001220703
45,10th_percentile_cluster,31.10770606994629
45,10th_percentile_cluster,29.33963966369629
45,10th_percentile_cluster,26.119009017944336
45,10th_percentile_cluster,28.495548248291016
45,10th_percentile_cluster,33.79085159301758
45,10th_percentile_cluster,31.732872009277344
45,10th_percentile_cluster,28.736528396606445
45,10th_percentile_cluster,24.88141632080078
45,10th_percentile_cluster,26.503055572509766
45,10th_percentile_cluster,31.9775447845459
45,10th_percentile_cluster,32.032291412353516
45,10th_percentile_cluster,29.140968322753906
45,10th_percentile_cluster,30.568510055541992
45,10th_percentile_cluster,23.760372161865234
45,10th_percentile_cluster,26.332752227783203
45,10th_percentile_cluster,26.20370864868164
45,10th_percentile_cluster,33.21940612792969
45,10th_percentile_cluster,30.85100555419922
45,10th_percentile_cluster,33.44353485107422
45,10th_percentile_cluster,31.64497184753418
45,10th_percentile_cluster,34.35661697387695
45,10th_percentile_cluster,25.66042137145996
45,10th_percentile_cluster,25.4674015045166
45,10th_percentile_cluster,30.30078125
45,10th_percentile_cluster,31.668880462646484
45,10th_percentile_cluster,31.29721450805664
45,10th_percentile_cluster,27.536338806152344
45,10th_percentile_cluster,29.97835922241211
45,10th_percentile_cluster,26.80514907836914
45,10th_percentile_cluster,25.276782989501953
45,10th_percentile_cluster,32.3563117980957
45,10th_percentile_cluster,24.202707290649414
45,10th_percentile_cluster,30.26827049255371
45,10th_percentile_cluster,30.750085830688477
45,10th_percentile_cluster,31.49811363220215
45,10th_percentile_cluster,31.1719913482666
45,10th_percentile_cluster,28.693449020385742
45,10th_percentile_cluster,29.179866790771484
45,10th_percentile_cluster,30.390043258666992
45,10th_percentile_cluster,31.00076675415039
45,10th_percentile_cluster,28.497135162353516
45,10th_percentile_cluster,31.59461212158203
45,10th_percentile_cluster,27.047075271606445
45,10th_percentile_cluster,34.81794738769531
45,10th_percentile_cluster,31.62061309814453
45,10th_percentile_cluster,30.4630126953125
45,10th_percentile_cluster,25.698692321777344
45,10th_percentile_cluster,33.55060958862305
45,10th_percentile_cluster,26.282493591308594
45,10th_percentile_cluster,26.79561996459961
45,10th_percentile_cluster,32.38972091674805
45,10th_percentile_cluster,31.36844825744629
45,10th_percentile_cluster,24.371002197265625
45,10th_percentile_cluster,27.541460037231445
45,10th_percentile_cluster,34.13505935668945
45,10th_percentile_cluster,30.05413055419922
45,10th_percentile_cluster,24.704469680786133
45,10th_percentile_cluster,31.54598617553711
45,10th_percentile_cluster,35.1827507019043
45,10th_percentile_cluster,31.999662399291992
45,10th_percentile_cluster,32.931209564208984
45,10th_percentile_cluster,26.116064071655273
45,10th_percentile_cluster,27.16753387451172
45,10th_percentile_cluster,25.43144416809082
45,10th_percentile_cluster,34.28181457519531
45,10th_percentile_cluster,29.00831413269043
45,10th_percentile_cluster,25.83297348022461
45,10th_percentile_cluster,30.884004592895508
45,10th_percentile_cluster,33.90546417236328
45,10th_percentile_cluster,26.91288185119629
45,10th_percentile_cluster,31.995546340942383
45,10th_percentile_cluster,26.19439697265625
45,10th_percentile_cluster,27.24829864501953
45,10th_percentile_cluster,28.858470916748047
45,10th_percentile_cluster,25.063766479492188
45,10th_percentile_cluster,28.674583435058594
45,10th_percentile_cluster,29.472259521484375
45,10th_percentile_cluster,29.467748641967773
45,10th_percentile_cluster,32.308319091796875
45,10th_percentile_cluster,26.571626663208008
45,10th_percentile_cluster,33.29424285888672
45,10th_percentile_cluster,31.104324340820312
45,10th_percentile_cluster,29.379322052001953
45,10th_percentile_cluster,24.629289627075195
45,10th_percentile_cluster,29.884628295898438
45,10th_percentile_cluster,29.891407012939453
45,10th_percentile_cluster,34.07392120361328
45,10th_percentile_cluster,30.379283905029297
45,10th_percentile_cluster,26.724308013916016
45,10th_percentile_cluster,26.20033073425293
45,10th_percentile_cluster,32.28335952758789
45,10th_percentile_cluster,24.6922664642334
45,10th_percentile_cluster,24.87186050415039
45,10th_percentile_cluster,33.995277404785156
45,10th_percentile_cluster,25.451261520385742
45,10th_percentile_cluster,34.28641128540039
45,10th_percentile_cluster,32.35634231567383
45,10th_percentile_cluster,24.376453399658203
45,10th_percentile_cluster,28.125417709350586
45,10th_percentile_cluster,24.789344787597656
45,10th_percentile_cluster,29.701631546020508
45,10th_percentile_cluster,35.387481689453125
45,10th_percentile_cluster,26.92064094543457
45,10th_percentile_cluster,27.306049346923828
45,10th_percentile_cluster,31.44137191772461
45,10th_percentile_cluster,25.93096351623535
45,10th_percentile_cluster,34.26430892944336
45,10th_percentile_cluster,32.33518981933594
45,10th_percentile_cluster,28.221269607543945
45,10th_percentile_cluster,31.116924285888672
45,10th_percentile_cluster,26.32773208618164
45,10th_percentile_cluster,26.1503963470459
45,10th_percentile_cluster,30.475841522216797
45,10th_percentile_cluster,29.57712745666504
45,10th_percentile_cluster,33.33900451660156
45,10th_percentile_cluster,26.818450927734375
45,10th_percentile_cluster,29.024784088134766
45,10th_percentile_cluster,27.867834091186523
45,10th_percentile_cluster,31.532058715820312
45,10th_percentile_cluster,30.697866439819336
45,10th_percentile_cluster,27.699323654174805
45,10th_percentile_cluster,32.433815002441406
45,10th_percentile_cluster,32.35796356201172
45,10th_percentile_cluster,33.34190368652344
45,10th_percentile_cluster,24.779924392700195
45,10th_percentile_cluster,26.18851661682129
45,10th_percentile_cluster,29.457735061645508
45,10th_percentile_cluster,28.74811553955078
45,10th_percentile_cluster,28.243507385253906
45,10th_percentile_cluster,34.39117431640625
45,10th_percentile_cluster,28.056730270385742
45,10th_percentile_cluster,23.51486587524414
45,10th_percentile_cluster,25.538911819458008
45,10th_percentile_cluster,30.204999923706055
45,10th_percentile_cluster,24.284713745117188
45,10th_percentile_cluster,30.535104751586914
45,10th_percentile_cluster,27.192733764648438
45,10th_percentile_cluster,31.875194549560547
45,10th_percentile_cluster,30.72969627380371
45,10th_percentile_cluster,24.487403869628906
45,10th_percentile_cluster,29.379880905151367
45,10th_percentile_cluster,33.567440032958984
45,10th_percentile_cluster,29.596715927124023
45,10th_percentile_cluster,28.095109939575195
45,10th_percentile_cluster,28.817142486572266
45,10th_percentile_cluster,31.626340866088867
45,10th_percentile_cluster,32.45419692993164
45,10th_percentile_cluster,25.455846786499023
45,10th_percentile_cluster,28.901708602905273
45,10th_percentile_cluster,33.41886901855469
45,10th_percentile_cluster,31.101993560791016
45,10th_percentile_cluster,34.75691223144531
45,10th_percentile_cluster,31.72600555419922
45,10th_percentile_cluster,29.22315788269043
45,10th_percentile_cluster,30.795734405517578
45,10th_percentile_cluster,24.666330337524414
45,10th_percentile_cluster,29.288837432861328
45,10th_percentile_cluster,27.35933494567871
45,10th_percentile_cluster,25.646514892578125
45,10th_percentile_cluster,33.38508987426758
45,10th_percentile_cluster,28.98516845703125
45,10th_percentile_cluster,27.576358795166016
45,10th_percentile_cluster,33.746238708496094
45,10th_percentile_cluster,31.33844566345215
45,10th_percentile_cluster,25.48947525024414
45,10th_percentile_cluster,32.15633773803711
45,10th_percentile_cluster,31.38804817199707
45,10th_percentile_cluster,30.07537078857422
45,10th_percentile_cluster,28.33124542236328
45,10th_percentile_cluster,32.537532806396484
45,10th_percentile_cluster,29.663894653320312
45,10th_percentile_cluster,31.5145263671875
45,10th_percentile_cluster,25.088773727416992
45,10th_percentile_cluster,24.78213882446289
45,10th_percentile_cluster,26.56438636779785
45,10th_percentile_cluster,29.767179489135742
45,10th_percentile_cluster,24.093982696533203
45,10th_percentile_cluster,24.446231842041016
45,10th_percentile_cluster,26.002042770385742
45,10th_percentile_cluster,31.667495727539062
45,10th_percentile_cluster,24.207763671875
45,10th_percentile_cluster,32.55675506591797
45,10th_percentile_cluster,30.271242141723633
45,10th_percentile_cluster,25.095491409301758
45,10th_percentile_cluster,30.935274124145508
45,10th_percentile_cluster,31.141586303710938
45,10th_percentile_cluster,24.30827522277832
45,10th_percentile_cluster,24.94549560546875
45,10th_percentile_cluster,26.964529037475586
45,10th_percentile_cluster,33.728973388671875
45,10th_percentile_cluster,32.796051025390625
45,10th_percentile_cluster,28.219560623168945
45,10th_percentile_cluster,29.07918357849121
45,10th_percentile_cluster,30.506685256958008
45,10th_percentile_cluster,24.744152069091797
45,10th_percentile_cluster,27.920812606811523
45,10th_percentile_cluster,33.00225067138672
45,10th_percentile_cluster,31.561141967773438
45,10th_percentile_cluster,33.673004150390625
45,10th_percentile_cluster,26.659635543823242
45,10th_percentile_cluster,25.206207275390625
45,10th_percentile_cluster,24.866352081298828
45,10th_percentile_cluster,28.74390411376953
45,10th_percentile_cluster,29.540842056274414
45,10th_percentile_cluster,28.85780906677246
45,10th_percentile_cluster,30.020160675048828
45,10th_percentile_cluster,33.98298263549805
45,10th_percentile_cluster,32.903526306152344
45,10th_percentile_cluster,31.956859588623047
45,10th_percentile_cluster,35.406471252441406
45,10th_percentile_cluster,29.189420700073242
45,10th_percentile_cluster,28.005592346191406
45,10th_percentile_cluster,27.334407806396484
45,10th_percentile_cluster,28.514490127563477
45,10th_percentile_cluster,25.019935607910156
45,10th_percentile_cluster,34.50727081298828
45,10th_percentile_cluster,33.875526428222656
45,10th_percentile_cluster,28.286657333374023
45,10th_percentile_cluster,28.683732986450195
45,10th_percentile_cluster,24.16992950439453
45,10th_percentile_cluster,27.35993766784668
45,10th_percentile_cluster,33.56300735473633
45,10th_percentile_cluster,32.375709533691406
45,10th_percentile_cluster,33.104583740234375
45,10th_percentile_cluster,27.511594772338867
45,10th_percentile_cluster,30.165603637695312
45,10th_percentile_cluster,31.255126953125
45,10th_percentile_cluster,29.064559936523438
45,10th_percentile_cluster,24.754180908203125
45,10th_percentile_cluster,24.949451446533203
45,10th_percentile_cluster,29.45737648010254
45,10th_percentile_cluster,32.71434020996094
45,10th_percentile_cluster,33.66145706176758
45,10th_percentile_cluster,30.168203353881836
45,10th_percentile_cluster,25.942401885986328
45,10th_percentile_cluster,28.89040184020996
45,10th_percentile_cluster,31.96067237854004
45,10th_percentile_cluster,34.34457778930664
45,10th_percentile_cluster,28.130666732788086
45,10th_percentile_cluster,30.78432846069336
45,10th_percentile_cluster,27.65247344970703
45,10th_percentile_cluster,32.568634033203125
45,10th_percentile_cluster,31.062641143798828
45,10th_percentile_cluster,26.5352783203125
45,10th_percentile_cluster,28.358699798583984
45,10th_percentile_cluster,27.143535614013672
45,10th_percentile_cluster,34.17724609375
45,10th_percentile_cluster,30.529935836791992
45,10th_percentile_cluster,35.0708122253418
45,10th_percentile_cluster,29.157142639160156
45,10th_percentile_cluster,24.573522567749023
45,10th_percentile_cluster,31.355043411254883
45,10th_percentile_cluster,25.562030792236328
45,10th_percentile_cluster,24.645097732543945
45,10th_percentile_cluster,28.933191299438477
45,10th_percentile_cluster,27.822233200073242
45,10th_percentile_cluster,32.16565704345703
45,10th_percentile_cluster,32.393287658691406
45,10th_percentile_cluster,28.728199005126953
45,10th_percentile_cluster,26.404632568359375
45,10th_percentile_cluster,25.08942985534668
45,10th_percentile_cluster,29.026811599731445
45,10th_percentile_cluster,32.37443542480469
45,10th_percentile_cluster,30.673887252807617
45,10th_percentile_cluster,26.323530197143555
45,10th_percentile_cluster,32.73131561279297
45,10th_percentile_cluster,33.19724655151367
45,10th_percentile_cluster,28.019468307495117
45,10th_percentile_cluster,25.87160873413086
45,10th_percentile_cluster,31.458158493041992
45,10th_percentile_cluster,27.743375778198242
45,10th_percentile_cluster,24.563623428344727
45,10th_percentile_cluster,32.10028839111328
45,10th_percentile_cluster,28.012727737426758
45,10th_percentile_cluster,32.284873962402344
45,10th_percentile_cluster,26.073904037475586
45,10th_percentile_cluster,32.29098892211914
45,10th_percentile_cluster,28.870040893554688
45,10th_percentile_cluster,33.09261703491211
45,10th_percentile_cluster,24.240861892700195
45,10th_percentile_cluster,32.77696228027344
45,10th_percentile_cluster,30.922157287597656
45,10th_percentile_cluster,33.333248138427734
45,10th_percentile_cluster,26.7523250579834
45,10th_percentile_cluster,31.210725784301758
45,10th_percentile_cluster,34.78342056274414
45,10th_percentile_cluster,25.120849609375
45,10th_percentile_cluster,27.979537963867188
45,10th_percentile_cluster,34.020206451416016
45,10th_percentile_cluster,24.81888771057129
45,10th_percentile_cluster,27.796276092529297
45,10th_percentile_cluster,27.84324836730957
45,10th_percentile_cluster,24.343324661254883
45,10th_percentile_cluster,30.903709411621094
45,10th_percentile_cluster,31.135961532592773
45,10th_percentile_cluster,28.586261749267578
45,10th_percentile_cluster,29.16069984436035
45,10th_percentile_cluster,27.27762222290039
45,10th_percentile_cluster,27.357006072998047
45,10th_percentile_cluster,28.724775314331055
45,10th_percentile_cluster,24.09065055847168
45,10th_percentile_cluster,34.33235168457031
45,10th_percentile_cluster,33.32698059082031
45,10th_percentile_cluster,29.201793670654297
45,10th_percentile_cluster,27.311569213867188
45,10th_percentile_cluster,27.567623138427734
45,10th_percentile_cluster,33.16279220581055
45,10th_percentile_cluster,27.33071517944336
45,10th_percentile_cluster,27.583683013916016
45,10th_percentile_cluster,32.24008560180664
45,10th_percentile_cluster,30.156463623046875
45,10th_percentile_cluster,28.042831420898438
45,10th_percentile_cluster,29.49996566772461
45,10th_percentile_cluster,27.296815872192383
45,10th_percentile_cluster,23.599376678466797
45,10th_percentile_cluster,28.355281829833984
45,10th_percentile_cluster,30.982763290405273
45,10th_percentile_cluster,25.228797912597656
45,10th_percentile_cluster,29.236358642578125
45,10th_percentile_cluster,27.099191665649414
45,10th_percentile_cluster,32.81156921386719
45,10th_percentile_cluster,33.08329772949219
45,10th_percentile_cluster,26.15793228149414
45,10th_percentile_cluster,24.827468872070312
45,10th_percentile_cluster,29.749366760253906
45,10th_percentile_cluster,30.04688262939453
45,10th_percentile_cluster,32.943504333496094
45,10th_percentile_cluster,29.409801483154297
45,10th_percentile_cluster,32.200279235839844
45,10th_percentile_cluster,30.431434631347656
45,10th_percentile_cluster,32.006134033203125
45,10th_percentile_cluster,34.616233825683594
45,10th_percentile_cluster,28.094257354736328
45,10th_percentile_cluster,33.84726333618164
45,10th_percentile_cluster,28.05278968811035
45,10th_percentile_cluster,33.64667510986328
45,10th_percentile_cluster,26.40643310546875
45,10th_percentile_cluster,26.80312156677246
45,10th_percentile_cluster,28.799697875976562
45,10th_percentile_cluster,28.323806762695312
45,10th_percentile_cluster,29.994667053222656
45,10th_percentile_cluster,26.51720428466797
45,10th_percentile_cluster,29.440074920654297
45,10th_percentile_cluster,30.3892879486084
45,10th_percentile_cluster,33.63495635986328
45,10th_percentile_cluster,31.546688079833984
45,10th_percentile_cluster,35.953521728515625
45,10th_percentile_cluster,27.495046615600586
45,10th_percentile_cluster,31.521541595458984
45,10th_percentile_cluster,27.983341217041016
45,10th_percentile_cluster,30.553546905517578
45,10th_percentile_cluster,29.513545989990234
45,10th_percentile_cluster,32.87565612792969
45,10th_percentile_cluster,32.221412658691406
45,10th_percentile_cluster,26.67983055114746
45,10th_percentile_cluster,35.552825927734375
45,10th_percentile_cluster,25.34211540222168
45,10th_percentile_cluster,32.67926025390625
45,10th_percentile_cluster,23.764869689941406
45,10th_percentile_cluster,31.813892364501953
45,10th_percentile_cluster,26.40020179748535
45,10th_percentile_cluster,24.803024291992188
45,10th_percentile_cluster,27.752197265625
45,10th_percentile_cluster,34.84251403808594
45,10th_percentile_cluster,33.19349670410156
45,10th_percentile_cluster,25.290050506591797
45,10th_percentile_cluster,26.1147518157959
45,10th_percentile_cluster,32.25446701049805
45,10th_percentile_cluster,24.666881561279297
45,10th_percentile_cluster,32.0374870300293
45,10th_percentile_cluster,27.65513801574707
45,10th_percentile_cluster,26.323226928710938
45,10th_percentile_cluster,28.934587478637695
45,10th_percentile_cluster,26.523134231567383
45,10th_percentile_cluster,27.037960052490234
45,10th_percentile_cluster,32.014068603515625
45,10th_percentile_cluster,31.45047950744629
45,10th_percentile_cluster,28.227842330932617
45,10th_percentile_cluster,34.392181396484375
45,10th_percentile_cluster,24.95150375366211
45,10th_percentile_cluster,27.204845428466797
45,10th_percentile_cluster,30.23992919921875
45,10th_percentile_cluster,29.415040969848633
45,10th_percentile_cluster,24.55019187927246
45,10th_percentile_cluster,33.84938049316406
45,10th_percentile_cluster,32.82927703857422
45,10th_percentile_cluster,30.864978790283203
45,10th_percentile_cluster,29.624330520629883
45,10th_percentile_cluster,32.32451248168945
45,10th_percentile_cluster,28.258319854736328
45,10th_percentile_cluster,27.522924423217773
45,10th_percentile_cluster,34.24392318725586
45,10th_percentile_cluster,27.323999404907227
45,10th_percentile_cluster,24.429351806640625
45,10th_percentile_cluster,26.19613265991211
45,10th_percentile_cluster,31.327272415161133
45,10th_percentile_cluster,33.576881408691406
45,10th_percentile_cluster,23.622331619262695
45,10th_percentile_cluster,33.25042724609375
45,10th_percentile_cluster,27.001995086669922
45,10th_percentile_cluster,23.343290328979492
45,10th_percentile_cluster,24.804519653320312
45,10th_percentile_cluster,29.918760299682617
45,10th_percentile_cluster,25.756893157958984
45,10th_percentile_cluster,31.808103561401367
45,10th_percentile_cluster,27.024009704589844
45,10th_percentile_cluster,28.762908935546875
45,10th_percentile_cluster,28.13948631286621
45,10th_percentile_cluster,30.882234573364258
45,10th_percentile_cluster,32.79029846191406
45,10th_percentile_cluster,28.188282012939453
45,10th_percentile_cluster,29.452909469604492
45,10th_percentile_cluster,34.05874252319336
45,10th_percentile_cluster,29.098247528076172
45,10th_percentile_cluster,26.91272735595703
45,10th_percentile_cluster,32.3917350769043
45,10th_percentile_cluster,33.729000091552734
45,10th_percentile_cluster,33.43145751953125
45,10th_percentile_cluster,31.934640884399414
45,10th_percentile_cluster,25.236989974975586
45,10th_percentile_cluster,31.424034118652344
45,10th_percentile_cluster,29.533294677734375
45,10th_percentile_cluster,33.38453674316406
45,10th_percentile_cluster,32.75581741333008
45,10th_percentile_cluster,28.64461898803711
45,10th_percentile_cluster,32.266170501708984
45,10th_percentile_cluster,32.49177551269531
45,10th_percentile_cluster,32.73952865600586
45,10th_percentile_cluster,31.29138946533203
45,10th_percentile_cluster,31.550207138061523
45,10th_percentile_cluster,23.995790481567383
45,10th_percentile_cluster,30.932022094726562
45,10th_percentile_cluster,26.169748306274414
45,10th_percentile_cluster,31.303571701049805
45,10th_percentile_cluster,27.023937225341797
45,10th_percentile_cluster,28.05435562133789
45,10th_percentile_cluster,32.672428131103516
45,10th_percentile_cluster,27.871017456054688
45,10th_percentile_cluster,33.75765609741211
45,10th_percentile_cluster,25.312402725219727
45,10th_percentile_cluster,28.43137550354004
45,10th_percentile_cluster,24.81968879699707
45,10th_percentile_cluster,25.867923736572266
45,10th_percentile_cluster,28.122291564941406
45,10th_percentile_cluster,24.94830322265625
45,10th_percentile_cluster,31.189796447753906
45,10th_percentile_cluster,27.904468536376953
45,10th_percentile_cluster,28.053180694580078
45,10th_percentile_cluster,30.040283203125
45,10th_percentile_cluster,28.766469955444336
45,10th_percentile_cluster,32.69160079956055
45,10th_percentile_cluster,28.428897857666016
45,10th_percentile_cluster,33.85224533081055
45,10th_percentile_cluster,26.20548439025879
45,10th_percentile_cluster,31.7620792388916
45,10th_percentile_cluster,26.115175247192383
45,10th_percentile_cluster,32.08415603637695
45,10th_percentile_cluster,25.92515754699707
45,10th_percentile_cluster,25.38344955444336
45,10th_percentile_cluster,25.23889923095703
45,10th_percentile_cluster,25.797649383544922
45,10th_percentile_cluster,32.03459930419922
45,10th_percentile_cluster,27.831445693969727
45,10th_percentile_cluster,33.37171173095703
45,10th_percentile_cluster,29.10356903076172
45,10th_percentile_cluster,28.31972312927246
45,10th_percentile_cluster,34.836334228515625
45,10th_percentile_cluster,31.826812744140625
45,10th_percentile_cluster,29.673770904541016
45,10th_percentile_cluster,33.39337921142578
45,10th_percentile_cluster,31.00344467163086
45,10th_percentile_cluster,26.43639373779297
45,10th_percentile_cluster,27.925161361694336
45,10th_percentile_cluster,31.56900405883789
45,10th_percentile_cluster,29.6838436126709
45,10th_percentile_cluster,29.255765914916992
45,10th_percentile_cluster,34.733314514160156
45,10th_percentile_cluster,29.339920043945312
45,10th_percentile_cluster,26.22661590576172
45,10th_percentile_cluster,33.36795425415039
45,10th_percentile_cluster,26.06402587890625
45,10th_percentile_cluster,33.52210998535156
45,10th_percentile_cluster,33.7132568359375
45,10th_percentile_cluster,25.297122955322266
45,10th_percentile_cluster,32.79838943481445
45,10th_percentile_cluster,24.410947799682617
45,10th_percentile_cluster,23.781105041503906
45,10th_percentile_cluster,24.881301879882812
45,10th_percentile_cluster,28.090269088745117
45,10th_percentile_cluster,30.501535415649414
45,10th_percentile_cluster,29.43079948425293
45,10th_percentile_cluster,27.239580154418945
45,10th_percentile_cluster,25.96584701538086
45,10th_percentile_cluster,26.07042694091797
45,10th_percentile_cluster,31.086952209472656
45,10th_percentile_cluster,23.41385269165039
45,10th_percentile_cluster,30.317907333374023
45,10th_percentile_cluster,24.570518493652344
45,10th_percentile_cluster,30.680227279663086
45,10th_percentile_cluster,28.77619171142578
45,10th_percentile_cluster,27.87980842590332
45,10th_percentile_cluster,34.13993835449219
45,10th_percentile_cluster,27.643310546875
45,10th_percentile_cluster,31.605377197265625
45,10th_percentile_cluster,28.44850730895996
45,10th_percentile_cluster,32.079551696777344
45,10th_percentile_cluster,29.5080623626709
45,10th_percentile_cluster,29.342445373535156
45,10th_percentile_cluster,23.96154022216797
45,10th_percentile_cluster,32.8687629699707
45,10th_percentile_cluster,26.73634147644043
45,10th_percentile_cluster,32.30012130737305
45,10th_percentile_cluster,28.934810638427734
45,10th_percentile_cluster,32.47687530517578
45,10th_percentile_cluster,27.286027908325195
45,10th_percentile_cluster,24.328214645385742
45,10th_percentile_cluster,29.318470001220703
45,10th_percentile_cluster,24.550928115844727
45,10th_percentile_cluster,25.500438690185547
45,10th_percentile_cluster,30.856019973754883
45,10th_percentile_cluster,27.35507583618164
45,10th_percentile_cluster,28.36577606201172
45,10th_percentile_cluster,28.5548038482666
45,10th_percentile_cluster,33.73518371582031
45,10th_percentile_cluster,29.41018295288086
45,10th_percentile_cluster,25.291887283325195
45,10th_percentile_cluster,29.796356201171875
45,10th_percentile_cluster,30.780519485473633
45,10th_percentile_cluster,24.841243743896484
45,10th_percentile_cluster,32.97429656982422
45,10th_percentile_cluster,28.80028533935547
45,10th_percentile_cluster,32.32904815673828
45,10th_percentile_cluster,34.24843215942383
45,10th_percentile_cluster,27.335817337036133
45,10th_percentile_cluster,31.36133575439453
45,10th_percentile_cluster,25.374446868896484
45,10th_percentile_cluster,26.50129508972168
45,10th_percentile_cluster,29.87472915649414
45,10th_percentile_cluster,28.026874542236328
45,10th_percentile_cluster,29.652294158935547
45,10th_percentile_cluster,25.702987670898438
45,10th_percentile_cluster,32.8577880859375
45,10th_percentile_cluster,30.962007522583008
45,10th_percentile_cluster,26.30600929260254
45,10th_percentile_cluster,27.08334732055664
45,10th_percentile_cluster,29.172513961791992
45,10th_percentile_cluster,26.951416015625
45,10th_percentile_cluster,26.126441955566406
45,10th_percentile_cluster,27.378156661987305
45,10th_percentile_cluster,28.339670181274414
45,10th_percentile_cluster,25.067930221557617
45,10th_percentile_cluster,32.07902526855469
45,10th_percentile_cluster,32.27477264404297
45,10th_percentile_cluster,28.37352180480957
45,10th_percentile_cluster,24.312278747558594
45,10th_percentile_cluster,27.797025680541992
45,10th_percentile_cluster,30.864282608032227
45,10th_percentile_cluster,25.607343673706055
45,10th_percentile_cluster,25.161174774169922
45,10th_percentile_cluster,32.45740509033203
45,10th_percentile_cluster,32.13136291503906
45,10th_percentile_cluster,31.824785232543945
45,10th_percentile_cluster,25.03876304626465
45,10th_percentile_cluster,32.41522216796875
45,10th_percentile_cluster,32.566673278808594
45,10th_percentile_cluster,28.796281814575195
45,10th_percentile_cluster,31.987552642822266
45,10th_percentile_cluster,29.570819854736328
45,10th_percentile_cluster,25.842716217041016
45,10th_percentile_cluster,33.98948287963867
45,10th_percentile_cluster,32.03104782104492
45,10th_percentile_cluster,35.11912536621094
45,10th_percentile_cluster,25.76363182067871
45,10th_percentile_cluster,24.38142204284668
45,10th_percentile_cluster,27.342206954956055
45,10th_percentile_cluster,32.27069854736328
45,10th_percentile_cluster,28.048879623413086
45,10th_percentile_cluster,27.228557586669922
45,10th_percentile_cluster,29.331283569335938
45,10th_percentile_cluster,31.387102127075195
45,10th_percentile_cluster,34.295719146728516
45,10th_percentile_cluster,27.19782257080078
45,10th_percentile_cluster,27.319746017456055
45,10th_percentile_cluster,28.04310417175293
45,10th_percentile_cluster,29.048309326171875
45,10th_percentile_cluster,25.38886260986328
45,10th_percentile_cluster,25.162128448486328
45,10th_percentile_cluster,28.32733917236328
45,10th_percentile_cluster,32.139339447021484
45,10th_percentile_cluster,31.39893341064453
45,10th_percentile_cluster,24.301544189453125
45,10th_percentile_cluster,33.24827194213867
45,10th_percentile_cluster,24.302730560302734
45,10th_percentile_cluster,24.859682083129883
45,10th_percentile_cluster,26.273347854614258
45,10th_percentile_cluster,24.429431915283203
45,10th_percentile_cluster,27.57793617248535
45,10th_percentile_cluster,27.04983139038086
45,10th_percentile_cluster,28.028335571289062
45,10th_percentile_cluster,26.78797721862793
45,10th_percentile_cluster,33.76765060424805
45,10th_percentile_cluster,35.39048385620117
45,10th_percentile_cluster,33.15876770019531
45,10th_percentile_cluster,34.581565856933594
45,10th_percentile_cluster,25.03360939025879
45,10th_percentile_cluster,34.513916015625
45,10th_percentile_cluster,29.93023109436035
45,10th_percentile_cluster,33.02936553955078
45,10th_percentile_cluster,28.04253578186035
45,10th_percentile_cluster,31.49147605895996
48,90th_percentile_cluster,25.0697021484375
48,90th_percentile_cluster,24.657304763793945
48,90th_percentile_cluster,33.520538330078125
48,90th_percentile_cluster,28.787208557128906
48,90th_percentile_cluster,28.952280044555664
48,90th_percentile_cluster,30.961135864257812
48,90th_percentile_cluster,27.19155502319336
48,90th_percentile_cluster,33.667964935302734
48,90th_percentile_cluster,33.684566497802734
48,90th_percentile_cluster,29.446077346801758
48,90th_percentile_cluster,27.15875244140625
48,90th_percentile_cluster,33.68684768676758
48,90th_percentile_cluster,28.231294631958008
48,90th_percentile_cluster,29.252819061279297
48,90th_percentile_cluster,28.057329177856445
48,90th_percentile_cluster,27.61810874938965
48,90th_percentile_cluster,31.310771942138672
48,90th_percentile_cluster,30.885005950927734
48,90th_percentile_cluster,24.25984764099121
48,90th_percentile_cluster,30.994226455688477
48,90th_percentile_cluster,28.77806854248047
48,90th_percentile_cluster,28.15676498413086
48,90th_percentile_cluster,25.217872619628906
48,90th_percentile_cluster,28.416351318359375
48,90th_percentile_cluster,30.54943084716797
48,90th_percentile_cluster,31.94896697998047
48,90th_percentile_cluster,31.9788818359375
48,90th_percentile_cluster,29.99980354309082
48,90th_percentile_cluster,31.130632400512695
48,90th_percentile_cluster,26.915042877197266
48,90th_percentile_cluster,28.73028564453125
48,90th_percentile_cluster,25.70412826538086
48,90th_percentile_cluster,25.299930572509766
48,90th_percentile_cluster,29.854097366333008
48,90th_percentile_cluster,28.58916473388672
48,90th_percentile_cluster,28.239986419677734
48,90th_percentile_cluster,28.670839309692383
48,90th_percentile_cluster,26.967317581176758
48,90th_percentile_cluster,32.315250396728516
48,90th_percentile_cluster,32.58648681640625
48,90th_percentile_cluster,32.97950744628906
48,90th_percentile_cluster,29.804040908813477
48,90th_percentile_cluster,25.886289596557617
48,90th_percentile_cluster,26.952375411987305
48,90th_percentile_cluster,31.99153709411621
48,90th_percentile_cluster,36.18891525268555
48,90th_percentile_cluster,33.198585510253906
48,90th_percentile_cluster,29.91838836669922
48,90th_percentile_cluster,30.05568504333496
48,90th_percentile_cluster,31.344669342041016
48,90th_percentile_cluster,32.08134841918945
48,90th_percentile_cluster,33.49985122680664
48,90th_percentile_cluster,27.074739456176758
48,90th_percentile_cluster,29.29834747314453
48,90th_percentile_cluster,31.170005798339844
48,90th_percentile_cluster,33.623802185058594
48,90th_percentile_cluster,24.20537757873535
48,90th_percentile_cluster,32.80352783203125
48,90th_percentile_cluster,32.43610763549805
48,90th_percentile_cluster,32.71333312988281
48,90th_percentile_cluster,32.97206115722656
48,90th_percentile_cluster,29.389636993408203
48,90th_percentile_cluster,26.88097381591797
48,90th_percentile_cluster,30.869869232177734
48,90th_percentile_cluster,26.560890197753906
48,90th_percentile_cluster,31.524412155151367
48,90th_percentile_cluster,30.185565948486328
48,90th_percentile_cluster,26.159120559692383
48,90th_percentile_cluster,32.37317657470703
48,90th_percentile_cluster,30.555383682250977
48,90th_percentile_cluster,28.045991897583008
48,90th_percentile_cluster,26.82091522216797
48,90th_percentile_cluster,29.58263397216797
48,90th_percentile_cluster,25.540895462036133
48,90th_percentile_cluster,34.3453369140625
48,90th_percentile_cluster,33.6490592956543
48,90th_percentile_cluster,32.20430374145508
48,90th_percentile_cluster,26.833385467529297
48,90th_percentile_cluster,30.414810180664062
48,90th_percentile_cluster,25.625368118286133
48,90th_percentile_cluster,33.437294006347656
48,90th_percentile_cluster,27.725278854370117
48,90th_percentile_cluster,26.72820472717285
48,90th_percentile_cluster,33.172847747802734
48,90th_percentile_cluster,26.915864944458008
48,90th_percentile_cluster,24.90087127685547
48,90th_percentile_cluster,26.375844955444336
48,90th_percentile_cluster,31.289060592651367
48,90th_percentile_cluster,23.864856719970703
48,90th_percentile_cluster,29.83863067626953
48,90th_percentile_cluster,33.014007568359375
48,90th_percentile_cluster,30.587596893310547
48,90th_percentile_cluster,25.73978614807129
48,90th_percentile_cluster,29.399730682373047
48,90th_percentile_cluster,34.44428634643555
48,90th_percentile_cluster,32.85908889770508
48,90th_percentile_cluster,29.54999542236328
48,90th_percentile_cluster,34.5761833190918
48,90th_percentile_cluster,26.4140625
48,90th_percentile_cluster,26.652755737304688
48,90th_percentile_cluster,26.488914489746094
48,90th_percentile_cluster,32.90841293334961
48,90th_percentile_cluster,31.88867950439453
48,90th_percentile_cluster,30.295238494873047
48,90th_percentile_cluster,24.320697784423828
48,90th_percentile_cluster,27.875076293945312
48,90th_percentile_cluster,31.454795837402344
48,90th_percentile_cluster,32.84077453613281
48,90th_percentile_cluster,30.032590866088867
48,90th_percentile_cluster,33.984989166259766
48,90th_percentile_cluster,32.92235565185547
48,90th_percentile_cluster,29.995662689208984
48,90th_percentile_cluster,32.913265228271484
48,90th_percentile_cluster,24.011898040771484
48,90th_percentile_cluster,31.167322158813477
48,90th_percentile_cluster,27.61857795715332
48,90th_percentile_cluster,28.51374053955078
48,90th_percentile_cluster,27.526689529418945
48,90th_percentile_cluster,24.99688720703125
48,90th_percentile_cluster,25.496383666992188
48,90th_percentile_cluster,32.16539001464844
48,90th_percentile_cluster,33.06270980834961
48,90th_percentile_cluster,29.26186180114746
48,90th_percentile_cluster,24.11854362487793
48,90th_percentile_cluster,25.808216094970703
48,90th_percentile_cluster,32.76585388183594
48,90th_percentile_cluster,30.009626388549805
48,90th_percentile_cluster,33.33924865722656
48,90th_percentile_cluster,30.217260360717773
48,90th_percentile_cluster,25.815143585205078
48,90th_percentile_cluster,30.18309783935547
48,90th_percentile_cluster,32.41780471801758
48,90th_percentile_cluster,32.14775466918945
48,90th_percentile_cluster,30.30687713623047
48,90th_percentile_cluster,33.097957611083984
48,90th_percentile_cluster,31.375965118408203
48,90th_percentile_cluster,24.9689998626709
48,90th_percentile_cluster,24.96902847290039
48,90th_percentile_cluster,34.598670959472656
48,90th_percentile_cluster,32.68435287475586
48,90th_percentile_cluster,24.979673385620117
48,90th_percentile_cluster,33.10673522949219
48,90th_percentile_cluster,26.469572067260742
48,90th_percentile_cluster,27.31974983215332
48,90th_percentile_cluster,29.583934783935547
48,90th_percentile_cluster,31.29874038696289
48,90th_percentile_cluster,25.295278549194336
48,90th_percentile_cluster,33.051692962646484
48,90th_percentile_cluster,33.71915054321289
48,90th_percentile_cluster,25.859779357910156
48,90th_percentile_cluster,29.568740844726562
48,90th_percentile_cluster,28.73177719116211
48,90th_percentile_cluster,25.12047576904297
48,90th_percentile_cluster,27.478984832763672
48,90th_percentile_cluster,26.535478591918945
48,90th_percentile_cluster,24.547504425048828
48,90th_percentile_cluster,28.51070785522461
48,90th_percentile_cluster,25.914913177490234
48,90th_percentile_cluster,27.040294647216797
48,90th_percentile_cluster,29.4770450592041
48,90th_percentile_cluster,34.9494743347168
48,90th_percentile_cluster,29.079172134399414
48,90th_percentile_cluster,32.005924224853516
48,90th_percentile_cluster,29.160837173461914
48,90th_percentile_cluster,33.497989654541016
48,90th_percentile_cluster,32.62623977661133
48,90th_percentile_cluster,30.78019905090332
48,90th_percentile_cluster,32.48267364501953
48,90th_percentile_cluster,25.11216926574707
48,90th_percentile_cluster,31.987215042114258
48,90th_percentile_cluster,27.174524307250977
48,90th_percentile_cluster,30.32750129699707
48,90th_percentile_cluster,34.4342041015625
48,90th_percentile_cluster,23.825557708740234
48,90th_percentile_cluster,25.65148162841797
48,90th_percentile_cluster,28.654001235961914
48,90th_percentile_cluster,33.701393127441406
48,90th_percentile_cluster,24.960670471191406
48,90th_percentile_cluster,25.284072875976562
48,90th_percentile_cluster,29.00840950012207
48,90th_percentile_cluster,24.438602447509766
48,90th_percentile_cluster,26.189250946044922
48,90th_percentile_cluster,33.69825744628906
48,90th_percentile_cluster,25.14848518371582
48,90th_percentile_cluster,32.78725814819336
48,90th_percentile_cluster,28.41414451599121
48,90th_percentile_cluster,25.047685623168945
48,90th_percentile_cluster,33.131553649902344
48,90th_percentile_cluster,27.089448928833008
48,90th_percentile_cluster,30.206335067749023
48,90th_percentile_cluster,27.570470809936523
48,90th_percentile_cluster,24.597267150878906
48,90th_percentile_cluster,26.940101623535156
48,90th_percentile_cluster,33.92369842529297
48,90th_percentile_cluster,29.966407775878906
48,90th_percentile_cluster,28.91965103149414
48,90th_percentile_cluster,33.536643981933594
48,90th_percentile_cluster,28.918582916259766
48,90th_percentile_cluster,28.499366760253906
48,90th_percentile_cluster,32.69984817504883
48,90th_percentile_cluster,23.933406829833984
48,90th_percentile_cluster,26.64093589782715
48,90th_percentile_cluster,25.036577224731445
48,90th_percentile_cluster,32.852882385253906
48,90th_percentile_cluster,33.6396598815918
48,90th_percentile_cluster,31.839130401611328
48,90th_percentile_cluster,29.06479263305664
48,90th_percentile_cluster,29.294187545776367
48,90th_percentile_cluster,26.821619033813477
48,90th_percentile_cluster,26.987319946289062
48,90th_percentile_cluster,26.799489974975586
48,90th_percentile_cluster,27.6937313079834
48,90th_percentile_cluster,30.365495681762695
48,90th_percentile_cluster,31.358402252197266
48,90th_percentile_cluster,25.588146209716797
48,90th_percentile_cluster,30.730209350585938
48,90th_percentile_cluster,30.75270652770996
48,90th_percentile_cluster,27.824359893798828
48,90th_percentile_cluster,27.079261779785156
48,90th_percentile_cluster,23.66103744506836
48,90th_percentile_cluster,27.66567611694336
48,90th_percentile_cluster,33.440738677978516
48,90th_percentile_cluster,35.18263244628906
48,90th_percentile_cluster,26.915363311767578
48,90th_percentile_cluster,34.293174743652344
48,90th_percentile_cluster,29.526226043701172
48,90th_percentile_cluster,31.51584243774414
48,90th_percentile_cluster,29.86400604248047
48,90th_percentile_cluster,29.193592071533203
48,90th_percentile_cluster,30.89339828491211
48,90th_percentile_cluster,34.57539367675781
48,90th_percentile_cluster,31.976646423339844
48,90th_percentile_cluster,34.20117950439453
48,90th_percentile_cluster,33.50288391113281
48,90th_percentile_cluster,31.252695083618164
48,90th_percentile_cluster,34.317195892333984
48,90th_percentile_cluster,29.401203155517578
48,90th_percentile_cluster,33.589683532714844
48,90th_percentile_cluster,30.53127670288086
48,90th_percentile_cluster,31.87954330444336
48,90th_percentile_cluster,34.56953811645508
48,90th_percentile_cluster,26.649303436279297
48,90th_percentile_cluster,26.538742065429688
48,90th_percentile_cluster,25.517105102539062
48,90th_percentile_cluster,27.440763473510742
48,90th_percentile_cluster,31.284345626831055
48,90th_percentile_cluster,27.15435028076172
48,90th_percentile_cluster,24.545352935791016
48,90th_percentile_cluster,31.58082389831543
48,90th_percentile_cluster,33.10886764526367
48,90th_percentile_cluster,29.15668487548828
48,90th_percentile_cluster,27.487342834472656
48,90th_percentile_cluster,27.40579605102539
48,90th_percentile_cluster,27.779987335205078
48,90th_percentile_cluster,32.050148010253906
48,90th_percentile_cluster,24.815773010253906
48,90th_percentile_cluster,29.639074325561523
48,90th_percentile_cluster,26.92027473449707
48,90th_percentile_cluster,34.32473373413086
48,90th_percentile_cluster,27.8732967376709
48,90th_percentile_cluster,28.94500732421875
48,90th_percentile_cluster,28.884679794311523
48,90th_percentile_cluster,29.168773651123047
48,90th_percentile_cluster,32.56193161010742
48,90th_percentile_cluster,25.44019317626953
48,90th_percentile_cluster,25.93781089782715
48,90th_percentile_cluster,29.410676956176758
48,90th_percentile_cluster,27.693323135375977
48,90th_percentile_cluster,31.652408599853516
48,90th_percentile_cluster,33.363590240478516
48,90th_percentile_cluster,31.406709671020508
48,90th_percentile_cluster,31.409700393676758
48,90th_percentile_cluster,27.829713821411133
48,90th_percentile_cluster,32.0442008972168
48,90th_percentile_cluster,32.482261657714844
48,90th_percentile_cluster,24.15835189819336
48,90th_percentile_cluster,32.139747619628906
48,90th_percentile_cluster,23.62930679321289
48,90th_percentile_cluster,32.77680969238281
48,90th_percentile_cluster,26.30804443359375
48,90th_percentile_cluster,34.002197265625
48,90th_percentile_cluster,32.33585739135742
48,90th_percentile_cluster,25.128992080688477
48,90th_percentile_cluster,29.012269973754883
48,90th_percentile_cluster,29.65738296508789
48,90th_percentile_cluster,26.973562240600586
48,90th_percentile_cluster,28.23760986328125
48,90th_percentile_cluster,30.273468017578125
48,90th_percentile_cluster,32.20508575439453
48,90th_percentile_cluster,25.260791778564453
48,90th_percentile_cluster,34.36003494262695
48,90th_percentile_cluster,26.89735221862793
48,90th_percentile_cluster,28.95978546142578
48,90th_percentile_cluster,27.18702507019043
48,90th_percentile_cluster,29.775325775146484
48,90th_percentile_cluster,26.12958526611328
48,90th_percentile_cluster,32.17039489746094
48,90th_percentile_cluster,32.35799026489258
48,90th_percentile_cluster,27.973447799682617
48,90th_percentile_cluster,29.467411041259766
48,90th_percentile_cluster,33.25019836425781
48,90th_percentile_cluster,35.132171630859375
48,90th_percentile_cluster,34.58211135864258
48,90th_percentile_cluster,24.392356872558594
48,90th_percentile_cluster,32.83149337768555
48,90th_percentile_cluster,28.467235565185547
48,90th_percentile_cluster,23.641277313232422
48,90th_percentile_cluster,28.971757888793945
48,90th_percentile_cluster,26.701833724975586
48,90th_percentile_cluster,30.7885684967041
48,90th_percentile_cluster,32.739219665527344
48,90th_percentile_cluster,27.212289810180664
48,90th_percentile_cluster,31.91360855102539
48,90th_percentile_cluster,27.932392120361328
48,90th_percentile_cluster,28.121522903442383
48,90th_percentile_cluster,25.034568786621094
48,90th_percentile_cluster,28.466135025024414
48,90th_percentile_cluster,30.69890594482422
48,90th_percentile_cluster,29.536230087280273
48,90th_percentile_cluster,31.562437057495117
48,90th_percentile_cluster,33.042049407958984
48,90th_percentile_cluster,31.829120635986328
48,90th_percentile_cluster,24.353483200073242
48,90th_percentile_cluster,24.292551040649414
48,90th_percentile_cluster,29.39598846435547
48,90th_percentile_cluster,24.958969116210938
48,90th_percentile_cluster,32.510169982910156
48,90th_percentile_cluster,27.208587646484375
48,90th_percentile_cluster,31.019893646240234
48,90th_percentile_cluster,26.660350799560547
48,90th_percentile_cluster,26.88641929626465
48,90th_percentile_cluster,28.584087371826172
48,90th_percentile_cluster,26.748607635498047
48,90th_percentile_cluster,30.047542572021484
48,90th_percentile_cluster,35.711849212646484
48,90th_percentile_cluster,31.641963958740234
48,90th_percentile_cluster,29.994319915771484
48,90th_percentile_cluster,33.795135498046875
48,90th_percentile_cluster,31.208703994750977
48,90th_percentile_cluster,28.051666259765625
48,90th_percentile_cluster,32.207454681396484
48,90th_percentile_cluster,28.54876708984375
48,90th_percentile_cluster,30.125940322875977
48,90th_percentile_cluster,27.803203582763672
48,90th_percentile_cluster,25.76902198791504
48,90th_percentile_cluster,31.399330139160156
48,90th_percentile_cluster,32.69175338745117
48,90th_percentile_cluster,25.82074737548828
48,90th_percentile_cluster,29.168588638305664
48,90th_percentile_cluster,32.44852066040039
48,90th_percentile_cluster,32.625648498535156
48,90th_percentile_cluster,34.7193603515625
48,90th_percentile_cluster,24.503358840942383
48,90th_percentile_cluster,31.09711456298828
48,90th_percentile_cluster,30.446285247802734
48,90th_percentile_cluster,28.02973747253418
48,90th_percentile_cluster,29.62277603149414
48,90th_percentile_cluster,27.805269241333008
48,90th_percentile_cluster,25.745737075805664
48,90th_percentile_cluster,32.85601806640625
48,90th_percentile_cluster,31.02719497680664
48,90th_percentile_cluster,29.386276245117188
48,90th_percentile_cluster,32.06532669067383
48,90th_percentile_cluster,33.25983428955078
48,90th_percentile_cluster,33.43701934814453
48,90th_percentile_cluster,29.381187438964844
48,90th_percentile_cluster,29.85718536376953
48,90th_percentile_cluster,26.63264274597168
48,90th_percentile_cluster,30.513755798339844
48,90th_percentile_cluster,25.804065704345703
48,90th_percentile_cluster,25.114933013916016
48,90th_percentile_cluster,27.6253604888916
48,90th_percentile_cluster,26.78713607788086
48,90th_percentile_cluster,30.300920486450195
48,90th_percentile_cluster,31.578369140625
48,90th_percentile_cluster,28.889690399169922
48,90th_percentile_cluster,27.916099548339844
48,90th_percentile_cluster,24.938228607177734
48,90th_percentile_cluster,27.242782592773438
48,90th_percentile_cluster,24.82180404663086
48,90th_percentile_cluster,29.290584564208984
48,90th_percentile_cluster,31.611949920654297
48,90th_percentile_cluster,30.891876220703125
48,90th_percentile_cluster,25.741607666015625
48,90th_percentile_cluster,33.368255615234375
48,90th_percentile_cluster,35.48484802246094
48,90th_percentile_cluster,31.9171199798584
48,90th_percentile_cluster,31.153297424316406
48,90th_percentile_cluster,32.04779052734375
48,90th_percentile_cluster,29.9080753326416
48,90th_percentile_cluster,28.921083450317383
48,90th_percentile_cluster,28.181570053100586
48,90th_percentile_cluster,29.878273010253906
48,90th_percentile_cluster,24.865028381347656
48,90th_percentile_cluster,27.700647354125977
48,90th_percentile_cluster,24.944774627685547
48,90th_percentile_cluster,24.28829574584961
48,90th_percentile_cluster,29.94270133972168
48,90th_percentile_cluster,27.090713500976562
48,90th_percentile_cluster,30.598758697509766
48,90th_percentile_cluster,23.810178756713867
48,90th_percentile_cluster,33.045711517333984
48,90th_percentile_cluster,31.985212326049805
48,90th_percentile_cluster,25.861186981201172
48,90th_percentile_cluster,28.746299743652344
48,90th_percentile_cluster,25.087093353271484
48,90th_percentile_cluster,26.316606521606445
48,90th_percentile_cluster,28.952007293701172
48,90th_percentile_cluster,29.775238037109375
48,90th_percentile_cluster,28.240995407104492
48,90th_percentile_cluster,28.908870697021484
48,90th_percentile_cluster,31.233339309692383
48,90th_percentile_cluster,24.703235626220703
48,90th_percentile_cluster,27.59840202331543
48,90th_percentile_cluster,26.935636520385742
48,90th_percentile_cluster,33.440704345703125
48,90th_percentile_cluster,28.30510902404785
48,90th_percentile_cluster,30.27085304260254
48,90th_percentile_cluster,25.139028549194336
48,90th_percentile_cluster,29.83992576599121
48,90th_percentile_cluster,28.022342681884766
48,90th_percentile_cluster,30.128692626953125
48,90th_percentile_cluster,31.5395450592041
48,90th_percentile_cluster,30.80523109436035
48,90th_percentile_cluster,25.264055252075195
48,90th_percentile_cluster,29.109479904174805
48,90th_percentile_cluster,28.414426803588867
48,90th_percentile_cluster,32.53560256958008
48,90th_percentile_cluster,29.297651290893555
48,90th_percentile_cluster,33.13277816772461
48,90th_percentile_cluster,28.270822525024414
48,90th_percentile_cluster,24.450664520263672
48,90th_percentile_cluster,26.675596237182617
48,90th_percentile_cluster,29.116233825683594
48,90th_percentile_cluster,29.520652770996094
48,90th_percentile_cluster,33.28905487060547
48,90th_percentile_cluster,27.400545120239258
48,90th_percentile_cluster,28.979461669921875
48,90th_percentile_cluster,24.748411178588867
48,90th_percentile_cluster,35.18211364746094
48,90th_percentile_cluster,30.425426483154297
48,90th_percentile_cluster,31.087581634521484
48,90th_percentile_cluster,29.966629028320312
48,90th_percentile_cluster,28.040424346923828
48,90th_percentile_cluster,24.40392303466797
48,90th_percentile_cluster,32.81669616699219
48,90th_percentile_cluster,27.186120986938477
48,90th_percentile_cluster,34.46268844604492
48,90th_percentile_cluster,32.21726608276367
48,90th_percentile_cluster,24.87208366394043
48,90th_percentile_cluster,25.09054946899414
48,90th_percentile_cluster,30.181045532226562
48,90th_percentile_cluster,33.548736572265625
48,90th_percentile_cluster,28.711143493652344
48,90th_percentile_cluster,28.77825355529785
48,90th_percentile_cluster,30.7462215423584
48,90th_percentile_cluster,26.821561813354492
48,90th_percentile_cluster,31.515300750732422
48,90th_percentile_cluster,33.22837829589844
48,90th_percentile_cluster,32.23616027832031
48,90th_percentile_cluster,25.552371978759766
48,90th_percentile_cluster,30.466960906982422
48,90th_percentile_cluster,24.465206146240234
48,90th_percentile_cluster,32.7041130065918
48,90th_percentile_cluster,25.59844207763672
48,90th_percentile_cluster,25.449413299560547
48,90th_percentile_cluster,27.980222702026367
48,90th_percentile_cluster,31.642454147338867
48,90th_percentile_cluster,29.786136627197266
48,90th_percentile_cluster,33.9881477355957
48,90th_percentile_cluster,24.826274871826172
48,90th_percentile_cluster,24.664199829101562
48,90th_percentile_cluster,30.879819869995117
48,90th_percentile_cluster,28.62647819519043
48,90th_percentile_cluster,29.664386749267578
48,90th_percentile_cluster,33.207130432128906
48,90th_percentile_cluster,30.852741241455078
48,90th_percentile_cluster,26.970605850219727
48,90th_percentile_cluster,26.036239624023438
48,90th_percentile_cluster,32.1447639465332
48,90th_percentile_cluster,26.551450729370117
48,90th_percentile_cluster,28.833629608154297
48,90th_percentile_cluster,24.38695526123047
48,90th_percentile_cluster,25.45304298400879
48,90th_percentile_cluster,31.725677490234375
48,90th_percentile_cluster,32.59290313720703
48,90th_percentile_cluster,28.481983184814453
48,90th_percentile_cluster,26.155208587646484
48,90th_percentile_cluster,31.225343704223633
48,90th_percentile_cluster,24.188573837280273
48,90th_percentile_cluster,28.323514938354492
48,90th_percentile_cluster,31.0700740814209
48,90th_percentile_cluster,32.538978576660156
48,90th_percentile_cluster,27.99317169189453
48,90th_percentile_cluster,25.768814086914062
48,90th_percentile_cluster,33.77025604248047
48,90th_percentile_cluster,26.595848083496094
48,90th_percentile_cluster,27.147361755371094
48,90th_percentile_cluster,34.74821472167969
48,90th_percentile_cluster,29.518287658691406
48,90th_percentile_cluster,27.92546272277832
48,90th_percentile_cluster,31.92446517944336
48,90th_percentile_cluster,30.307817459106445
48,90th_percentile_cluster,27.768497467041016
48,90th_percentile_cluster,25.29739761352539
48,90th_percentile_cluster,27.938053131103516
48,90th_percentile_cluster,34.251983642578125
48,90th_percentile_cluster,28.056676864624023
48,90th_percentile_cluster,28.62066078186035
48,90th_percentile_cluster,25.94781494140625
48,90th_percentile_cluster,29.185577392578125
48,90th_percentile_cluster,31.295530319213867
48,90th_percentile_cluster,24.220186233520508
48,90th_percentile_cluster,27.993680953979492
48,90th_percentile_cluster,31.04692268371582
48,90th_percentile_cluster,27.0913028717041
48,90th_percentile_cluster,32.829750061035156
48,90th_percentile_cluster,28.745702743530273
48,90th_percentile_cluster,35.70212173461914
48,90th_percentile_cluster,34.238075256347656
48,90th_percentile_cluster,30.10832405090332
48,90th_percentile_cluster,29.622299194335938
48,90th_percentile_cluster,29.131540298461914
48,90th_percentile_cluster,26.597808837890625
48,90th_percentile_cluster,27.51980209350586
48,90th_percentile_cluster,29.296586990356445
48,90th_percentile_cluster,27.88213348388672
48,90th_percentile_cluster,28.273454666137695
48,90th_percentile_cluster,29.63301658630371
48,90th_percentile_cluster,31.676122665405273
48,90th_percentile_cluster,31.659053802490234
48,90th_percentile_cluster,30.15178108215332
48,90th_percentile_cluster,29.74393081665039
48,90th_percentile_cluster,29.469932556152344
48,90th_percentile_cluster,35.14026641845703
48,90th_percentile_cluster,29.52671241760254
48,90th_percentile_cluster,29.584197998046875
48,90th_percentile_cluster,27.24681854248047
48,90th_percentile_cluster,28.72771644592285
48,90th_percentile_cluster,25.992036819458008
48,90th_percentile_cluster,29.2552547454834
48,90th_percentile_cluster,32.411441802978516
48,90th_percentile_cluster,30.56211280822754
48,90th_percentile_cluster,29.480064392089844
48,90th_percentile_cluster,32.130767822265625
48,90th_percentile_cluster,31.542522430419922
48,90th_percentile_cluster,32.02323913574219
48,90th_percentile_cluster,33.576683044433594
48,90th_percentile_cluster,24.784547805786133
48,90th_percentile_cluster,32.420013427734375
48,90th_percentile_cluster,24.95705223083496
48,90th_percentile_cluster,26.665029525756836
48,90th_percentile_cluster,25.33484649658203
48,90th_percentile_cluster,28.285537719726562
48,90th_percentile_cluster,33.069549560546875
48,90th_percentile_cluster,29.359228134155273
48,90th_percentile_cluster,31.193269729614258
48,90th_percentile_cluster,33.20512771606445
48,90th_percentile_cluster,34.12282180786133
48,90th_percentile_cluster,24.70604133605957
48,90th_percentile_cluster,34.53273010253906
48,90th_percentile_cluster,31.227392196655273
48,90th_percentile_cluster,31.696977615356445
48,90th_percentile_cluster,28.851608276367188
48,90th_percentile_cluster,32.37535858154297
48,90th_percentile_cluster,32.01663589477539
48,90th_percentile_cluster,26.401365280151367
48,90th_percentile_cluster,33.54753112792969
48,90th_percentile_cluster,30.582509994506836
48,90th_percentile_cluster,24.735198974609375
48,90th_percentile_cluster,24.913726806640625
48,90th_percentile_cluster,25.969711303710938
48,90th_percentile_cluster,28.378110885620117
48,90th_percentile_cluster,24.941612243652344
48,90th_percentile_cluster,27.66520881652832
48,90th_percentile_cluster,25.2431697845459
48,90th_percentile_cluster,31.485334396362305
48,90th_percentile_cluster,31.745573043823242
48,90th_percentile_cluster,30.37940216064453
48,90th_percentile_cluster,28.5192813873291
48,90th_percentile_cluster,31.068279266357422
48,90th_percentile_cluster,32.44945526123047
48,90th_percentile_cluster,24.633508682250977
48,90th_percentile_cluster,24.417903900146484
48,90th_percentile_cluster,24.02857780456543
48,90th_percentile_cluster,35.45664978027344
48,90th_percentile_cluster,25.078689575195312
48,90th_percentile_cluster,33.73870086669922
48,90th_percentile_cluster,24.840898513793945
48,90th_percentile_cluster,24.712182998657227
48,90th_percentile_cluster,26.034225463867188
48,90th_percentile_cluster,32.490562438964844
48,90th_percentile_cluster,27.446805953979492
48,90th_percentile_cluster,33.47060775756836
48,90th_percentile_cluster,27.823572158813477
48,90th_percentile_cluster,33.46785354614258
48,90th_percentile_cluster,28.465038299560547
48,90th_percentile_cluster,32.53938674926758
48,90th_percentile_cluster,33.10202407836914
48,90th_percentile_cluster,29.724939346313477
48,90th_percentile_cluster,31.458444595336914
48,90th_percentile_cluster,33.232601165771484
48,90th_percentile_cluster,31.747095108032227
48,90th_percentile_cluster,28.10151481628418
48,90th_percentile_cluster,29.772781372070312
48,90th_percentile_cluster,29.96693229675293
48,90th_percentile_cluster,30.20296287536621
48,90th_percentile_cluster,24.804065704345703
48,90th_percentile_cluster,24.136219024658203
48,90th_percentile_cluster,31.004104614257812
48,90th_percentile_cluster,32.93735122680664
48,90th_percentile_cluster,24.278526306152344
48,90th_percentile_cluster,23.347810745239258
48,90th_percentile_cluster,32.94626998901367
48,90th_percentile_cluster,32.9283561706543
48,90th_percentile_cluster,32.461116790771484
48,90th_percentile_cluster,26.66618537902832
48,90th_percentile_cluster,25.11361312866211
48,90th_percentile_cluster,25.202560424804688
48,90th_percentile_cluster,27.950366973876953
48,90th_percentile_cluster,27.728073120117188
48,90th_percentile_cluster,27.47533416748047
48,90th_percentile_cluster,27.56949806213379
48,90th_percentile_cluster,30.407508850097656
48,90th_percentile_cluster,27.480926513671875
48,90th_percentile_cluster,24.96000099182129
48,90th_percentile_cluster,32.570804595947266
48,90th_percentile_cluster,29.296844482421875
48,90th_percentile_cluster,33.360774993896484
48,90th_percentile_cluster,28.835691452026367
48,90th_percentile_cluster,32.34104537963867
48,90th_percentile_cluster,31.313800811767578
48,90th_percentile_cluster,25.026870727539062
48,90th_percentile_cluster,30.506492614746094
48,90th_percentile_cluster,27.348562240600586
48,90th_percentile_cluster,32.2691535949707
48,90th_percentile_cluster,31.094961166381836
48,90th_percentile_cluster,31.544025421142578
48,90th_percentile_cluster,32.863380432128906
48,90th_percentile_cluster,33.174110412597656
48,90th_percentile_cluster,26.502531051635742
48,90th_percentile_cluster,31.377187728881836
48,90th_percentile_cluster,27.63274574279785
48,90th_percentile_cluster,33.359066009521484
48,90th_percentile_cluster,26.781917572021484
48,90th_percentile_cluster,32.950218200683594
48,90th_percentile_cluster,32.95549774169922
48,90th_percentile_cluster,29.89543342590332
48,90th_percentile_cluster,30.46929931640625
48,90th_percentile_cluster,25.90070343017578
48,90th_percentile_cluster,23.944568634033203
48,90th_percentile_cluster,25.724910736083984
48,90th_percentile_cluster,27.872766494750977
48,90th_percentile_cluster,31.265491485595703
48,90th_percentile_cluster,25.91153335571289
48,90th_percentile_cluster,28.837135314941406
48,90th_percentile_cluster,28.81501007080078
48,90th_percentile_cluster,31.937782287597656
48,90th_percentile_cluster,32.00020217895508
48,90th_percentile_cluster,33.69951629638672
48,90th_percentile_cluster,30.208999633789062
48,90th_percentile_cluster,28.67951774597168
48,90th_percentile_cluster,25.51757049560547
48,90th_percentile_cluster,27.02083396911621
48,90th_percentile_cluster,27.024669647216797
48,90th_percentile_cluster,28.650182723999023
48,90th_percentile_cluster,34.45170593261719
48,90th_percentile_cluster,31.414222717285156
48,90th_percentile_cluster,34.66923522949219
48,90th_percentile_cluster,33.46000671386719
48,90th_percentile_cluster,24.903499603271484
48,90th_percentile_cluster,32.99664306640625
48,90th_percentile_cluster,26.031578063964844
48,90th_percentile_cluster,31.899211883544922
48,90th_percentile_cluster,32.09691619873047
48,90th_percentile_cluster,24.952796936035156
48,90th_percentile_cluster,28.691082000732422
48,90th_percentile_cluster,27.253196716308594
48,90th_percentile_cluster,30.09506607055664
48,90th_percentile_cluster,26.98322105407715
48,90th_percentile_cluster,28.406862258911133
48,90th_percentile_cluster,31.305742263793945
48,90th_percentile_cluster,30.38604164123535
48,90th_percentile_cluster,30.037006378173828
48,90th_percentile_cluster,28.01328468322754
48,90th_percentile_cluster,31.885656356811523
48,90th_percentile_cluster,31.9107608795166
48,90th_percentile_cluster,33.93592834472656
48,90th_percentile_cluster,25.76232147216797
48,90th_percentile_cluster,25.235172271728516
48,90th_percentile_cluster,26.689334869384766
48,90th_percentile_cluster,24.351245880126953
48,90th_percentile_cluster,26.832242965698242
48,90th_percentile_cluster,34.43038558959961
48,90th_percentile_cluster,27.11362648010254
48,90th_percentile_cluster,29.137060165405273
48,90th_percentile_cluster,31.02747344970703
48,90th_percentile_cluster,31.142202377319336
48,90th_percentile_cluster,33.13499069213867
48,90th_percentile_cluster,33.49956130981445
48,90th_percentile_cluster,27.38920021057129
48,90th_percentile_cluster,29.00719451904297
48,90th_percentile_cluster,33.411678314208984
48,90th_percentile_cluster,30.39529800415039
48,90th_percentile_cluster,28.392963409423828
48,90th_percentile_cluster,26.513612747192383
48,90th_percentile_cluster,24.926618576049805
48,90th_percentile_cluster,26.499176025390625
48,90th_percentile_cluster,33.89186477661133
48,90th_percentile_cluster,28.898256301879883
48,90th_percentile_cluster,27.835479736328125
48,90th_percentile_cluster,28.699737548828125
48,90th_percentile_cluster,31.57762336730957
48,90th_percentile_cluster,33.77725601196289
48,90th_percentile_cluster,33.882049560546875
48,90th_percentile_cluster,27.338485717773438
48,90th_percentile_cluster,24.68064308166504
48,90th_percentile_cluster,32.58238983154297
48,90th_percentile_cluster,29.807424545288086
48,90th_percentile_cluster,23.47064971923828
48,90th_percentile_cluster,26.104904174804688
48,90th_percentile_cluster,27.339885711669922
48,90th_percentile_cluster,25.657583236694336
48,90th_percentile_cluster,28.350006103515625
48,90th_percentile_cluster,29.223424911499023
48,90th_percentile_cluster,33.92964553833008
48,90th_percentile_cluster,27.323741912841797
48,90th_percentile_cluster,25.71076011657715
48,90th_percentile_cluster,28.711305618286133
48,90th_percentile_cluster,23.86945915222168
48,90th_percentile_cluster,24.358266830444336
48,90th_percentile_cluster,29.549863815307617
48,90th_percentile_cluster,29.162202835083008
48,90th_percentile_cluster,27.51816177368164
48,90th_percentile_cluster,24.906452178955078
48,90th_percentile_cluster,24.20237159729004
48,90th_percentile_cluster,28.452566146850586
48,90th_percentile_cluster,25.09721565246582
48,90th_percentile_cluster,27.201440811157227
48,90th_percentile_cluster,33.40830993652344
48,90th_percentile_cluster,29.47519874572754
48,90th_percentile_cluster,30.402114868164062
48,90th_percentile_cluster,24.39501953125
48,90th_percentile_cluster,31.639392852783203
48,90th_percentile_cluster,34.1481819152832
48,90th_percentile_cluster,29.25037956237793
48,90th_percentile_cluster,24.83498191833496
48,90th_percentile_cluster,29.84496307373047
48,90th_percentile_cluster,28.95482635498047
48,90th_percentile_cluster,30.100317001342773
48,90th_percentile_cluster,32.02302551269531
48,90th_percentile_cluster,28.296945571899414
48,90th_percentile_cluster,27.56639862060547
48,90th_percentile_cluster,25.495180130004883
48,90th_percentile_cluster,29.88041114807129
48,90th_percentile_cluster,32.85647201538086
48,90th_percentile_cluster,30.482463836669922
48,90th_percentile_cluster,29.367822647094727
48,90th_percentile_cluster,25.5294246673584
48,90th_percentile_cluster,28.42030906677246
48,90th_percentile_cluster,31.307781219482422
48,90th_percentile_cluster,30.86514663696289
48,90th_percentile_cluster,27.925235748291016
48,90th_percentile_cluster,25.44890785217285
48,90th_percentile_cluster,28.072856903076172
48,90th_percentile_cluster,25.17810821533203
48,90th_percentile_cluster,28.49600601196289
48,90th_percentile_cluster,32.514095306396484
48,90th_percentile_cluster,33.67949295043945
48,90th_percentile_cluster,28.773174285888672
48,90th_percentile_cluster,33.56626892089844
48,90th_percentile_cluster,27.067018508911133
48,90th_percentile_cluster,26.855104446411133
48,90th_percentile_cluster,23.477880477905273
48,90th_percentile_cluster,27.451932907104492
48,90th_percentile_cluster,32.523193359375
48,90th_percentile_cluster,30.4739933013916
48,90th_percentile_cluster,32.722900390625
48,90th_percentile_cluster,26.438720703125
48,90th_percentile_cluster,28.173616409301758
48,90th_percentile_cluster,32.448646545410156
48,90th_percentile_cluster,32.14558792114258
48,90th_percentile_cluster,26.390363693237305
48,90th_percentile_cluster,32.98051834106445
48,90th_percentile_cluster,30.71674919128418
48,90th_percentile_cluster,32.66257858276367
48,90th_percentile_cluster,24.494272232055664
48,90th_percentile_cluster,30.20697593688965
48,90th_percentile_cluster,33.912410736083984
48,90th_percentile_cluster,30.791067123413086
48,90th_percentile_cluster,27.133392333984375
48,90th_percentile_cluster,30.383808135986328
48,90th_percentile_cluster,28.0947208404541
48,90th_percentile_cluster,31.793352127075195
48,90th_percentile_cluster,29.168888092041016
48,90th_percentile_cluster,33.01509475708008
48,90th_percentile_cluster,24.347267150878906
48,90th_percentile_cluster,24.181482315063477
48,90th_percentile_cluster,32.70888900756836
48,90th_percentile_cluster,28.759496688842773
48,90th_percentile_cluster,27.0379695892334
48,90th_percentile_cluster,31.084213256835938
48,90th_percentile_cluster,28.214431762695312
48,90th_percentile_cluster,26.999269485473633
48,90th_percentile_cluster,29.025440216064453
48,90th_percentile_cluster,29.292978286743164
48,90th_percentile_cluster,28.079734802246094
48,90th_percentile_cluster,28.915180206298828
48,90th_percentile_cluster,28.19205665588379
48,90th_percentile_cluster,28.192588806152344
48,90th_percentile_cluster,28.001951217651367
48,90th_percentile_cluster,31.845447540283203
48,90th_percentile_cluster,30.83718490600586
48,90th_percentile_cluster,26.184772491455078
48,90th_percentile_cluster,28.137920379638672
48,90th_percentile_cluster,28.322391510009766
48,90th_percentile_cluster,31.59654426574707
48,90th_percentile_cluster,24.689558029174805
48,90th_percentile_cluster,34.18949508666992
48,90th_percentile_cluster,23.845516204833984
48,90th_percentile_cluster,32.47569274902344
48,90th_percentile_cluster,30.078704833984375
48,90th_percentile_cluster,30.237106323242188
48,90th_percentile_cluster,33.12668228149414
48,90th_percentile_cluster,31.079479217529297
48,90th_percentile_cluster,27.117481231689453
48,90th_percentile_cluster,28.57935333251953
48,90th_percentile_cluster,27.541093826293945
48,90th_percentile_cluster,31.713706970214844
48,90th_percentile_cluster,31.03447151184082
48,90th_percentile_cluster,25.74114990234375
48,90th_percentile_cluster,30.713422775268555
48,90th_percentile_cluster,30.322336196899414
48,90th_percentile_cluster,24.710655212402344
48,90th_percentile_cluster,34.116302490234375
48,90th_percentile_cluster,33.72693634033203
48,90th_percentile_cluster,30.025232315063477
48,90th_percentile_cluster,33.62837219238281
48,90th_percentile_cluster,25.031423568725586
48,90th_percentile_cluster,25.916399002075195
48,90th_percentile_cluster,30.96002769470215
48,90th_percentile_cluster,29.10260009765625
48,90th_percentile_cluster,32.41504669189453
48,90th_percentile_cluster,29.557523727416992
48,90th_percentile_cluster,25.083032608032227
48,90th_percentile_cluster,34.17578887939453
48,90th_percentile_cluster,32.2009391784668
48,90th_percentile_cluster,29.361482620239258
48,90th_percentile_cluster,30.472196578979492
48,90th_percentile_cluster,33.94585037231445
48,90th_percentile_cluster,24.90852165222168
48,90th_percentile_cluster,27.001998901367188
48,90th_percentile_cluster,28.647005081176758
48,90th_percentile_cluster,29.291351318359375
48,90th_percentile_cluster,30.97261619567871
48,90th_percentile_cluster,26.66782569885254
48,90th_percentile_cluster,33.48537826538086
48,90th_percentile_cluster,30.89360809326172
48,90th_percentile_cluster,34.14430236816406
48,90th_percentile_cluster,26.64016342163086
48,90th_percentile_cluster,24.562471389770508
48,90th_percentile_cluster,27.894573211669922
48,90th_percentile_cluster,33.39982986450195
48,90th_percentile_cluster,24.25286865234375
48,90th_percentile_cluster,28.615314483642578
48,90th_percentile_cluster,25.556167602539062
48,90th_percentile_cluster,32.16852569580078
48,90th_percentile_cluster,36.27019119262695
48,90th_percentile_cluster,33.42091751098633
48,90th_percentile_cluster,27.681074142456055
48,90th_percentile_cluster,27.655683517456055
48,90th_percentile_cluster,31.876506805419922
48,90th_percentile_cluster,34.60791015625
48,90th_percentile_cluster,25.002830505371094
48,90th_percentile_cluster,32.89863204956055
48,90th_percentile_cluster,30.42759895324707
48,90th_percentile_cluster,32.75373840332031
48,90th_percentile_cluster,28.620697021484375
48,90th_percentile_cluster,28.490890502929688
48,90th_percentile_cluster,26.193601608276367
48,90th_percentile_cluster,32.21614074707031
48,90th_percentile_cluster,25.73906707763672
48,90th_percentile_cluster,28.800432205200195
48,90th_percentile_cluster,27.70970916748047
48,90th_percentile_cluster,26.232484817504883
48,90th_percentile_cluster,33.754573822021484
48,90th_percentile_cluster,32.43158721923828
48,90th_percentile_cluster,30.678466796875
48,90th_percentile_cluster,24.920616149902344
48,90th_percentile_cluster,26.801122665405273
48,90th_percentile_cluster,27.085752487182617
48,90th_percentile_cluster,33.641387939453125
48,90th_percentile_cluster,29.029285430908203
48,90th_percentile_cluster,24.860734939575195
48,90th_percentile_cluster,27.53162384033203
48,90th_percentile_cluster,26.88925552368164
48,90th_percentile_cluster,28.08423614501953
48,90th_percentile_cluster,29.027568817138672
48,90th_percentile_cluster,33.38725280761719
48,90th_percentile_cluster,32.1083869934082
48,90th_percentile_cluster,33.99848175048828
48,90th_percentile_cluster,31.2767276763916
48,90th_percentile_cluster,26.712018966674805
48,90th_percentile_cluster,23.71671485900879
48,90th_percentile_cluster,32.1870002746582
48,90th_percentile_cluster,23.712156295776367
48,90th_percentile_cluster,30.719097137451172
48,90th_percentile_cluster,26.099855422973633
48,90th_percentile_cluster,31.794509887695312
48,90th_percentile_cluster,34.249595642089844
48,90th_percentile_cluster,33.794471740722656
48,90th_percentile_cluster,29.668668746948242
48,90th_percentile_cluster,31.486133575439453
48,90th_percentile_cluster,30.381820678710938
48,90th_percentile_cluster,28.22353172302246
48,90th_percentile_cluster,27.965858459472656
48,90th_percentile_cluster,29.486774444580078
48,90th_percentile_cluster,35.31278991699219
48,90th_percentile_cluster,31.401926040649414
48,90th_percentile_cluster,24.204147338867188
48,90th_percentile_cluster,26.116689682006836
48,90th_percentile_cluster,24.368663787841797
48,90th_percentile_cluster,32.24826431274414
48,90th_percentile_cluster,30.735363006591797
48,90th_percentile_cluster,32.46968078613281
48,90th_percentile_cluster,31.975133895874023
48,90th_percentile_cluster,28.702537536621094
48,90th_percentile_cluster,27.605060577392578
48,90th_percentile_cluster,27.404653549194336
48,90th_percentile_cluster,28.31319808959961
48,90th_percentile_cluster,31.414884567260742
48,90th_percentile_cluster,31.070789337158203
48,90th_percentile_cluster,32.892295837402344
48,90th_percentile_cluster,29.620038986206055
48,90th_percentile_cluster,28.969053268432617
48,90th_percentile_cluster,27.539684295654297
48,90th_percentile_cluster,33.38275909423828
48,90th_percentile_cluster,30.27901840209961
48,90th_percentile_cluster,29.132564544677734
48,90th_percentile_cluster,34.483489990234375
48,90th_percentile_cluster,22.58652114868164
48,90th_percentile_cluster,25.418058395385742
48,90th_percentile_cluster,27.327632904052734
48,90th_percentile_cluster,29.659639358520508
48,90th_percentile_cluster,25.061471939086914
48,90th_percentile_cluster,32.336585998535156
48,90th_percentile_cluster,32.266357421875
48,90th_percentile_cluster,26.835512161254883
48,90th_percentile_cluster,28.969257354736328
48,90th_percentile_cluster,31.356870651245117
48,90th_percentile_cluster,26.21920394897461
48,90th_percentile_cluster,34.21186065673828
48,90th_percentile_cluster,32.32954025268555
48,90th_percentile_cluster,30.12834930419922
48,90th_percentile_cluster,27.6611270904541
48,90th_percentile_cluster,30.277708053588867
48,90th_percentile_cluster,33.06138229370117
48,90th_percentile_cluster,33.926002502441406
48,90th_percentile_cluster,35.022701263427734
48,90th_percentile_cluster,26.285390853881836
48,90th_percentile_cluster,33.07710647583008
48,90th_percentile_cluster,26.326711654663086
48,90th_percentile_cluster,26.922260284423828
48,90th_percentile_cluster,33.5795783996582
48,90th_percentile_cluster,33.92356491088867
48,90th_percentile_cluster,27.214162826538086
48,90th_percentile_cluster,27.289634704589844
48,90th_percentile_cluster,32.417850494384766
48,90th_percentile_cluster,26.159069061279297
48,90th_percentile_cluster,27.84014892578125
48,90th_percentile_cluster,25.701807022094727
48,90th_percentile_cluster,32.773155212402344
48,90th_percentile_cluster,28.502338409423828
48,90th_percentile_cluster,25.56591033935547
48,90th_percentile_cluster,25.028627395629883
48,90th_percentile_cluster,29.675559997558594
48,90th_percentile_cluster,27.744077682495117
48,90th_percentile_cluster,31.568044662475586
48,90th_percentile_cluster,34.755958557128906
48,90th_percentile_cluster,31.42555046081543
48,90th_percentile_cluster,28.66756248474121
48,90th_percentile_cluster,29.046615600585938
48,90th_percentile_cluster,27.591463088989258
48,90th_percentile_cluster,33.010475158691406
48,90th_percentile_cluster,28.242847442626953
48,90th_percentile_cluster,23.804658889770508
48,90th_percentile_cluster,25.80138397216797
48,90th_percentile_cluster,33.55301284790039
48,90th_percentile_cluster,26.564661026000977
48,90th_percentile_cluster,23.795190811157227
48,90th_percentile_cluster,34.37540054321289
48,90th_percentile_cluster,33.217411041259766
48,90th_percentile_cluster,26.153614044189453
48,90th_percentile_cluster,27.106685638427734
48,90th_percentile_cluster,30.89728546142578
48,90th_percentile_cluster,27.319549560546875
48,90th_percentile_cluster,30.748485565185547
48,90th_percentile_cluster,31.81493377685547
48,90th_percentile_cluster,29.916181564331055
48,90th_percentile_cluster,30.45102310180664
48,90th_percentile_cluster,33.61927795410156
48,90th_percentile_cluster,29.627944946289062
48,90th_percentile_cluster,23.976869583129883
48,90th_percentile_cluster,26.7152099609375
48,90th_percentile_cluster,29.676706314086914
48,90th_percentile_cluster,32.5802116394043
48,90th_percentile_cluster,24.349454879760742
48,90th_percentile_cluster,28.933391571044922
48,90th_percentile_cluster,27.05841636657715
48,90th_percentile_cluster,25.3780517578125
48,90th_percentile_cluster,31.443410873413086
48,90th_percentile_cluster,31.568689346313477
48,90th_percentile_cluster,25.095848083496094
48,90th_percentile_cluster,30.80362892150879
48,90th_percentile_cluster,32.58475112915039
48,90th_percentile_cluster,24.470205307006836
48,90th_percentile_cluster,30.992156982421875
48,90th_percentile_cluster,24.099262237548828
48,90th_percentile_cluster,31.92470359802246
48,90th_percentile_cluster,31.146759033203125
48,90th_percentile_cluster,25.34198760986328
48,90th_percentile_cluster,24.871448516845703
48,90th_percentile_cluster,31.962417602539062
48,90th_percentile_cluster,26.142770767211914
48,90th_percentile_cluster,28.028112411499023
48,90th_percentile_cluster,24.764188766479492
48,90th_percentile_cluster,27.91206932067871
48,90th_percentile_cluster,32.84917068481445
48,90th_percentile_cluster,27.20684242248535
48,90th_percentile_cluster,31.61579132080078
48,90th_percentile_cluster,31.558582305908203
48,90th_percentile_cluster,27.163314819335938
48,90th_percentile_cluster,31.62431526184082
48,90th_percentile_cluster,24.897632598876953
48,90th_percentile_cluster,32.912174224853516
48,90th_percentile_cluster,29.102535247802734
48,90th_percentile_cluster,28.975936889648438
48,90th_percentile_cluster,30.085662841796875
48,90th_percentile_cluster,29.676895141601562
48,90th_percentile_cluster,28.447612762451172
48,90th_percentile_cluster,23.770843505859375
48,90th_percentile_cluster,32.395145416259766
48,90th_percentile_cluster,29.704113006591797
48,90th_percentile_cluster,28.463781356811523
48,90th_percentile_cluster,30.05406379699707
48,90th_percentile_cluster,31.959304809570312
48,90th_percentile_cluster,26.39434814453125
48,90th_percentile_cluster,30.188222885131836
48,90th_percentile_cluster,31.933589935302734
48,90th_percentile_cluster,33.27120590209961
48,90th_percentile_cluster,26.97551155090332
48,90th_percentile_cluster,29.063987731933594
48,90th_percentile_cluster,27.710824966430664
48,90th_percentile_cluster,31.624095916748047
48,90th_percentile_cluster,29.073068618774414
48,90th_percentile_cluster,32.72383117675781
48,90th_percentile_cluster,27.02515411376953
48,90th_percentile_cluster,27.450740814208984
48,90th_percentile_cluster,27.56295394897461
48,90th_percentile_cluster,29.35272979736328
48,90th_percentile_cluster,34.556114196777344
48,90th_percentile_cluster,25.759143829345703
48,90th_percentile_cluster,29.395776748657227
48,90th_percentile_cluster,25.247060775756836
48,90th_percentile_cluster,32.70574188232422
48,90th_percentile_cluster,24.48539924621582
48,90th_percentile_cluster,29.27167320251465
48,90th_percentile_cluster,27.606155395507812
48,90th_percentile_cluster,32.86076736450195
48,90th_percentile_cluster,25.050491333007812
48,90th_percentile_cluster,30.1523380279541
48,90th_percentile_cluster,28.263830184936523
48,90th_percentile_cluster,31.393566131591797
48,90th_percentile_cluster,33.84906005859375
48,90th_percentile_cluster,33.560367584228516
48,90th_percentile_cluster,34.1718635559082
48,90th_percentile_cluster,27.93433380126953
48,90th_percentile_cluster,28.722869873046875
48,90th_percentile_cluster,33.97621154785156
48,90th_percentile_cluster,27.35249137878418
48,90th_percentile_cluster,28.364957809448242
48,90th_percentile_cluster,24.533843994140625
48,90th_percentile_cluster,35.27960968017578
48,90th_percentile_cluster,25.720006942749023
48,90th_percentile_cluster,28.83816146850586
48,90th_percentile_cluster,30.45072364807129
48,90th_percentile_cluster,25.12291145324707
48,90th_percentile_cluster,31.970035552978516
48,90th_percentile_cluster,25.0902099609375
48,90th_percentile_cluster,25.613651275634766
48,90th_percentile_cluster,30.133161544799805
48,90th_percentile_cluster,31.69640350341797
48,90th_percentile_cluster,30.355695724487305
48,90th_percentile_cluster,25.95578956604004
48,90th_percentile_cluster,26.563928604125977
48,90th_percentile_cluster,29.11760902404785
48,90th_percentile_cluster,27.087627410888672
48,90th_percentile_cluster,25.748733520507812
48,90th_percentile_cluster,28.722427368164062
48,90th_percentile_cluster,26.58919906616211
48,90th_percentile_cluster,30.97581672668457
48,90th_percentile_cluster,25.690494537353516
48,90th_percentile_cluster,33.78851318359375
48,90th_percentile_cluster,31.184463500976562
48,90th_percentile_cluster,29.727035522460938
48,90th_percentile_cluster,32.81342697143555
48,90th_percentile_cluster,31.12775421142578
48,90th_percentile_cluster,25.938920974731445
48,90th_percentile_cluster,30.049903869628906
48,90th_percentile_cluster,26.990671157836914
48,90th_percentile_cluster,34.3747444152832
48,90th_percentile_cluster,29.992843627929688
48,90th_percentile_cluster,33.81107711791992
48,90th_percentile_cluster,32.76406478881836
48,90th_percentile_cluster,27.528905868530273
48,90th_percentile_cluster,24.594329833984375
48,90th_percentile_cluster,35.013458251953125
48,90th_percentile_cluster,28.622594833374023
48,90th_percentile_cluster,27.271377563476562
48,90th_percentile_cluster,27.318506240844727
48,90th_percentile_cluster,26.460771560668945
48,90th_percentile_cluster,27.292936325073242
48,90th_percentile_cluster,29.5654354095459
48,90th_percentile_cluster,33.73188018798828
48,90th_percentile_cluster,26.63764762878418
48,90th_percentile_cluster,30.93981170654297
48,90th_percentile_cluster,24.008708953857422
48,90th_percentile_cluster,30.291122436523438
48,90th_percentile_cluster,35.29999542236328
48,90th_percentile_cluster,32.58903121948242
48,90th_percentile_cluster,31.00766944885254
48,90th_percentile_cluster,33.97469711303711
48,90th_percentile_cluster,28.739429473876953
48,90th_percentile_cluster,26.234222412109375
48,90th_percentile_cluster,34.27920150756836
48,90th_percentile_cluster,29.090866088867188
48,90th_percentile_cluster,26.627714157104492
48,90th_percentile_cluster,34.3204460144043
48,90th_percentile_cluster,30.526168823242188
48,90th_percentile_cluster,25.232397079467773
48,90th_percentile_cluster,28.678524017333984
48,90th_percentile_cluster,30.291471481323242
48,90th_percentile_cluster,28.5534725189209
48,90th_percentile_cluster,29.702363967895508
48,90th_percentile_cluster,25.626293182373047
48,90th_percentile_cluster,28.233295440673828
48,90th_percentile_cluster,28.48103904724121
48,90th_percentile_cluster,27.713468551635742
48,90th_percentile_cluster,26.585439682006836
48,90th_percentile_cluster,29.512977600097656
48,90th_percentile_cluster,27.0986328125
48,90th_percentile_cluster,32.37150955200195
48,90th_percentile_cluster,27.718524932861328
48,90th_percentile_cluster,28.72981071472168
48,90th_percentile_cluster,32.297210693359375
48,90th_percentile_cluster,28.315052032470703
48,90th_percentile_cluster,26.287878036499023
48,90th_percentile_cluster,27.76921844482422
48,90th_percentile_cluster,27.520626068115234
48,90th_percentile_cluster,29.646121978759766
48,90th_percentile_cluster,29.948095321655273
48,90th_percentile_cluster,34.29418182373047
48,90th_percentile_cluster,27.816925048828125
48,90th_percentile_cluster,29.62327003479004
48,90th_percentile_cluster,34.96612548828125
48,90th_percentile_cluster,33.30282211303711
48,90th_percentile_cluster,32.631187438964844
48,90th_percentile_cluster,33.631649017333984
48,90th_percentile_cluster,32.115787506103516
48,90th_percentile_cluster,28.806291580200195
48,90th_percentile_cluster,33.70393753051758
48,90th_percentile_cluster,30.1581974029541
48,90th_percentile_cluster,28.98567771911621
48,90th_percentile_cluster,24.76017951965332
48,90th_percentile_cluster,30.080638885498047
48,90th_percentile_cluster,29.999523162841797
48,90th_percentile_cluster,34.53011703491211
48,90th_percentile_cluster,35.822139739990234
48,90th_percentile_cluster,26.615816116333008
48,90th_percentile_cluster,30.415651321411133
48,90th_percentile_cluster,32.941184997558594
48,90th_percentile_cluster,30.280134201049805
48,90th_percentile_cluster,33.076908111572266
48,90th_percentile_cluster,25.01275062561035
48,90th_percentile_cluster,34.4276237487793
48,90th_percentile_cluster,33.10414123535156
48,90th_percentile_cluster,32.042930603027344
48,90th_percentile_cluster,25.566448211669922
48,90th_percentile_cluster,29.439655303955078
48,90th_percentile_cluster,32.0766716003418
48,90th_percentile_cluster,30.89982795715332
48,90th_percentile_cluster,28.256616592407227
48,90th_percentile_cluster,29.789878845214844
48,90th_percentile_cluster,31.847396850585938
48,90th_percentile_cluster,29.213134765625
48,90th_percentile_cluster,32.71781539916992
48,90th_percentile_cluster,33.830223083496094
48,90th_percentile_cluster,34.5235595703125
48,90th_percentile_cluster,31.980735778808594
48,90th_percentile_cluster,27.305593490600586
