cluster_global_id,x
45,27.307315826416016
45,28.500486373901367
45,24.819969177246094
45,29.066476821899414
45,26.739076614379883
45,28.165281295776367
45,26.080806732177734
45,29.577375411987305
45,33.725555419921875
45,26.866931915283203
45,31.214466094970703
45,24.919940948486328
45,25.71909523010254
45,26.802947998046875
45,33.11278533935547
45,29.23847007751465
45,27.38164520263672
45,33.420475006103516
45,28.216787338256836
45,27.981613159179688
45,25.283205032348633
45,32.56965255737305
45,26.589519500732422
45,27.14512062072754
45,27.014921188354492
45,32.73958206176758
45,27.573841094970703
45,28.532169342041016
45,26.090147018432617
45,34.902095794677734
45,24.520030975341797
45,33.74372863769531
45,28.33990478515625
45,28.4492244720459
45,26.4111328125
45,31.480201721191406
45,33.32835388183594
45,25.116788864135742
45,27.48321533203125
45,29.21710777282715
45,34.119834899902344
45,31.446346282958984
45,30.448265075683594
45,28.195846557617188
45,32.251609802246094
45,31.530620574951172
45,32.6749267578125
45,34.13494110107422
45,23.89248275756836
45,28.71304702758789
45,34.61758041381836
45,30.3752384185791
45,31.295848846435547
45,25.358299255371094
45,32.106048583984375
45,24.27753257751465
45,27.185894012451172
45,25.311790466308594
45,25.6375732421875
45,31.510469436645508
45,31.746562957763672
45,29.392070770263672
45,26.761518478393555
45,32.956024169921875
45,24.50947380065918
45,30.527992248535156
45,28.455656051635742
45,33.21869659423828
45,28.816940307617188
45,29.104631423950195
45,26.94966697692871
45,33.84457015991211
45,24.618999481201172
45,33.55768966674805
45,28.48140525817871
45,24.71929359436035
45,29.98612403869629
45,25.686872482299805
45,32.00020980834961
45,26.805749893188477
45,28.135669708251953
45,28.18233299255371
45,32.4300651550293
45,28.857505798339844
45,25.205812454223633
45,28.47035789489746
45,31.81839370727539
45,34.4268913269043
45,28.814210891723633
45,24.169170379638672
45,33.857574462890625
45,23.95699691772461
45,33.55541229248047
45,29.891481399536133
45,24.809532165527344
45,28.391448974609375
45,30.39130973815918
45,31.026344299316406
45,26.864219665527344
45,28.076862335205078
45,27.422531127929688
45,32.25932312011719
45,25.582286834716797
45,29.997270584106445
45,24.95171546936035
45,33.596893310546875
45,27.095993041992188
45,33.912086486816406
45,26.04218101501465
45,31.146060943603516
45,33.10483932495117
45,29.06774139404297
45,29.016992568969727
45,27.429195404052734
45,24.028499603271484
45,33.435890197753906
45,33.755775451660156
45,27.314523696899414
45,31.557647705078125
45,30.010971069335938
45,28.063688278198242
45,29.306276321411133
45,25.250356674194336
45,29.673294067382812
45,29.892826080322266
45,26.929458618164062
45,29.742015838623047
45,24.267017364501953
45,28.927011489868164
45,27.368328094482422
45,31.222949981689453
45,24.500560760498047
45,33.737586975097656
45,33.27604675292969
45,25.91944694519043
45,29.31429672241211
45,32.34230422973633
45,33.10115432739258
45,31.20897102355957
45,25.525848388671875
45,30.41999053955078
45,25.011661529541016
45,33.836761474609375
45,29.323938369750977
45,27.641252517700195
45,25.44846534729004
45,33.75160598754883
45,31.923633575439453
45,33.29124450683594
45,29.827089309692383
45,27.73499870300293
45,33.34633255004883
45,24.53179168701172
45,28.892662048339844
45,32.98890686035156
45,30.461023330688477
45,30.635927200317383
45,24.818984985351562
45,28.30312728881836
45,30.97036361694336
45,24.88793182373047
45,32.04405975341797
45,30.693349838256836
45,27.744874954223633
45,32.39847183227539
45,29.327362060546875
45,33.214988708496094
45,32.0054931640625
45,28.040014266967773
45,24.188579559326172
45,33.11995315551758
45,27.61044692993164
45,32.01417541503906
45,35.064208984375
45,26.48676872253418
45,26.513355255126953
45,30.872446060180664
45,24.29127311706543
45,31.81431770324707
45,33.31061935424805
45,32.356197357177734
45,28.705297470092773
45,27.80661964416504
45,33.25776290893555
45,30.087392807006836
45,32.43760681152344
45,25.850666046142578
45,34.347015380859375
45,28.852779388427734
45,31.02066421508789
45,32.78507995605469
45,32.53273010253906
45,24.64392852783203
45,32.69275665283203
45,32.09239959716797
45,31.157798767089844
45,29.4282169342041
45,33.242122650146484
45,28.919498443603516
45,28.900070190429688
45,26.376230239868164
45,30.94373321533203
45,29.8898983001709
45,29.201128005981445
45,31.382829666137695
45,27.680465698242188
45,32.839561462402344
45,27.91262435913086
45,28.508953094482422
45,31.039344787597656
45,29.704666137695312
45,34.30349349975586
45,27.96440315246582
45,29.433198928833008
45,25.311052322387695
45,24.90908432006836
45,33.13823699951172
45,25.831989288330078
45,24.780067443847656
45,25.508831024169922
45,29.03799819946289
45,24.140554428100586
45,30.310407638549805
45,33.499839782714844
45,28.815771102905273
45,24.1527042388916
45,28.758602142333984
45,33.01472473144531
45,33.98067855834961
45,32.167545318603516
45,26.749820709228516
45,32.44690704345703
45,28.870609283447266
45,29.510345458984375
45,25.057640075683594
45,31.16656494140625
45,26.951169967651367
45,30.49873161315918
45,29.266071319580078
45,26.48878288269043
45,30.87052345275879
45,31.506458282470703
45,27.421661376953125
45,29.317176818847656
45,30.201934814453125
45,29.91594123840332
45,29.12932586669922
45,34.486656188964844
45,25.56049346923828
45,31.341188430786133
45,24.62672233581543
45,31.12187957763672
45,28.2020263671875
45,29.350595474243164
45,28.137815475463867
45,26.0821590423584
45,28.389850616455078
45,30.726638793945312
45,34.4210090637207
45,32.499977111816406
45,33.08724594116211
45,29.80669403076172
45,25.713871002197266
45,26.279075622558594
45,33.646759033203125
45,24.546798706054688
45,33.61347961425781
45,25.052326202392578
45,32.631500244140625
45,28.221969604492188
45,23.93327522277832
45,35.40569305419922
45,27.260629653930664
45,26.699195861816406
45,32.39201736450195
45,31.787675857543945
45,25.119680404663086
45,31.093002319335938
45,32.599571228027344
45,24.051586151123047
45,24.776031494140625
45,30.570493698120117
45,27.81839370727539
45,32.8782958984375
45,33.297637939453125
45,24.3597354888916
45,28.490915298461914
45,33.59315490722656
45,27.3526611328125
45,25.120197296142578
45,31.20568084716797
45,25.08603286743164
45,27.770280838012695
45,28.016328811645508
45,28.38991928100586
45,28.47271728515625
45,22.66632843017578
45,26.995450973510742
45,33.974552154541016
45,32.32410430908203
45,26.496042251586914
45,33.302555084228516
45,31.050125122070312
45,28.092750549316406
45,24.455476760864258
45,31.97397804260254
45,33.12155532836914
45,24.82316017150879
45,32.841304779052734
45,27.36082649230957
45,32.95401382446289
45,32.0886116027832
45,32.46733093261719
45,31.906925201416016
45,31.20904541015625
45,34.74370574951172
45,23.80734634399414
45,25.833171844482422
45,32.730709075927734
45,27.152942657470703
45,25.236459732055664
45,27.318233489990234
45,33.02412414550781
45,32.80901336669922
45,34.755062103271484
45,27.542348861694336
45,29.524534225463867
45,25.15784454345703
45,27.075326919555664
45,24.63033103942871
45,28.62013053894043
45,26.976736068725586
45,33.115997314453125
45,27.57876205444336
45,28.592809677124023
45,25.073034286499023
45,32.43815612792969
45,35.84318161010742
45,28.1817569732666
45,30.120983123779297
45,31.925819396972656
45,26.615659713745117
45,26.34186363220215
45,26.313669204711914
45,31.155391693115234
45,28.385818481445312
45,28.338499069213867
45,24.242984771728516
45,33.44691467285156
45,31.454198837280273
45,26.67501449584961
45,32.92341613769531
45,34.63871765136719
45,25.044374465942383
45,28.279020309448242
45,29.570205688476562
45,24.32497787475586
45,31.108356475830078
45,34.66371154785156
45,30.547134399414062
45,27.346385955810547
45,28.819595336914062
45,31.796987533569336
45,23.89529037475586
45,30.011455535888672
45,32.943946838378906
45,33.20292663574219
45,26.356403350830078
45,26.640262603759766
45,34.021507263183594
45,31.07360076904297
45,29.496007919311523
45,27.980571746826172
45,26.847455978393555
45,24.169191360473633
45,30.585237503051758
45,27.949413299560547
45,29.80438995361328
45,33.426475524902344
45,33.588111877441406
45,28.305551528930664
45,29.27804946899414
45,24.91162109375
45,32.09683609008789
45,29.578960418701172
45,30.521617889404297
45,29.892099380493164
45,26.389127731323242
45,28.374496459960938
45,28.933317184448242
45,27.640634536743164
45,24.22283935546875
45,29.361804962158203
45,29.738433837890625
45,30.23069953918457
45,28.672548294067383
45,32.42172622680664
45,32.77638626098633
45,27.33467674255371
45,28.7159481048584
45,28.057823181152344
45,26.698476791381836
45,24.73149299621582
45,31.403688430786133
45,27.246660232543945
45,25.371490478515625
45,24.215862274169922
45,28.508102416992188
45,27.83068084716797
45,32.72089385986328
45,33.728729248046875
45,24.693424224853516
45,31.388504028320312
45,29.038007736206055
45,28.56911849975586
45,33.149925231933594
45,31.357046127319336
45,24.980972290039062
45,26.696077346801758
45,25.11119270324707
45,33.272220611572266
45,33.508216857910156
45,24.152429580688477
45,27.447973251342773
45,27.674379348754883
45,31.845062255859375
45,33.47443389892578
45,29.524362564086914
45,28.618284225463867
45,32.81877136230469
45,28.012683868408203
45,35.24475860595703
45,30.584495544433594
45,33.475460052490234
45,27.833026885986328
45,26.98456382751465
45,27.3769474029541
45,33.8681640625
45,27.764041900634766
45,24.622106552124023
45,34.9739875793457
45,27.904150009155273
45,27.597381591796875
45,27.804479598999023
45,26.624923706054688
45,24.669401168823242
45,27.75524139404297
45,31.39321517944336
45,27.91612434387207
45,24.357852935791016
45,23.665069580078125
45,28.63322639465332
45,31.497957229614258
45,31.243148803710938
45,31.77758026123047
45,33.8597526550293
45,30.67851448059082
45,31.00163459777832
45,33.138526916503906
45,25.475095748901367
45,27.950212478637695
45,31.145841598510742
45,29.890588760375977
45,31.747936248779297
45,29.117338180541992
45,33.66468048095703
45,24.447921752929688
45,31.571304321289062
45,27.496307373046875
45,30.61367416381836
45,25.205036163330078
45,33.007843017578125
45,28.670761108398438
45,25.293682098388672
45,33.76537322998047
45,24.440147399902344
45,31.357765197753906
45,28.61018943786621
45,28.628278732299805
45,25.29267692565918
45,29.271982192993164
45,26.433305740356445
45,25.17208480834961
45,25.82065773010254
45,29.21781349182129
45,34.428733825683594
45,24.004779815673828
45,28.18866539001465
45,27.509113311767578
45,27.704633712768555
45,26.096704483032227
45,24.859825134277344
45,27.526599884033203
45,29.20047950744629
45,32.44036865234375
45,33.184085845947266
45,25.21139907836914
45,25.654258728027344
45,29.620052337646484
45,30.89234161376953
45,29.59652328491211
45,30.933622360229492
45,25.06815528869629
45,32.62432098388672
45,29.200031280517578
45,28.1635684967041
45,29.820396423339844
45,24.30780029296875
45,24.07034683227539
45,28.824813842773438
45,27.937578201293945
45,29.999990463256836
45,31.922409057617188
45,32.00231170654297
45,24.19951629638672
45,24.457447052001953
45,28.599355697631836
45,33.016357421875
45,32.26118087768555
45,29.936420440673828
45,33.01503372192383
45,24.43564796447754
45,24.75381851196289
45,32.22831344604492
45,30.694944381713867
45,29.615625381469727
45,24.545856475830078
45,27.700666427612305
45,31.83670425415039
45,29.475772857666016
45,32.50758743286133
45,25.063831329345703
45,27.303741455078125
45,24.445512771606445
45,24.57206153869629
45,24.669565200805664
45,30.312307357788086
45,31.990163803100586
45,33.2904052734375
45,29.87704849243164
45,24.68642807006836
45,29.86733627319336
45,34.737422943115234
45,28.826778411865234
45,26.96254539489746
45,25.503263473510742
45,27.404083251953125
45,32.862525939941406
45,28.997343063354492
45,26.58858871459961
45,25.15515899658203
45,29.023210525512695
45,30.29277801513672
45,26.448780059814453
45,25.510372161865234
45,28.630754470825195
45,30.456567764282227
45,24.34619903564453
45,32.153953552246094
45,24.73052406311035
45,24.03996467590332
45,28.491544723510742
45,28.044275283813477
45,32.19497299194336
45,25.83916473388672
45,27.375621795654297
45,29.127580642700195
45,26.079328536987305
45,25.309656143188477
45,28.483657836914062
45,32.742652893066406
45,27.796051025390625
45,32.02643585205078
45,26.892444610595703
45,29.834747314453125
45,25.453842163085938
45,23.57891845703125
45,31.627517700195312
45,33.74907302856445
45,30.57427215576172
45,32.35880661010742
45,30.795625686645508
45,30.91934585571289
45,29.4423885345459
45,28.517518997192383
45,28.277767181396484
45,30.49744415283203
45,26.979093551635742
45,28.17262840270996
45,31.880970001220703
45,31.10770606994629
45,29.33963966369629
45,26.119009017944336
45,28.495548248291016
45,33.79085159301758
45,31.732872009277344
45,28.736528396606445
45,24.88141632080078
45,26.503055572509766
45,31.9775447845459
45,32.032291412353516
45,29.140968322753906
45,30.568510055541992
45,23.760372161865234
45,26.332752227783203
45,26.20370864868164
45,33.21940612792969
45,30.85100555419922
45,33.44353485107422
45,31.64497184753418
45,34.35661697387695
45,25.66042137145996
45,25.4674015045166
45,30.30078125
45,31.668880462646484
45,31.29721450805664
45,27.536338806152344
45,29.97835922241211
45,26.80514907836914
45,25.276782989501953
45,32.3563117980957
45,24.202707290649414
45,30.26827049255371
45,30.750085830688477
45,31.49811363220215
45,31.1719913482666
45,28.693449020385742
45,29.179866790771484
45,30.390043258666992
45,31.00076675415039
45,28.497135162353516
45,31.59461212158203
45,27.047075271606445
45,34.81794738769531
45,31.62061309814453
45,30.4630126953125
45,25.698692321777344
45,33.55060958862305
45,26.282493591308594
45,26.79561996459961
45,32.38972091674805
45,31.36844825744629
45,24.371002197265625
45,27.541460037231445
45,34.13505935668945
45,30.05413055419922
45,24.704469680786133
45,31.54598617553711
45,35.1827507019043
45,31.999662399291992
45,32.931209564208984
45,26.116064071655273
45,27.16753387451172
45,25.43144416809082
45,34.28181457519531
45,29.00831413269043
45,25.83297348022461
45,30.884004592895508
45,33.90546417236328
45,26.91288185119629
45,31.995546340942383
45,26.19439697265625
45,27.24829864501953
45,28.858470916748047
45,25.063766479492188
45,28.674583435058594
45,29.472259521484375
45,29.467748641967773
45,32.308319091796875
45,26.571626663208008
45,33.29424285888672
45,31.104324340820312
45,29.379322052001953
45,24.629289627075195
45,29.884628295898438
45,29.891407012939453
45,34.07392120361328
45,30.379283905029297
45,26.724308013916016
45,26.20033073425293
45,32.28335952758789
45,24.6922664642334
45,24.87186050415039
45,33.995277404785156
45,25.451261520385742
45,34.28641128540039
45,32.35634231567383
45,24.376453399658203
45,28.125417709350586
45,24.789344787597656
45,29.701631546020508
45,35.387481689453125
45,26.92064094543457
45,27.306049346923828
45,31.44137191772461
45,25.93096351623535
45,34.26430892944336
45,32.33518981933594
45,28.221269607543945
45,31.116924285888672
45,26.32773208618164
45,26.1503963470459
45,30.475841522216797
45,29.57712745666504
45,33.33900451660156
45,26.818450927734375
45,29.024784088134766
45,27.867834091186523
45,31.532058715820312
45,30.697866439819336
45,27.699323654174805
45,32.433815002441406
45,32.35796356201172
45,33.34190368652344
45,24.779924392700195
45,26.18851661682129
45,29.457735061645508
45,28.74811553955078
45,28.243507385253906
45,34.39117431640625
45,28.056730270385742
45,23.51486587524414
45,25.538911819458008
45,30.204999923706055
45,24.284713745117188
45,30.535104751586914
45,27.192733764648438
45,31.875194549560547
45,30.72969627380371
45,24.487403869628906
45,29.379880905151367
45,33.567440032958984
45,29.596715927124023
45,28.095109939575195
45,28.817142486572266
45,31.626340866088867
45,32.45419692993164
45,25.455846786499023
45,28.901708602905273
45,33.41886901855469
45,31.101993560791016
45,34.75691223144531
45,31.72600555419922
45,29.22315788269043
45,30.795734405517578
45,24.666330337524414
45,29.288837432861328
45,27.35933494567871
45,25.646514892578125
45,33.38508987426758
45,28.98516845703125
45,27.576358795166016
45,33.746238708496094
45,31.33844566345215
45,25.48947525024414
45,32.15633773803711
45,31.38804817199707
45,30.07537078857422
45,28.33124542236328
45,32.537532806396484
45,29.663894653320312
45,31.5145263671875
45,25.088773727416992
45,24.78213882446289
45,26.56438636779785
45,29.767179489135742
45,24.093982696533203
45,24.446231842041016
45,26.002042770385742
45,31.667495727539062
45,24.207763671875
45,32.55675506591797
45,30.271242141723633
45,25.095491409301758
45,30.935274124145508
45,31.141586303710938
45,24.30827522277832
45,24.94549560546875
45,26.964529037475586
45,33.728973388671875
45,32.796051025390625
45,28.219560623168945
45,29.07918357849121
45,30.506685256958008
45,24.744152069091797
45,27.920812606811523
45,33.00225067138672
45,31.561141967773438
45,33.673004150390625
45,26.659635543823242
45,25.206207275390625
45,24.866352081298828
45,28.74390411376953
45,29.540842056274414
45,28.85780906677246
45,30.020160675048828
45,33.98298263549805
45,32.903526306152344
45,31.956859588623047
45,35.406471252441406
45,29.189420700073242
45,28.005592346191406
45,27.334407806396484
45,28.514490127563477
45,25.019935607910156
45,34.50727081298828
45,33.875526428222656
45,28.286657333374023
45,28.683732986450195
45,24.16992950439453
45,27.35993766784668
45,33.56300735473633
45,32.375709533691406
45,33.104583740234375
45,27.511594772338867
45,30.165603637695312
45,31.255126953125
45,29.064559936523438
45,24.754180908203125
45,24.949451446533203
45,29.45737648010254
45,32.71434020996094
45,33.66145706176758
45,30.168203353881836
45,25.942401885986328
45,28.89040184020996
45,31.96067237854004
45,34.34457778930664
45,28.130666732788086
45,30.78432846069336
45,27.65247344970703
45,32.568634033203125
45,31.062641143798828
45,26.5352783203125
45,28.358699798583984
45,27.143535614013672
45,34.17724609375
45,30.529935836791992
45,35.0708122253418
45,29.157142639160156
45,24.573522567749023
45,31.355043411254883
45,25.562030792236328
45,24.645097732543945
45,28.933191299438477
45,27.822233200073242
45,32.16565704345703
45,32.393287658691406
45,28.728199005126953
45,26.404632568359375
45,25.08942985534668
45,29.026811599731445
45,32.37443542480469
45,30.673887252807617
45,26.323530197143555
45,32.73131561279297
45,33.19724655151367
45,28.019468307495117
45,25.87160873413086
45,31.458158493041992
45,27.743375778198242
45,24.563623428344727
45,32.10028839111328
45,28.012727737426758
45,32.284873962402344
45,26.073904037475586
45,32.29098892211914
45,28.870040893554688
45,33.09261703491211
45,24.240861892700195
45,32.77696228027344
45,30.922157287597656
45,33.333248138427734
45,26.7523250579834
45,31.210725784301758
45,34.78342056274414
45,25.120849609375
45,27.979537963867188
45,34.020206451416016
45,24.81888771057129
45,27.796276092529297
45,27.84324836730957
45,24.343324661254883
45,30.903709411621094
45,31.135961532592773
45,28.586261749267578
45,29.16069984436035
45,27.27762222290039
45,27.357006072998047
45,28.724775314331055
45,24.09065055847168
45,34.33235168457031
45,33.32698059082031
45,29.201793670654297
45,27.311569213867188
45,27.567623138427734
45,33.16279220581055
45,27.33071517944336
45,27.583683013916016
45,32.24008560180664
45,30.156463623046875
45,28.042831420898438
45,29.49996566772461
45,27.296815872192383
45,23.599376678466797
45,28.355281829833984
45,30.982763290405273
45,25.228797912597656
45,29.236358642578125
45,27.099191665649414
45,32.81156921386719
45,33.08329772949219
45,26.15793228149414
45,24.827468872070312
45,29.749366760253906
45,30.04688262939453
45,32.943504333496094
45,29.409801483154297
45,32.200279235839844
45,30.431434631347656
45,32.006134033203125
45,34.616233825683594
45,28.094257354736328
45,33.84726333618164
45,28.05278968811035
45,33.64667510986328
45,26.40643310546875
45,26.80312156677246
45,28.799697875976562
45,28.323806762695312
45,29.994667053222656
45,26.51720428466797
45,29.440074920654297
45,30.3892879486084
45,33.63495635986328
45,31.546688079833984
45,35.953521728515625
45,27.495046615600586
45,31.521541595458984
45,27.983341217041016
45,30.553546905517578
45,29.513545989990234
45,32.87565612792969
45,32.221412658691406
45,26.67983055114746
45,35.552825927734375
45,25.34211540222168
45,32.67926025390625
45,23.764869689941406
45,31.813892364501953
45,26.40020179748535
45,24.803024291992188
45,27.752197265625
45,34.84251403808594
45,33.19349670410156
45,25.290050506591797
45,26.1147518157959
45,32.25446701049805
45,24.666881561279297
45,32.0374870300293
45,27.65513801574707
45,26.323226928710938
45,28.934587478637695
45,26.523134231567383
45,27.037960052490234
45,32.014068603515625
45,31.45047950744629
45,28.227842330932617
45,34.392181396484375
45,24.95150375366211
45,27.204845428466797
45,30.23992919921875
45,29.415040969848633
45,24.55019187927246
45,33.84938049316406
45,32.82927703857422
45,30.864978790283203
45,29.624330520629883
45,32.32451248168945
45,28.258319854736328
45,27.522924423217773
45,34.24392318725586
45,27.323999404907227
45,24.429351806640625
45,26.19613265991211
45,31.327272415161133
45,33.576881408691406
45,23.622331619262695
45,33.25042724609375
45,27.001995086669922
45,23.343290328979492
45,24.804519653320312
45,29.918760299682617
45,25.756893157958984
45,31.808103561401367
45,27.024009704589844
45,28.762908935546875
45,28.13948631286621
45,30.882234573364258
45,32.79029846191406
45,28.188282012939453
45,29.452909469604492
45,34.05874252319336
45,29.098247528076172
45,26.91272735595703
45,32.3917350769043
45,33.729000091552734
45,33.43145751953125
45,31.934640884399414
45,25.236989974975586
45,31.424034118652344
45,29.533294677734375
45,33.38453674316406
45,32.75581741333008
45,28.64461898803711
45,32.266170501708984
45,32.49177551269531
45,32.73952865600586
45,31.29138946533203
45,31.550207138061523
45,23.995790481567383
45,30.932022094726562
45,26.169748306274414
45,31.303571701049805
45,27.023937225341797
45,28.05435562133789
45,32.672428131103516
45,27.871017456054688
45,33.75765609741211
45,25.312402725219727
45,28.43137550354004
45,24.81968879699707
45,25.867923736572266
45,28.122291564941406
45,24.94830322265625
45,31.189796447753906
45,27.904468536376953
45,28.053180694580078
45,30.040283203125
45,28.766469955444336
45,32.69160079956055
45,28.428897857666016
45,33.85224533081055
45,26.20548439025879
45,31.7620792388916
45,26.115175247192383
45,32.08415603637695
45,25.92515754699707
45,25.38344955444336
45,25.23889923095703
45,25.797649383544922
45,32.03459930419922
45,27.831445693969727
45,33.37171173095703
45,29.10356903076172
45,28.31972312927246
45,34.836334228515625
45,31.826812744140625
45,29.673770904541016
45,33.39337921142578
45,31.00344467163086
45,26.43639373779297
45,27.925161361694336
45,31.56900405883789
45,29.6838436126709
45,29.255765914916992
45,34.733314514160156
45,29.339920043945312
45,26.22661590576172
45,33.36795425415039
45,26.06402587890625
45,33.52210998535156
45,33.7132568359375
45,25.297122955322266
45,32.79838943481445
45,24.410947799682617
45,23.781105041503906
45,24.881301879882812
45,28.090269088745117
45,30.501535415649414
45,29.43079948425293
45,27.239580154418945
45,25.96584701538086
45,26.07042694091797
45,31.086952209472656
45,23.41385269165039
45,30.317907333374023
45,24.570518493652344
45,30.680227279663086
45,28.77619171142578
45,27.87980842590332
45,34.13993835449219
45,27.643310546875
45,31.605377197265625
45,28.44850730895996
45,32.079551696777344
45,29.5080623626709
45,29.342445373535156
45,23.96154022216797
45,32.8687629699707
45,26.73634147644043
45,32.30012130737305
45,28.934810638427734
45,32.47687530517578
45,27.286027908325195
45,24.328214645385742
45,29.318470001220703
45,24.550928115844727
45,25.500438690185547
45,30.856019973754883
45,27.35507583618164
45,28.36577606201172
45,28.5548038482666
45,33.73518371582031
45,29.41018295288086
45,25.291887283325195
45,29.796356201171875
45,30.780519485473633
45,24.841243743896484
45,32.97429656982422
45,28.80028533935547
45,32.32904815673828
45,34.24843215942383
45,27.335817337036133
45,31.36133575439453
45,25.374446868896484
45,26.50129508972168
45,29.87472915649414
45,28.026874542236328
45,29.652294158935547
45,25.702987670898438
45,32.8577880859375
45,30.962007522583008
45,26.30600929260254
45,27.08334732055664
45,29.172513961791992
45,26.951416015625
45,26.126441955566406
45,27.378156661987305
45,28.339670181274414
45,25.067930221557617
45,32.07902526855469
45,32.27477264404297
45,28.37352180480957
45,24.312278747558594
45,27.797025680541992
45,30.864282608032227
45,25.607343673706055
45,25.161174774169922
45,32.45740509033203
45,32.13136291503906
45,31.824785232543945
45,25.03876304626465
45,32.41522216796875
45,32.566673278808594
45,28.796281814575195
45,31.987552642822266
45,29.570819854736328
45,25.842716217041016
45,33.98948287963867
45,32.03104782104492
45,35.11912536621094
45,25.76363182067871
45,24.38142204284668
45,27.342206954956055
45,32.27069854736328
45,28.048879623413086
45,27.228557586669922
45,29.331283569335938
45,31.387102127075195
45,34.295719146728516
45,27.19782257080078
45,27.319746017456055
45,28.04310417175293
45,29.048309326171875
45,25.38886260986328
45,25.162128448486328
45,28.32733917236328
45,32.139339447021484
45,31.39893341064453
45,24.301544189453125
45,33.24827194213867
45,24.302730560302734
45,24.859682083129883
45,26.273347854614258
45,24.429431915283203
45,27.57793617248535
45,27.04983139038086
45,28.028335571289062
45,26.78797721862793
45,33.76765060424805
45,35.39048385620117
45,33.15876770019531
45,34.581565856933594
45,25.03360939025879
45,34.513916015625
45,29.93023109436035
45,33.02936553955078
45,28.04253578186035
45,31.49147605895996
45,32.27666473388672
45,27.421897888183594
45,33.82506561279297
45,33.998374938964844
45,26.928958892822266
45,28.053285598754883
45,28.074119567871094
45,27.488439559936523
45,33.17058181762695
45,30.10612678527832
45,25.033245086669922
45,31.322996139526367
45,25.813600540161133
45,32.079376220703125
45,29.09173011779785
45,27.607200622558594
45,24.64193344116211
45,30.879785537719727
45,28.479448318481445
45,24.8734073638916
45,27.37987518310547
45,24.565288543701172
45,30.10417938232422
45,33.6579475402832
45,24.65959358215332
45,32.25796127319336
45,27.482357025146484
45,28.264238357543945
45,28.489744186401367
45,28.903778076171875
45,24.21063232421875
45,26.987960815429688
45,28.45859146118164
45,33.63043975830078
45,27.366167068481445
45,25.54580307006836
45,27.153247833251953
45,31.046234130859375
45,27.85386085510254
45,24.61844825744629
45,31.508365631103516
45,34.33831024169922
45,32.40108108520508
45,27.623382568359375
45,24.80889892578125
45,27.641773223876953
45,27.431556701660156
45,28.318164825439453
45,31.117591857910156
45,32.595829010009766
45,31.135343551635742
45,32.08003616333008
45,33.071258544921875
45,25.16204833984375
45,28.517343521118164
45,31.399080276489258
45,31.809730529785156
45,32.967041015625
45,27.29617691040039
45,25.84093475341797
45,32.88700485229492
45,27.076913833618164
45,29.52994155883789
45,31.8022518157959
45,35.11267852783203
45,29.079984664916992
45,32.13447189331055
45,32.48845291137695
45,25.061376571655273
45,28.693302154541016
45,25.177885055541992
45,30.85197639465332
45,35.334468841552734
45,27.461626052856445
45,24.98029899597168
45,26.70953941345215
45,29.92275047302246
45,27.82843589782715
45,31.94493293762207
45,28.653337478637695
45,25.02276611328125
45,24.758689880371094
45,33.47808074951172
45,28.869077682495117
45,29.05731964111328
45,30.954256057739258
45,27.323720932006836
45,33.65306854248047
45,33.656185150146484
45,29.497648239135742
45,27.386934280395508
45,33.680908203125
45,28.182600021362305
45,29.222442626953125
45,28.180875778198242
45,27.802642822265625
45,31.281665802001953
45,30.886322021484375
45,24.2155818939209
45,31.012340545654297
45,28.83985710144043
45,28.266677856445312
45,25.1488037109375
45,28.516860961914062
45,30.52158546447754
45,31.91669273376465
45,31.927675247192383
45,29.916418075561523
45,31.109874725341797
45,27.03938865661621
45,28.699424743652344
45,25.855792999267578
45,25.26953125
45,29.809236526489258
45,28.55854034423828
45,28.48149299621582
45,28.74033546447754
45,27.098209381103516
45,32.316558837890625
45,32.57239532470703
45,32.97787857055664
45,30.001815795898438
45,25.950302124023438
45,27.016544342041016
45,31.96194839477539
45,36.14823532104492
45,33.14411163330078
45,29.875389099121094
45,30.33915138244629
45,31.31417465209961
45,32.09191131591797
45,33.49918746948242
45,27.230987548828125
45,29.36482810974121
45,31.18044090270996
45,33.562007904052734
45,24.177753448486328
45,32.78923416137695
45,32.431209564208984
45,32.67927932739258
45,32.9421501159668
45,29.358989715576172
45,27.03975486755371
45,30.964618682861328
45,26.601318359375
45,31.486513137817383
45,30.175304412841797
45,26.244260787963867
45,32.319984436035156
45,30.51835823059082
45,27.91313362121582
45,26.93895721435547
45,29.66592025756836
45,25.529972076416016
45,34.32181930541992
45,33.640419006347656
45,32.21141052246094
45,26.912185668945312
45,30.365190505981445
45,25.59886932373047
45,33.40922927856445
45,27.819812774658203
45,26.88819122314453
45,33.15827560424805
45,27.033422470092773
45,24.999492645263672
45,26.439908981323242
45,31.287616729736328
45,23.853435516357422
45,29.798742294311523
45,33.00114059448242
45,30.62139892578125
45,25.914180755615234
45,29.338321685791016
45,34.41747283935547
45,32.86542892456055
45,29.505229949951172
45,34.54851531982422
45,26.492815017700195
45,26.73488998413086
45,26.615690231323242
45,32.8554801940918
45,31.79615020751953
45,30.221118927001953
45,24.47365951538086
45,27.79926300048828
45,31.418182373046875
45,32.806556701660156
45,29.9908390045166
45,33.97294616699219
45,32.897621154785156
45,29.955617904663086
45,32.89805603027344
45,23.992523193359375
45,31.11136245727539
45,27.627214431762695
45,28.623563766479492
45,27.619855880737305
45,24.976703643798828
45,25.604585647583008
45,32.12154769897461
45,33.0451774597168
45,29.219945907592773
45,24.08883285522461
45,25.925987243652344
45,32.75556945800781
45,29.990577697753906
45,33.316917419433594
45,30.20268440246582
45,25.966150283813477
45,30.1265926361084
45,32.37253189086914
45,32.149898529052734
45,30.406909942626953
45,33.1087646484375
45,31.317279815673828
45,24.96686553955078
45,25.159154891967773
45,34.55846405029297
45,32.66362762451172
45,25.10186004638672
45,33.08869552612305
45,26.60221290588379
45,27.43650245666504
45,29.510164260864258
45,31.28265380859375
45,25.273487091064453
45,24.95111083984375
45,33.6820068359375
45,25.964094161987305
45,29.523454666137695
45,28.701353073120117
45,25.08708381652832
45,29.205047607421875
45,26.678585052490234
45,24.507986068725586
45,28.435884475708008
45,25.853656768798828
45,27.156999588012695
45,29.479101181030273
45,34.931983947753906
45,29.068864822387695
45,31.962881088256836
45,29.173419952392578
45,33.43025207519531
45,32.612548828125
45,30.796348571777344
45,32.456844329833984
45,25.066614151000977
45,32.00071334838867
45,27.299592971801758
45,30.25739288330078
45,34.420345306396484
45,23.790565490722656
45,25.757570266723633
45,28.678659439086914
45,33.690338134765625
45,25.087383270263672
45,25.248382568359375
45,28.985992431640625
45,24.39727020263672
45,26.277050018310547
45,33.68888854980469
45,25.124351501464844
45,32.778358459472656
45,28.606752395629883
45,25.18883514404297
45,33.11517333984375
45,27.13974380493164
45,30.170515060424805
45,27.69273567199707
45,24.532554626464844
45,27.0363826751709
45,33.899742126464844
45,29.931297302246094
45,28.920507431030273
45,33.49705123901367
45,28.912776947021484
45,28.620166778564453
45,32.675933837890625
45,23.886228561401367
45,26.940521240234375
45,25.029312133789062
45,32.76712417602539
45,33.6051139831543
45,31.804874420166016
45,29.039213180541992
45,29.27194595336914
45,26.895217895507812
45,27.04253578186035
45,26.937137603759766
45,27.822914123535156
45,30.32704734802246
45,31.33758544921875
45,25.694429397583008
45,30.696430206298828
45,30.751371383666992
45,27.907087326049805
45,27.234752655029297
45,23.64288330078125
45,27.7570743560791
45,33.39381408691406
45,35.17422866821289
45,27.039318084716797
45,34.271610260009766
45,29.496265411376953
45,31.499467849731445
45,29.81336212158203
45,29.143598556518555
45,30.916337966918945
45,34.552982330322266
45,31.94776153564453
45,34.15668487548828
45,33.4548225402832
45,31.199329376220703
45,34.2633056640625
45,29.486812591552734
45,33.57841110229492
45,30.501970291137695
45,31.881057739257812
45,34.55678176879883
45,26.718305587768555
45,26.669666290283203
45,25.489107131958008
45,27.55804443359375
45,31.262311935424805
45,27.255338668823242
45,24.69522476196289
45,31.536865234375
45,33.07048416137695
45,29.10055923461914
45,27.610567092895508
45,27.520545959472656
45,27.933605194091797
45,31.96524429321289
45,24.767635345458984
45,29.76251220703125
45,27.032115936279297
45,34.29399871826172
45,28.007320404052734
45,29.09971046447754
45,28.85228729248047
45,29.233816146850586
45,32.548851013183594
45,25.521333694458008
45,25.987335205078125
45,29.36680030822754
45,27.760290145874023
45,31.601804733276367
45,33.35359573364258
45,31.386281967163086
45,31.386754989624023
45,27.945152282714844
45,31.994396209716797
45,32.47570037841797
45,24.115249633789062
45,32.1389045715332
45,23.598770141601562
45,32.727210998535156
45,26.399354934692383
45,33.98152160644531
45,32.31242370605469
45,25.073486328125
45,29.114906311035156
45,29.6884822845459
45,27.074052810668945
45,28.17188835144043
45,30.29328155517578
45,32.2244873046875
45,25.40977668762207
45,34.342247009277344
45,27.0118465423584
45,29.015398025512695
45,27.29213523864746
45,29.730859756469727
45,26.267248153686523
45,32.157955169677734
45,32.336517333984375
45,28.079282760620117
45,29.414079666137695
45,33.16920471191406
45,35.07948303222656
45,34.53942108154297
45,24.333141326904297
45,32.817344665527344
45,28.587533950805664
45,23.60803985595703
45,28.955581665039062
45,26.88725471496582
45,30.745121002197266
45,32.70079803466797
45,27.319242477416992
45,31.912534713745117
45,28.029781341552734
45,28.214496612548828
45,24.987491607666016
45,28.45794677734375
45,30.698875427246094
45,29.594736099243164
45,31.555936813354492
45,33.030948638916016
45,31.78278350830078
45,24.339126586914062
45,24.258729934692383
45,29.439119338989258
45,24.919889450073242
45,32.493892669677734
45,27.335933685302734
45,31.087261199951172
45,26.777755737304688
45,26.95334243774414
45,28.506675720214844
45,26.924732208251953
45,30.025049209594727
45,35.6850700378418
45,31.642370223999023
45,29.978275299072266
45,33.79736328125
45,31.176496505737305
45,28.118558883666992
45,32.21849060058594
45,28.63671875
45,30.074602127075195
45,27.899892807006836
45,25.707550048828125
45,31.354564666748047
45,32.67826843261719
45,25.89785385131836
45,29.219423294067383
45,32.40725326538086
45,32.60314178466797
45,34.69164276123047
45,24.620498657226562
45,31.042560577392578
45,30.570112228393555
45,28.124685287475586
45,29.714929580688477
45,27.886934280395508
45,25.816497802734375
45,32.8289794921875
45,30.884986877441406
45,29.51317024230957
45,32.05195617675781
45,33.24978256225586
45,33.406700134277344
45,29.501737594604492
45,29.81817054748535
45,26.71272087097168
45,30.506811141967773
45,28.430213928222656
45,25.08039665222168
45,27.726348876953125
45,26.897891998291016
45,30.40420913696289
45,31.584552764892578
45,28.97456169128418
45,27.996124267578125
45,24.910669326782227
45,27.339448928833008
45,24.971351623535156
45,29.28563117980957
45,31.616622924804688
45,30.852493286132812
45,25.690401077270508
45,33.361602783203125
45,35.454505920410156
45,31.921377182006836
45,31.125078201293945
45,32.036319732666016
45,29.925756454467773
45,29.021007537841797
45,28.27067756652832
45,29.88979148864746
45,24.84273910522461
45,27.76012420654297
45,24.875986099243164
45,24.282058715820312
45,29.886611938476562
45,27.191370010375977
45,30.56814956665039
45,23.925189971923828
45,33.033287048339844
45,31.96384048461914
45,25.973432540893555
45,28.847637176513672
45,25.27042007446289
45,26.499738693237305
45,28.93349266052246
45,29.748750686645508
45,28.229944229125977
45,28.873029708862305
45,31.23170280456543
45,24.653762817382812
45,27.689590454101562
45,26.999605178833008
45,33.41501235961914
45,28.423280715942383
45,30.306921005249023
45,25.2552490234375
45,29.930421829223633
45,28.15857696533203
45,30.084253311157227
45,31.51427459716797
45,30.78685760498047
45,25.237062454223633
45,29.213483810424805
45,28.543685913085938
45,32.510799407958984
45,29.14301872253418
45,33.10593032836914
45,28.382917404174805
45,24.407752990722656
45,26.781631469726562
45,29.094562530517578
45,29.484865188598633
45,33.261940002441406
45,27.39887809753418
45,28.951444625854492
45,24.85578727722168
45,35.17225646972656
45,30.395193099975586
45,31.083715438842773
45,29.921628952026367
45,28.184030532836914
45,24.36231803894043
45,32.7911376953125
45,27.27621841430664
45,34.431819915771484
45,32.160057067871094
45,24.84939956665039
45,25.0665225982666
45,30.14011573791504
45,33.48623275756836
45,28.77202033996582
45,28.817182540893555
45,30.752498626708984
45,26.900049209594727
45,31.470001220703125
45,33.21387481689453
45,32.20687484741211
45,25.700267791748047
45,30.50880241394043
45,24.356651306152344
45,32.71349334716797
45,25.546161651611328
45,25.543975830078125
45,27.939062118530273
45,31.598535537719727
45,29.74563217163086
45,33.97648620605469
45,24.804771423339844
45,24.62871551513672
45,30.862438201904297
45,28.60236930847168
45,29.635009765625
45,33.207157135009766
45,30.81288719177246
45,27.14173698425293
45,26.125028610229492
45,32.13356399536133
45,26.679471969604492
45,28.972854614257812
45,24.339847564697266
45,25.531930923461914
45,31.731168746948242
45,32.56828308105469
45,28.592727661132812
45,26.33405303955078
45,31.168903350830078
45,24.144840240478516
45,28.363906860351562
45,31.09168243408203
45,32.51982879638672
45,28.01483726501465
45,25.726564407348633
45,33.75154113769531
45,26.763090133666992
45,27.23448371887207
45,34.708465576171875
45,29.48927116394043
45,28.012069702148438
45,31.89348602294922
45,30.358165740966797
45,27.88589096069336
45,25.3577823638916
45,27.918718338012695
45,34.21881866455078
45,28.164602279663086
45,28.70285987854004
45,26.052997589111328
45,29.35062026977539
45,31.098520278930664
45,24.191329956054688
45,28.140539169311523
45,31.032516479492188
45,27.161331176757812
45,32.82818603515625
45,28.652185440063477
45,35.65473175048828
45,34.21038055419922
45,30.060781478881836
45,29.6856632232666
45,29.544025421142578
45,26.667964935302734
45,27.624101638793945
45,29.38538932800293
45,27.99007225036621
45,28.364709854125977
45,29.609670639038086
45,31.573251724243164
45,31.708703994750977
45,30.21462059020996
45,29.818134307861328
45,29.455364227294922
45,35.118167877197266
45,29.50431251525879
45,29.573728561401367
45,27.287891387939453
45,28.90206527709961
45,25.95637321472168
45,29.367380142211914
45,32.41960144042969
45,30.48564338684082
45,29.4483642578125
45,32.085079193115234
45,31.489770889282227
45,32.03860092163086
45,33.56446838378906
45,24.723533630371094
45,32.42387390136719
45,25.06871795654297
45,26.76757049560547
45,25.433502197265625
45,28.39325714111328
45,33.05173110961914
45,29.31060218811035
45,31.158843994140625
45,33.17903518676758
45,34.08769607543945
45,24.798154830932617
45,34.51179504394531
45,31.147043228149414
45,31.658300399780273
45,28.84984588623047
45,32.386844635009766
45,31.938936233520508
45,26.223419189453125
45,33.52458953857422
45,30.50992774963379
45,24.782974243164062
45,24.86248207092285
45,26.11902618408203
45,28.320674896240234
45,24.891971588134766
45,27.782806396484375
45,25.183177947998047
45,31.436050415039062
45,31.712684631347656
45,30.310304641723633
45,28.493331909179688
45,31.060592651367188
45,32.4441032409668
45,24.60308074951172
45,24.375097274780273
45,24.00324249267578
45,35.42106628417969
45,25.19621467590332
45,33.713958740234375
45,24.8238468170166
45,24.657751083374023
45,26.194902420043945
45,32.46736526489258
45,27.56648826599121
45,33.4725227355957
45,27.915714263916016
45,33.45214080810547
45,28.41217041015625
45,32.480228424072266
45,33.078861236572266
45,29.670473098754883
45,31.447935104370117
45,33.176513671875
45,31.71916961669922
45,28.031578063964844
45,29.853275299072266
45,30.012454986572266
45,30.182172775268555
45,24.769380569458008
45,24.102069854736328
45,31.006643295288086
45,32.89484405517578
45,24.258811950683594
45,23.318008422851562
45,32.91400909423828
45,32.92195129394531
45,32.4287109375
45,26.864240646362305
45,25.052310943603516
45,25.18992042541504
45,28.071645736694336
45,27.713027954101562
45,27.60964584350586
45,27.65138053894043
45,30.365524291992188
45,27.543397903442383
45,24.907411575317383
45,32.581844329833984
45,29.381147384643555
45,33.349700927734375
45,28.930849075317383
45,32.30136489868164
45,31.193952560424805
45,25.15005111694336
45,30.48400115966797
45,27.402082443237305
45,32.254085540771484
45,31.071346282958984
45,31.557958602905273
45,32.779701232910156
45,33.1837043762207
45,26.638837814331055
45,31.451387405395508
45,27.701627731323242
45,33.31787109375
45,26.941516876220703
45,32.92680358886719
45,32.9141960144043
45,29.865978240966797
45,30.409570693969727
45,26.06353759765625
45,23.90790557861328
45,25.8985595703125
45,27.88504981994629
45,31.103832244873047
45,25.8873291015625
45,28.87118911743164
45,28.954439163208008
45,31.910717010498047
45,31.961956024169922
45,33.674644470214844
45,30.17495346069336
45,28.717164993286133
45,25.658016204833984
45,27.184528350830078
45,27.159799575805664
45,28.62466049194336
45,34.40863800048828
45,31.346128463745117
45,34.64356231689453
45,33.453712463378906
45,24.868942260742188
45,32.99879455566406
45,26.16190528869629
45,31.8802490234375
45,32.042137145996094
45,24.952341079711914
45,28.621665954589844
45,27.291051864624023
45,30.055322647094727
45,27.1002254486084
45,28.494831085205078
45,31.22408676147461
45,30.42043685913086
45,30.011959075927734
45,28.124324798583984
45,31.87824058532715
45,31.957643508911133
45,33.902217864990234
45,25.87358856201172
45,25.375041961669922
45,26.78180503845215
45,24.308107376098633
45,26.911161422729492
45,34.39760971069336
45,27.241222381591797
45,29.089540481567383
45,30.909971237182617
45,31.210432052612305
45,33.11622619628906
45,33.46955108642578
45,27.557498931884766
45,28.98025894165039
45,33.375919342041016
45,30.375686645507812
45,28.476022720336914
45,26.59320640563965
45,24.873737335205078
45,26.66413688659668
45,33.84002685546875
45,29.001842498779297
45,27.936738967895508
45,28.840578079223633
45,31.564483642578125
45,33.74639129638672
45,33.86661148071289
45,27.357460021972656
45,24.650362014770508
45,32.54063415527344
45,29.80292510986328
45,23.63165283203125
45,26.275304794311523
45,27.43941879272461
45,25.80154800415039
45,28.432199478149414
45,29.163822174072266
45,33.90129470825195
45,27.43597984313965
45,25.805328369140625
45,28.79245376586914
45,23.847278594970703
45,24.336891174316406
45,29.548002243041992
45,29.114545822143555
45,27.57356071472168
45,24.84228515625
45,24.18233871459961
45,28.56188201904297
45,25.055496215820312
45,27.33920669555664
45,33.37007141113281
45,29.510583877563477
45,30.38498878479004
45,24.35218048095703
45,31.596309661865234
45,34.103187561035156
45,29.360198974609375
45,24.787900924682617
45,29.94287872314453
45,29.05378532409668
45,30.05339241027832
45,32.01737594604492
45,28.41090965270996
45,27.70024871826172
45,25.45932388305664
45,29.877891540527344
45,32.83551025390625
45,30.445842742919922
45,29.295705795288086
45,25.48729705810547
45,28.593355178833008
45,31.28779411315918
45,30.84882164001465
45,28.028438568115234
45,25.499242782592773
45,28.177852630615234
45,25.211742401123047
45,28.43654441833496
45,32.466758728027344
45,33.653255462646484
45,28.688304901123047
45,33.54177474975586
45,27.222766876220703
45,26.961326599121094
45,23.658721923828125
45,27.585220336914062
45,32.49385070800781
45,30.418970108032227
45,32.815670013427734
45,26.561134338378906
45,28.287904739379883
45,32.39756774902344
45,32.12703323364258
45,26.561580657958984
45,32.946495056152344
45,30.670562744140625
45,32.643192291259766
45,24.451393127441406
45,30.13420867919922
45,33.89824295043945
45,30.821081161499023
45,27.275259017944336
45,30.24102020263672
45,28.198772430419922
45,31.793277740478516
45,29.210771560668945
45,33.00778579711914
45,24.367210388183594
45,24.14727020263672
45,32.683929443359375
45,28.892024993896484
45,27.077713012695312
45,31.032472610473633
45,28.192663192749023
45,27.118858337402344
45,28.91618537902832
45,29.350139617919922
45,28.195131301879883
45,29.045061111450195
45,28.179031372070312
45,28.35259246826172
45,28.105857849121094
45,31.771997451782227
45,30.835386276245117
45,26.28376007080078
45,28.110408782958984
45,28.427440643310547
45,31.58258056640625
45,24.845701217651367
45,34.16753387451172
45,23.972286224365234
45,32.440006256103516
45,30.05225944519043
45,30.241666793823242
45,33.09294891357422
45,31.062055587768555
45,27.258127212524414
45,28.50122833251953
45,27.645179748535156
45,31.662572860717773
45,30.99605369567871
45,25.847497940063477
45,30.678075790405273
45,30.25206184387207
45,24.698484420776367
45,34.091407775878906
45,33.69513702392578
45,29.99489402770996
45,33.62853240966797
45,24.97649383544922
45,26.082386016845703
45,31.005186080932617
45,29.067119598388672
45,32.404232025146484
45,29.53453254699707
45,25.05926513671875
45,34.17326736450195
45,32.20229721069336
45,29.341949462890625
45,30.48529052734375
45,33.93014144897461
45,24.874486923217773
45,27.153390884399414
45,28.645294189453125
45,29.341482162475586
45,30.994304656982422
45,26.733131408691406
45,33.47333526611328
45,30.865598678588867
45,34.124969482421875
45,26.738183975219727
45,24.534318923950195
45,28.008806228637695
45,33.36089324951172
45,24.23073959350586
45,28.59308624267578
45,25.699098587036133
45,32.13893508911133
45,36.25135803222656
45,33.362022399902344
45,27.817529678344727
45,27.750850677490234
45,31.758275985717773
45,34.56450653076172
45,24.97433853149414
45,32.880279541015625
45,30.413589477539062
45,32.75177764892578
45,28.532106399536133
45,28.45124626159668
45,26.345359802246094
45,32.17461395263672
45,25.876354217529297
45,28.973962783813477
45,27.89740753173828
45,26.3561954498291
45,33.575870513916016
45,32.418914794921875
45,30.726579666137695
45,24.865501403808594
45,26.906810760498047
45,27.185075759887695
45,33.61205291748047
45,29.282197952270508
45,24.801910400390625
45,27.625940322875977
45,26.984926223754883
45,28.223583221435547
45,29.182287216186523
45,33.33638000488281
45,31.99193572998047
45,33.99920654296875
45,31.281734466552734
45,26.785961151123047
45,23.655109405517578
45,32.17146682739258
45,23.671159744262695
45,30.986513137817383
45,26.232383728027344
45,31.79005241394043
45,34.25425720214844
45,33.74055099487305
45,29.720617294311523
45,31.462039947509766
45,30.36458969116211
45,28.28835678100586
45,28.05288314819336
45,29.40120506286621
45,35.29142761230469
45,31.384601593017578
45,24.173871994018555
45,26.22576332092285
45,24.330554962158203
45,32.20090103149414
45,30.709110260009766
45,32.467010498046875
45,31.928054809570312
45,28.765487670898438
45,27.722660064697266
45,27.356300354003906
45,28.364452362060547
45,31.346630096435547
45,31.096729278564453
45,32.82557678222656
45,29.81981086730957
45,29.06722640991211
45,27.62906837463379
45,33.353946685791016
45,30.256061553955078
45,29.18022918701172
45,34.452754974365234
45,22.756732940673828
45,25.47629737854004
45,27.456876754760742
45,29.613473892211914
45,25.02390480041504
45,32.31595230102539
45,32.240394592285156
45,26.92012596130371
45,29.061965942382812
45,31.345266342163086
45,26.348941802978516
45,34.17485046386719
45,32.3128662109375
45,30.034147262573242
45,27.668493270874023
45,30.232175827026367
45,33.03523254394531
45,33.93252944946289
45,34.97216796875
45,26.437746047973633
45,33.06486511230469
45,26.43256950378418
45,26.993515014648438
45,33.55257797241211
45,33.93572998046875
45,27.383060455322266
45,27.35877227783203
45,32.37992858886719
45,26.237634658813477
45,27.98736572265625
45,25.779834747314453
45,32.74885559082031
45,28.602354049682617
45,25.529850006103516
45,25.028297424316406
45,29.641498565673828
45,27.810997009277344
45,31.59221649169922
45,34.74569320678711
45,31.382400512695312
45,28.763574600219727
45,29.1506404876709
45,27.7179012298584
45,32.93385314941406
45,28.315685272216797
45,23.78046417236328
45,25.910808563232422
45,33.541664123535156
45,26.730012893676758
45,23.761154174804688
45,34.365962982177734
45,33.19613265991211
45,26.283449172973633
45,27.1981201171875
45,30.825700759887695
45,27.400232315063477
45,30.75238037109375
45,31.76241111755371
45,29.845947265625
45,30.448396682739258
45,33.60298156738281
45,29.572097778320312
45,23.944814682006836
45,26.847057342529297
45,29.676164627075195
45,32.54061508178711
45,24.316606521606445
45,28.917062759399414
45,27.163240432739258
45,25.329675674438477
45,31.40924835205078
45,31.512622833251953
45,25.034801483154297
45,30.820680618286133
45,32.594112396240234
45,24.4340763092041
45,30.949827194213867
45,24.095844268798828
45,31.870418548583984
45,31.16786003112793
45,25.306337356567383
45,25.000633239746094
45,31.93462562561035
45,26.08555030822754
45,28.01060676574707
45,24.923215866088867
45,28.007272720336914
45,32.85444259643555
45,27.322650909423828
45,31.60745620727539
45,31.52402687072754
45,27.283143997192383
45,31.632686614990234
45,25.03399658203125
45,32.87755584716797
45,29.186416625976562
45,28.90330696105957
45,30.03881072998047
45,29.650928497314453
45,28.537073135375977
45,23.7474365234375
45,32.36438751220703
45,29.850955963134766
45,28.57111930847168
45,29.982421875
45,31.933746337890625
45,26.475324630737305
45,30.12362289428711
45,31.926498413085938
45,33.27784729003906
45,27.066715240478516
45,29.253917694091797
45,27.766193389892578
45,31.57006072998047
45,29.14495086669922
45,32.694000244140625
45,27.064268112182617
45,27.55297088623047
45,27.674882888793945
45,29.415063858032227
45,34.53806686401367
45,25.69811248779297
45,29.56912612915039
45,25.179946899414062
45,32.647613525390625
45,24.453933715820312
45,29.267356872558594
45,27.74408531188965
45,32.847999572753906
45,25.1772403717041
45,30.216413497924805
45,28.252948760986328
45,31.414569854736328
45,33.83699417114258
45,33.53807067871094
45,34.16123580932617
45,28.014835357666016
45,28.8937931060791
45,33.929988861083984
45,27.403133392333984
45,28.334426879882812
45,24.656343460083008
45,35.24393844604492
45,25.858224868774414
45,28.811548233032227
45,30.37588882446289
45,25.08465576171875
45,32.010250091552734
45,25.033130645751953
45,25.689376831054688
45,30.12403678894043
45,31.667985916137695
45,30.301647186279297
45,26.007017135620117
45,26.700729370117188
45,29.229738235473633
45,27.194108963012695
45,25.875150680541992
45,28.790138244628906
45,26.650192260742188
45,30.96728515625
45,25.674535751342773
45,33.78874588012695
45,31.1433048248291
45,29.816511154174805
45,32.783714294433594
45,31.147085189819336
45,26.066946029663086
45,30.193252563476562
45,27.076330184936523
45,34.35517120361328
45,29.93486213684082
45,33.86806106567383
45,32.739036560058594
45,27.684154510498047
45,24.560134887695312
45,35.001991271972656
45,28.75168800354004
45,27.37416648864746
45,27.423656463623047
45,26.52722930908203
45,27.399578094482422
45,29.65093421936035
45,33.720088958740234
45,26.77800941467285
45,30.910564422607422
45,24.028430938720703
45,30.22774887084961
45,35.25658416748047
45,32.590087890625
45,31.0255126953125
45,33.95038986206055
45,28.820600509643555
45,26.403593063354492
45,34.23859405517578
45,29.074125289916992
45,26.708942413330078
45,34.29290008544922
45,30.499176025390625
45,25.20030975341797
45,28.76156997680664
45,30.263721466064453
45,28.679462432861328
45,29.671110153198242
45,25.814231872558594
45,28.215045928955078
45,28.487327575683594
45,27.857070922851562
45,26.71550750732422
45,29.475387573242188
45,27.29009437561035
45,32.35499572753906
45,27.769840240478516
45,28.784700393676758
45,32.27544403076172
45,28.469444274902344
45,26.43191909790039
45,27.89637565612793
45,27.628141403198242
45,29.739988327026367
45,29.899417877197266
45,34.28612518310547
45,27.89089584350586
45,29.603519439697266
45,34.95030975341797
45,33.30208206176758
45,32.61423873901367
45,33.59446334838867
45,32.0374870300293
45,28.95695686340332
45,33.65636444091797
45,30.293434143066406
45,29.12734031677246
45,24.683292388916016
45,30.057781219482422
45,30.104961395263672
45,34.493492126464844
45,35.784786224365234
45,26.765851974487305
45,30.423553466796875
45,32.88407897949219
45,30.201902389526367
45,33.058658599853516
45,24.98337745666504
45,34.40230178833008
45,33.0997314453125
45,32.031463623046875
45,25.709999084472656
45,29.57465934753418
45,32.05146408081055
45,30.81306266784668
45,28.345623016357422
45,29.755924224853516
45,31.760425567626953
45,29.240251541137695
45,32.68844985961914
45,33.79692459106445
45,34.51634979248047
45,31.933311462402344
45,27.433853149414062
45,29.032005310058594
45,25.00774383544922
45,33.53384780883789
45,32.759098052978516
45,31.970245361328125
45,28.028770446777344
45,32.98004150390625
45,29.862354278564453
45,25.359237670898438
45,28.63999366760254
45,24.639467239379883
45,23.930519104003906
45,32.857635498046875
45,25.64496421813965
45,33.735660552978516
45,32.4718017578125
45,25.432392120361328
45,29.459157943725586
45,25.068252563476562
45,30.16932487487793
45,29.026718139648438
45,31.191404342651367
45,24.056299209594727
45,30.166929244995117
45,31.705751419067383
45,32.83479690551758
45,30.604196548461914
45,26.945213317871094
45,23.489526748657227
45,27.805377960205078
45,32.90369415283203
45,30.414661407470703
45,32.78119659423828
45,33.40650939941406
45,27.257089614868164
45,33.72815704345703
45,32.491947174072266
45,32.20265197753906
45,26.28590965270996
45,24.649232864379883
45,29.372581481933594
45,28.990047454833984
45,32.25598907470703
45,33.29105758666992
45,33.94314956665039
45,24.740896224975586
45,27.67772102355957
45,30.39232063293457
45,30.528196334838867
45,32.65299606323242
45,32.05206298828125
45,29.33609390258789
45,27.54790496826172
45,29.4561710357666
45,31.75555992126465
45,27.018186569213867
45,32.475772857666016
45,30.129684448242188
45,32.24497985839844
45,29.14030647277832
45,27.144102096557617
45,26.484256744384766
45,30.732206344604492
45,34.63942337036133
45,34.60044479370117
45,26.08938980102539
45,32.18788146972656
45,32.32221603393555
45,31.637252807617188
45,28.889873504638672
45,31.401538848876953
45,28.848663330078125
45,24.582246780395508
45,31.865955352783203
45,34.00026321411133
45,31.23185157775879
45,28.408489227294922
45,33.89251708984375
45,29.850910186767578
45,25.956464767456055
45,27.985801696777344
45,30.859355926513672
45,25.228721618652344
45,28.7713565826416
45,28.95642852783203
45,32.03204345703125
45,32.61439895629883
45,32.10670852661133
45,28.791017532348633
45,25.601228713989258
45,28.501981735229492
45,30.234943389892578
45,30.809354782104492
45,27.0701961517334
45,26.980897903442383
45,26.675996780395508
45,27.077247619628906
45,27.653900146484375
45,31.944416046142578
45,31.733020782470703
45,27.141693115234375
45,33.77117156982422
45,31.678970336914062
45,33.792850494384766
45,27.841121673583984
45,28.116439819335938
45,26.36302375793457
45,33.23551940917969
45,25.972728729248047
45,30.74977684020996
45,33.77452850341797
45,25.466154098510742
45,27.42124366760254
45,28.102684020996094
45,32.64411163330078
45,27.908369064331055
45,27.9021053314209
45,29.03887176513672
45,27.612207412719727
45,27.552663803100586
45,29.507394790649414
45,25.618587493896484
45,34.178585052490234
45,33.98262405395508
45,27.817502975463867
45,33.03517150878906
45,25.162906646728516
45,27.509151458740234
45,31.76807403564453
45,28.755596160888672
45,25.33428382873535
45,28.151060104370117
45,26.255001068115234
45,26.724929809570312
45,32.32360076904297
45,30.71457862854004
45,33.113990783691406
45,35.86517333984375
45,32.371673583984375
45,29.330303192138672
45,31.696327209472656
45,33.28406524658203
45,33.08487319946289
45,31.19055938720703
45,26.97691535949707
45,29.714494705200195
45,32.143436431884766
45,27.684925079345703
45,31.835758209228516
45,24.720125198364258
45,29.17710304260254
45,30.635448455810547
45,30.541423797607422
45,29.506711959838867
45,31.891223907470703
45,34.40827178955078
45,28.535341262817383
45,32.28971862792969
45,24.503421783447266
45,27.741395950317383
45,28.22719955444336
45,30.12056541442871
45,25.518327713012695
45,32.04474639892578
45,24.925838470458984
45,25.73941421508789
45,29.59040641784668
45,33.70355987548828
45,27.493741989135742
45,24.02825355529785
45,29.945796966552734
45,33.46919631958008
45,30.637908935546875
45,32.41387939453125
45,29.428590774536133
45,29.042972564697266
45,32.119564056396484
45,23.997987747192383
45,28.631376266479492
45,31.963878631591797
45,29.17510223388672
45,24.848552703857422
45,29.12444305419922
45,28.066566467285156
45,24.161128997802734
45,26.08293342590332
45,32.87153625488281
45,31.690649032592773
45,33.30841827392578
45,31.723905563354492
45,33.64508056640625
45,31.45627212524414
45,28.561298370361328
45,25.882814407348633
45,31.83782196044922
45,29.696266174316406
45,24.16670799255371
45,27.819082260131836
45,26.37038230895996
45,33.67081069946289
45,26.74125099182129
45,25.461095809936523
45,33.58818435668945
45,28.102182388305664
45,29.851585388183594
45,24.829143524169922
45,26.87158203125
45,27.409027099609375
45,32.104366302490234
45,32.371238708496094
45,29.10111427307129
45,28.907581329345703
45,31.886667251586914
45,24.80718994140625
45,33.079383850097656
45,30.2894344329834
45,27.609079360961914
45,30.843151092529297
45,24.66686248779297
45,28.83306884765625
45,24.178010940551758
45,32.025882720947266
45,24.791263580322266
45,29.593868255615234
45,30.77703094482422
45,29.574607849121094
45,30.47139549255371
45,24.735734939575195
45,32.971763610839844
45,28.78568458557129
45,26.690793991088867
45,25.979991912841797
45,27.45836067199707
45,27.151538848876953
45,29.247182846069336
45,24.169143676757812
45,32.44895553588867
45,29.751251220703125
45,28.599609375
45,26.115407943725586
45,34.08104705810547
45,32.567806243896484
45,32.695648193359375
45,27.317035675048828
45,25.870426177978516
45,33.55116271972656
45,28.01616859436035
45,25.01900291442871
45,33.86930465698242
45,30.38205909729004
45,32.56132888793945
45,26.674516677856445
45,27.37237548828125
45,32.02544021606445
45,23.564674377441406
45,28.295089721679688
45,29.988494873046875
45,25.516319274902344
45,24.322303771972656
45,25.027530670166016
45,30.93684959411621
45,24.41988754272461
45,33.6807746887207
45,32.216033935546875
45,34.224422454833984
45,32.74089813232422
45,31.01480484008789
45,27.20174789428711
45,30.622913360595703
45,30.931930541992188
45,23.79530143737793
45,32.42654037475586
45,28.15217399597168
45,27.458879470825195
45,27.433767318725586
45,34.172874450683594
45,33.81325912475586
45,30.9389591217041
45,32.30426788330078
45,31.596118927001953
45,28.6326961517334
45,25.40658187866211
45,24.645069122314453
45,25.896833419799805
45,33.05239486694336
45,33.280784606933594
45,27.106964111328125
45,29.01156234741211
45,26.80376434326172
45,33.23436737060547
45,29.269750595092773
45,32.81447219848633
45,31.42422103881836
45,26.973119735717773
45,26.84246063232422
45,24.896503448486328
45,26.951757431030273
45,28.15162467956543
45,27.581642150878906
45,32.16237258911133
45,28.9804744720459
45,31.752412796020508
45,30.294111251831055
45,25.711111068725586
45,28.700056076049805
45,29.837488174438477
45,24.24468421936035
45,32.06110763549805
45,32.757965087890625
45,28.981245040893555
45,29.341838836669922
45,33.66276550292969
45,32.60563659667969
45,29.886987686157227
45,29.950942993164062
45,26.738462448120117
45,24.69662094116211
45,27.051761627197266
45,29.806381225585938
45,27.651050567626953
45,26.969362258911133
45,23.74884796142578
45,25.08637809753418
45,26.880186080932617
45,32.70611572265625
45,32.66740417480469
45,30.07918930053711
45,24.559078216552734
45,28.47756576538086
45,26.92057228088379
45,29.73383331298828
45,27.254257202148438
45,31.365652084350586
45,32.02775573730469
45,32.3404541015625
45,28.225378036499023
45,30.006723403930664
45,30.27154541015625
45,27.3195858001709
45,29.028390884399414
45,31.17596435546875
45,29.071025848388672
45,28.782712936401367
45,28.477643966674805
45,34.80619430541992
45,28.171964645385742
45,32.72954559326172
45,32.68441390991211
45,27.13187599182129
45,33.62195587158203
45,28.043304443359375
45,31.516769409179688
45,28.175161361694336
45,26.97793960571289
45,30.515071868896484
45,28.63714599609375
45,29.344085693359375
45,26.545310974121094
45,35.9143180847168
45,33.918113708496094
45,26.80109405517578
45,31.656999588012695
45,33.647056579589844
45,33.6348876953125
45,29.30937385559082
45,29.120553970336914
45,32.176612854003906
45,36.367401123046875
45,23.88140296936035
45,24.98218536376953
45,24.171953201293945
45,31.99819564819336
45,31.48284912109375
45,26.74231719970703
45,31.381338119506836
45,29.49903678894043
45,26.981538772583008
45,32.982879638671875
45,28.091501235961914
45,25.509754180908203
45,26.648588180541992
45,28.062397003173828
45,29.879512786865234
45,27.50057029724121
45,31.282167434692383
45,25.86324119567871
45,27.342145919799805
45,27.616113662719727
45,27.796546936035156
45,26.78430938720703
45,24.342395782470703
45,34.931922912597656
45,29.341577529907227
45,31.99712562561035
45,29.650114059448242
45,26.620033264160156
45,33.26091766357422
45,24.278287887573242
45,28.082124710083008
45,30.410282135009766
45,33.41563415527344
45,26.326194763183594
45,27.372129440307617
45,25.82233428955078
45,27.27106285095215
45,29.767528533935547
45,32.26275634765625
45,29.736909866333008
45,31.440982818603516
45,29.719554901123047
45,24.843753814697266
45,26.5623779296875
45,29.157434463500977
45,24.659578323364258
45,32.97624588012695
45,29.022300720214844
45,30.86716651916504
45,28.290485382080078
45,32.789154052734375
45,28.061595916748047
45,28.448732376098633
45,29.760149002075195
45,27.10118293762207
45,30.941862106323242
45,28.509925842285156
45,27.22927474975586
45,31.467588424682617
45,24.20650863647461
45,26.861177444458008
45,29.845462799072266
45,32.13306427001953
45,25.147342681884766
45,29.202314376831055
45,34.32924270629883
45,29.157812118530273
45,23.83418083190918
45,24.67759895324707
45,33.1634635925293
45,33.2326774597168
45,25.49226188659668
45,33.726890563964844
45,32.1353645324707
45,28.836292266845703
45,33.25491714477539
45,37.02973556518555
45,33.16810607910156
45,30.492000579833984
45,25.563928604125977
45,24.455312728881836
45,26.755462646484375
45,33.456573486328125
45,32.668724060058594
45,26.415382385253906
45,33.01580810546875
45,33.318241119384766
45,27.0777645111084
45,30.141809463500977
45,25.450536727905273
45,31.854421615600586
45,29.27977752685547
45,31.589082717895508
45,26.534944534301758
45,29.95781707763672
45,25.90669059753418
45,30.936355590820312
45,30.20863914489746
45,31.28668212890625
45,31.154603958129883
45,24.317338943481445
45,30.930908203125
45,28.573501586914062
45,26.424293518066406
45,32.12193298339844
45,26.915977478027344
45,26.982412338256836
45,31.327892303466797
45,23.897212982177734
45,31.995603561401367
45,32.15807342529297
45,27.72325897216797
45,33.585350036621094
45,30.358837127685547
45,33.82828140258789
45,30.313566207885742
45,27.63050079345703
45,29.863588333129883
45,30.754785537719727
45,31.954715728759766
45,28.74129295349121
45,26.693906784057617
45,31.210493087768555
45,32.53476333618164
45,29.006622314453125
45,27.200138092041016
45,28.424680709838867
45,34.941650390625
45,31.98654556274414
45,35.00755310058594
45,28.131555557250977
45,28.863361358642578
45,32.47264099121094
45,29.127981185913086
45,27.755760192871094
45,24.516250610351562
45,34.61371612548828
45,28.79353141784668
45,29.611801147460938
45,33.538047790527344
45,34.66221237182617
45,27.32103729248047
45,31.146944046020508
45,24.558809280395508
45,30.181577682495117
45,28.859052658081055
45,25.078977584838867
45,28.983379364013672
45,30.480501174926758
45,23.90963363647461
45,27.748762130737305
45,34.43587875366211
45,27.69723129272461
45,31.16747283935547
45,33.833290100097656
45,27.657548904418945
45,24.739675521850586
45,24.906757354736328
45,25.982023239135742
45,25.045578002929688
45,31.65035629272461
45,24.16928482055664
45,27.158458709716797
45,32.973045349121094
45,35.21989822387695
45,32.639705657958984
45,29.199758529663086
45,28.055126190185547
45,33.1092643737793
45,29.428606033325195
45,27.54483413696289
45,29.760169982910156
45,24.689495086669922
45,29.177549362182617
45,25.30364227294922
45,28.11910057067871
45,32.57766342163086
45,26.163047790527344
45,28.70517349243164
45,27.084009170532227
45,29.73036003112793
45,29.846696853637695
45,27.363536834716797
45,24.94191551208496
45,33.00344467163086
45,27.362485885620117
45,25.5789794921875
45,27.617382049560547
45,26.73288917541504
45,29.974958419799805
45,26.37114715576172
45,33.43785858154297
45,25.27893829345703
45,26.92746353149414
45,28.477645874023438
45,27.48613929748535
45,31.394495010375977
45,30.966110229492188
45,26.736696243286133
45,30.19739532470703
45,29.484155654907227
45,30.50846290588379
45,29.86355972290039
45,27.345643997192383
45,32.195255279541016
45,29.52289390563965
45,28.293336868286133
45,27.22926139831543
45,29.66830825805664
45,32.38919448852539
45,31.05419158935547
45,28.230899810791016
45,31.083099365234375
45,26.965011596679688
45,27.750019073486328
45,25.656986236572266
45,28.19961166381836
45,27.288537979125977
45,29.304492950439453
45,32.06868362426758
45,31.42793846130371
45,32.081298828125
45,24.245037078857422
45,31.885419845581055
45,32.07067108154297
45,25.210384368896484
45,28.595266342163086
45,29.201229095458984
45,26.287996292114258
45,30.839012145996094
45,33.11939239501953
45,29.83445167541504
45,28.621082305908203
45,33.48167419433594
45,31.18597984313965
45,28.586828231811523
45,32.85426330566406
45,29.433082580566406
45,30.478504180908203
45,29.650291442871094
45,34.12239074707031
45,23.844749450683594
45,30.91822052001953
45,26.455480575561523
45,31.898542404174805
45,32.12918472290039
45,27.945140838623047
45,29.57050895690918
45,25.184982299804688
45,23.50799560546875
45,28.612625122070312
45,32.647701263427734
45,29.756654739379883
45,33.68144607543945
45,26.18926239013672
45,27.73964500427246
45,26.891122817993164
45,31.214923858642578
45,32.41096115112305
45,26.301467895507812
45,30.006053924560547
45,29.477996826171875
45,33.64387893676758
45,28.078542709350586
45,27.91223907470703
45,26.717485427856445
45,27.2888240814209
45,32.906070709228516
45,29.138883590698242
45,32.012123107910156
45,26.436161041259766
45,33.16188049316406
45,31.754404067993164
45,26.937944412231445
45,31.95383071899414
45,32.74784469604492
45,31.21798324584961
45,30.299381256103516
45,30.18153953552246
45,32.20863723754883
45,26.991470336914062
45,30.779226303100586
45,27.475570678710938
45,27.0643253326416
45,26.954561233520508
45,32.06289291381836
45,29.475072860717773
45,32.20441818237305
45,27.448766708374023
45,26.426076889038086
45,25.333742141723633
45,30.519668579101562
45,32.45334243774414
45,27.865514755249023
45,29.361696243286133
45,32.47540283203125
45,31.353788375854492
45,27.363893508911133
45,27.931758880615234
45,29.08230972290039
45,30.029510498046875
45,27.8872127532959
45,23.45059585571289
45,28.709224700927734
45,28.95806884765625
45,31.521438598632812
45,25.884681701660156
45,30.904130935668945
45,32.40755081176758
45,33.47885513305664
45,26.188201904296875
45,28.47418212890625
45,28.597023010253906
45,31.97079086303711
45,33.10150909423828
45,27.389162063598633
45,30.4259033203125
45,30.21623420715332
45,33.640621185302734
45,31.064563751220703
45,34.7952766418457
45,24.494705200195312
45,32.49699401855469
45,24.402587890625
45,27.850906372070312
45,30.488237380981445
45,29.276247024536133
45,27.384397506713867
45,33.21672058105469
45,34.403839111328125
45,29.134824752807617
45,32.469825744628906
45,28.42235565185547
45,27.507732391357422
45,31.4204044342041
45,31.59000015258789
45,31.38993263244629
45,31.60116195678711
45,28.42888069152832
45,28.961246490478516
45,29.796167373657227
45,31.20012092590332
45,27.46050262451172
45,27.567296981811523
45,28.668771743774414
45,28.76468849182129
45,25.429092407226562
45,28.72507095336914
45,32.89216995239258
45,26.45342254638672
45,27.559268951416016
45,28.04456901550293
45,33.191795349121094
45,24.52972412109375
45,26.809114456176758
45,24.5384521484375
45,29.29967498779297
45,27.62651824951172
45,31.85627555847168
45,27.626771926879883
45,29.549205780029297
45,28.750545501708984
45,25.03970718383789
45,32.683876037597656
45,23.438032150268555
45,24.933366775512695
45,35.8837776184082
45,27.78079605102539
45,33.150482177734375
45,32.98530578613281
45,36.178733825683594
45,34.04145812988281
45,31.253402709960938
45,30.38199806213379
45,33.600181579589844
45,31.26896858215332
45,28.36399269104004
45,29.44214630126953
45,27.99968719482422
45,31.950876235961914
45,32.90805435180664
45,31.169078826904297
45,33.263301849365234
45,33.341129302978516
45,32.52744674682617
45,32.95782470703125
45,32.58510208129883
45,26.55855369567871
45,33.12668228149414
45,28.976654052734375
45,28.107017517089844
45,33.315673828125
45,27.38854217529297
45,28.099641799926758
45,32.29102325439453
45,28.492870330810547
45,27.57599449157715
45,24.18403434753418
45,27.803207397460938
45,31.901260375976562
45,28.493066787719727
45,27.27631950378418
45,35.10873794555664
45,31.98909568786621
45,26.481311798095703
45,29.083812713623047
45,28.134933471679688
45,31.715166091918945
45,33.1791877746582
45,34.44251251220703
45,28.465709686279297
45,29.159826278686523
45,32.27754592895508
45,32.40496063232422
45,29.702587127685547
45,25.159605026245117
45,31.851600646972656
45,24.743879318237305
45,27.342082977294922
45,30.55125617980957
45,30.557851791381836
45,33.15559768676758
45,32.37507629394531
45,33.449066162109375
45,28.893386840820312
45,33.436561584472656
45,24.941299438476562
45,27.49703025817871
45,24.991649627685547
45,28.042865753173828
45,23.890911102294922
45,32.49623107910156
45,28.924392700195312
45,33.511329650878906
45,29.286937713623047
45,30.28053855895996
45,25.54373550415039
45,33.39573669433594
45,30.66025733947754
45,28.131587982177734
45,31.118072509765625
45,25.710071563720703
45,32.846805572509766
45,27.29390525817871
45,36.24781799316406
45,25.338228225708008
45,31.85651969909668
45,30.904296875
45,35.519248962402344
45,29.253923416137695
45,29.283649444580078
45,28.63252830505371
45,32.93304443359375
45,30.64286994934082
45,26.17772102355957
45,31.5788516998291
45,30.05485725402832
45,30.394790649414062
45,27.19955062866211
45,27.46693992614746
45,24.835777282714844
45,28.389219284057617
45,32.5263557434082
45,24.374698638916016
45,29.267141342163086
45,31.470069885253906
45,32.420204162597656
45,28.3496036529541
45,27.7195987701416
45,25.69890594482422
45,33.754547119140625
45,27.675168991088867
45,29.52182388305664
45,27.86554718017578
45,31.5745792388916
45,25.03948974609375
45,25.203880310058594
45,28.556800842285156
45,28.61412239074707
45,29.94927406311035
45,24.44422149658203
45,32.62675094604492
45,32.48347091674805
45,23.775732040405273
45,23.67737579345703
45,31.105541229248047
45,33.830196380615234
45,29.313983917236328
45,31.360774993896484
45,29.107412338256836
45,27.714853286743164
45,26.626056671142578
45,26.972475051879883
45,27.827302932739258
45,26.562856674194336
45,25.42180824279785
45,27.44858169555664
45,27.548397064208984
45,27.213176727294922
45,31.95955467224121
45,27.28140640258789
45,25.761960983276367
45,24.90589714050293
45,32.86116027832031
45,29.265851974487305
45,24.355297088623047
45,31.276813507080078
45,24.531648635864258
45,26.0263671875
45,24.81742286682129
45,29.384218215942383
45,27.914886474609375
45,33.1025276184082
45,24.394134521484375
45,24.182777404785156
45,26.549270629882812
45,33.91884994506836
45,33.950767517089844
45,32.201934814453125
45,33.613616943359375
45,26.475521087646484
45,33.30591583251953
45,28.67632484436035
45,33.29493713378906
45,28.089590072631836
45,30.795225143432617
45,34.008148193359375
45,24.726980209350586
45,32.605560302734375
45,29.654958724975586
45,27.011951446533203
45,29.139806747436523
45,27.26107406616211
45,28.114723205566406
45,30.067842483520508
45,33.171722412109375
45,25.88271141052246
45,31.402578353881836
45,33.47825622558594
45,29.32584571838379
45,32.186649322509766
45,31.890491485595703
45,24.71226692199707
45,24.0660343170166
45,28.36607551574707
45,28.739900588989258
45,29.686351776123047
45,26.770811080932617
45,32.992252349853516
45,32.954891204833984
45,29.94942283630371
45,26.604206085205078
45,31.781930923461914
45,33.1739616394043
45,33.39830780029297
45,27.290430068969727
45,33.075557708740234
45,28.58989143371582
45,29.110685348510742
45,29.71419906616211
45,31.466888427734375
45,24.756431579589844
45,32.78124237060547
45,32.12095642089844
45,29.1074161529541
45,29.11940574645996
45,26.511260986328125
45,32.271446228027344
45,28.939964294433594
45,31.558839797973633
45,33.12062072753906
45,26.947555541992188
45,25.19924545288086
45,27.502029418945312
45,32.482486724853516
45,28.45688819885254
45,31.495269775390625
45,29.19694709777832
45,27.486726760864258
45,34.04512023925781
45,32.89840316772461
45,28.366802215576172
45,33.05254364013672
45,29.86517333984375
45,25.13783836364746
45,27.892560958862305
45,31.5104923248291
45,33.78837585449219
45,28.58913803100586
45,30.57906150817871
45,28.66868019104004
45,33.31283950805664
45,34.24039840698242
45,27.93111801147461
45,26.24489974975586
45,26.083194732666016
45,26.699970245361328
45,28.11339569091797
45,34.10940933227539
45,28.480836868286133
45,25.073745727539062
45,32.17078399658203
45,31.941137313842773
45,28.362112045288086
45,24.901729583740234
45,31.411643981933594
45,32.14898681640625
45,29.502948760986328
45,30.828556060791016
45,32.45478057861328
45,29.009855270385742
45,24.880578994750977
45,32.17639923095703
45,32.89241027832031
45,28.069446563720703
45,25.154142379760742
45,30.17257308959961
45,31.025588989257812
45,27.613916397094727
45,27.56841468811035
45,29.18732452392578
45,30.17342758178711
45,26.81344223022461
45,34.09283447265625
45,33.856536865234375
45,24.465980529785156
45,32.989837646484375
45,31.04798698425293
45,32.347625732421875
45,31.33698081970215
45,24.340024948120117
45,23.782651901245117
45,30.36942481994629
45,30.27187156677246
45,31.166378021240234
45,29.446300506591797
45,25.499073028564453
45,26.628795623779297
45,30.81070327758789
45,33.150672912597656
45,30.298635482788086
45,32.49485778808594
45,27.576946258544922
45,28.1539363861084
45,31.590639114379883
45,31.335201263427734
45,34.202186584472656
45,24.79688262939453
45,28.48394012451172
45,34.024436950683594
45,31.27617835998535
45,31.42197036743164
45,28.798200607299805
45,28.128475189208984
45,28.332950592041016
45,27.895137786865234
45,30.874156951904297
45,28.01814842224121
45,32.995147705078125
45,23.71320915222168
45,24.677494049072266
45,29.676963806152344
45,25.52107048034668
45,28.864473342895508
45,28.025758743286133
45,32.015445709228516
45,26.667701721191406
45,33.325042724609375
45,26.979949951171875
45,24.15294647216797
45,29.368812561035156
45,29.5687255859375
45,24.660551071166992
45,29.659320831298828
45,33.35771560668945
45,25.03241729736328
45,24.40227508544922
45,31.152517318725586
45,34.81825256347656
45,28.727067947387695
45,28.42426300048828
45,24.875926971435547
45,25.99361801147461
45,30.802030563354492
45,31.329978942871094
45,25.776782989501953
45,29.761716842651367
45,33.77777099609375
45,28.964933395385742
45,24.753629684448242
45,30.43411636352539
45,27.349756240844727
45,33.5689582824707
45,26.186857223510742
45,29.154376983642578
45,27.73963737487793
45,28.6838321685791
45,29.300111770629883
45,28.66169548034668
45,31.75957489013672
45,27.960845947265625
45,33.42246627807617
45,25.718557357788086
45,24.24974822998047
45,33.68101501464844
45,33.01606369018555
45,32.579505920410156
45,33.537322998046875
45,32.893516540527344
45,33.57196044921875
45,27.964494705200195
45,33.084136962890625
45,26.56682777404785
45,28.142391204833984
45,27.880823135375977
45,29.749622344970703
45,29.749298095703125
45,29.364744186401367
45,26.31684112548828
45,28.011486053466797
45,31.46726417541504
45,31.045808792114258
45,31.196304321289062
45,30.371570587158203
45,34.24890899658203
45,32.061195373535156
45,31.4962100982666
45,27.057374954223633
45,25.059120178222656
45,33.67389678955078
45,32.817909240722656
45,24.510879516601562
45,31.81386947631836
45,32.26057815551758
45,27.83542823791504
45,28.796802520751953
45,25.935060501098633
45,29.08893394470215
45,33.428977966308594
45,24.685537338256836
45,25.015493392944336
45,27.301437377929688
45,26.5383243560791
45,29.986351013183594
45,28.860248565673828
45,23.982994079589844
45,30.6822566986084
45,31.754365921020508
45,26.507627487182617
45,34.779502868652344
45,28.17003059387207
45,27.528671264648438
45,32.72172546386719
45,25.022680282592773
45,32.2747917175293
45,26.337814331054688
45,27.956966400146484
45,29.175758361816406
45,32.30211639404297
45,23.755414962768555
45,33.66974639892578
45,29.29517364501953
45,29.728504180908203
45,26.93271255493164
45,29.00980567932129
45,30.578310012817383
45,25.076602935791016
45,31.214405059814453
45,28.9951171875
45,24.1030216217041
45,34.008758544921875
45,30.125383377075195
45,29.682178497314453
45,31.584779739379883
45,29.82123565673828
45,33.11573791503906
45,26.197175979614258
45,26.90114974975586
45,31.581117630004883
45,32.16830062866211
45,27.14725112915039
45,33.84999465942383
45,30.37751007080078
45,31.182151794433594
45,27.1524658203125
45,28.26129722595215
45,32.13582992553711
45,33.5006103515625
45,29.345787048339844
45,28.321651458740234
45,31.688251495361328
45,24.75092315673828
45,26.577720642089844
45,30.185983657836914
45,28.05506134033203
45,31.80938720703125
45,32.78413772583008
45,24.030559539794922
45,30.402740478515625
45,24.258150100708008
45,27.76383399963379
45,25.89884376525879
45,31.925392150878906
45,26.178762435913086
45,31.53899383544922
45,25.263357162475586
45,27.282695770263672
45,29.329259872436523
45,32.388099670410156
45,29.986202239990234
45,32.980751037597656
45,33.696022033691406
45,28.743810653686523
45,32.74106216430664
45,34.41783142089844
45,27.417160034179688
45,28.935848236083984
45,27.921958923339844
45,26.521709442138672
45,30.30103874206543
45,33.98101806640625
45,27.735946655273438
45,23.729122161865234
45,27.127328872680664
45,27.814529418945312
45,28.417821884155273
45,32.208229064941406
45,27.564556121826172
45,28.949987411499023
45,35.105987548828125
45,33.899391174316406
45,24.485729217529297
45,28.822126388549805
45,25.6413516998291
45,27.517473220825195
45,24.601181030273438
45,29.232717514038086
45,29.471118927001953
45,33.518516540527344
45,33.498443603515625
45,28.18635368347168
45,32.87754821777344
45,27.84349250793457
45,30.41579246520996
45,29.58794593811035
45,32.13657760620117
45,30.869136810302734
45,31.614421844482422
45,23.757614135742188
45,28.08619499206543
45,24.36651611328125
45,24.698970794677734
45,33.924442291259766
45,24.206573486328125
45,35.045249938964844
45,25.937028884887695
45,32.988094329833984
45,25.666431427001953
45,29.90612030029297
45,31.82583236694336
45,31.7123966217041
45,27.376758575439453
45,26.452253341674805
45,31.853256225585938
45,26.701702117919922
45,30.730514526367188
45,32.78177261352539
45,29.80769157409668
45,32.93589401245117
45,34.706214904785156
45,26.50558853149414
45,32.62628936767578
45,25.71002197265625
45,32.769264221191406
45,32.66307067871094
45,32.62591552734375
45,29.113862991333008
45,25.73261260986328
45,31.271398544311523
45,33.2935676574707
45,35.14166259765625
45,26.424406051635742
45,29.68510627746582
45,27.201929092407227
45,26.967679977416992
45,25.9898624420166
45,29.599384307861328
45,33.14988708496094
45,34.34230422973633
45,33.14933776855469
45,32.677696228027344
45,34.234954833984375
45,32.5733757019043
45,28.429153442382812
45,34.04533386230469
45,32.612403869628906
45,27.423303604125977
45,33.0084342956543
45,28.457687377929688
45,33.42708969116211
45,33.59299850463867
45,33.552772521972656
45,28.27903938293457
45,29.516403198242188
45,29.905899047851562
45,25.4680118560791
45,27.752029418945312
45,25.94558334350586
45,30.336227416992188
45,26.164306640625
45,28.18791961669922
45,34.70623016357422
45,29.671306610107422
45,28.00455665588379
45,29.453081130981445
45,31.11028480529785
45,27.6578369140625
45,27.451030731201172
45,32.91293716430664
45,30.895275115966797
45,29.81433868408203
45,31.580263137817383
45,25.5903263092041
45,26.69536590576172
45,34.4393196105957
45,31.476194381713867
45,27.69125747680664
45,31.09528923034668
45,30.482805252075195
45,25.467557907104492
45,31.787790298461914
45,34.78273010253906
45,28.70637321472168
45,32.6798095703125
45,34.397491455078125
45,29.71702003479004
45,28.79450798034668
45,29.03274917602539
45,33.22520446777344
45,26.967315673828125
45,29.655534744262695
45,25.80021858215332
45,24.221965789794922
45,23.74884605407715
45,30.64117431640625
45,31.3404541015625
45,25.025768280029297
45,27.804807662963867
45,29.755111694335938
45,31.880794525146484
45,31.291065216064453
45,28.11319923400879
45,25.157941818237305
45,27.249683380126953
45,26.87288475036621
45,33.38027572631836
45,31.737897872924805
45,24.905601501464844
45,26.171581268310547
45,27.12212562561035
45,34.44507598876953
45,31.525405883789062
45,29.299715042114258
45,33.449607849121094
45,22.850950241088867
45,27.951614379882812
45,35.030948638916016
45,32.84376525878906
45,30.27653694152832
45,24.620718002319336
45,28.021326065063477
45,24.60683822631836
45,34.499046325683594
45,28.63194465637207
45,34.19876480102539
45,33.94939041137695
45,31.993366241455078
45,32.69106674194336
45,35.52967834472656
45,27.60271453857422
45,34.48452377319336
45,28.254980087280273
45,28.68821907043457
45,26.27480125427246
45,32.83942413330078
45,29.39510154724121
45,29.396150588989258
45,29.544918060302734
45,33.92560958862305
45,23.81429672241211
45,34.33259582519531
45,30.514232635498047
45,35.94408416748047
45,23.897552490234375
45,29.34734535217285
45,32.61057662963867
45,30.456527709960938
45,33.53447723388672
45,24.649372100830078
45,30.74417495727539
45,29.893644332885742
45,34.146297454833984
45,25.180927276611328
45,26.85989761352539
45,33.003257751464844
45,27.94818878173828
45,32.925662994384766
45,29.929006576538086
45,33.803321838378906
45,24.354341506958008
45,24.152164459228516
45,29.666744232177734
45,29.482675552368164
45,29.14464569091797
45,24.687088012695312
45,28.53333854675293
45,25.128969192504883
45,29.11176300048828
45,28.34752655029297
45,34.3292350769043
45,31.05896759033203
45,30.4679012298584
45,32.6011848449707
45,32.32685089111328
45,35.055721282958984
45,31.749996185302734
45,23.97930335998535
45,29.930946350097656
45,28.166608810424805
45,33.79534149169922
45,29.825868606567383
45,25.765838623046875
45,24.446529388427734
45,25.428136825561523
45,25.646509170532227
45,24.508079528808594
45,25.21003532409668
45,27.37454605102539
45,28.022750854492188
45,33.38022994995117
45,33.41782760620117
45,32.14825439453125
45,27.61431312561035
45,33.03546142578125
45,27.672405242919922
45,31.84856414794922
45,31.394804000854492
45,34.6140251159668
45,26.529186248779297
45,30.356109619140625
45,33.11854934692383
45,27.325056076049805
45,27.453824996948242
45,32.633689880371094
45,25.20842742919922
45,26.429946899414062
45,27.591655731201172
45,31.053190231323242
45,27.580766677856445
45,30.817398071289062
45,29.423019409179688
45,30.678552627563477
45,25.903345108032227
45,33.29077911376953
45,24.797687530517578
45,30.22901725769043
45,27.497140884399414
45,26.920095443725586
45,30.879919052124023
45,26.79684829711914
45,32.06105422973633
45,25.239233016967773
45,25.066177368164062
45,30.091175079345703
45,30.777111053466797
45,23.465740203857422
45,25.432918548583984
45,29.993595123291016
45,32.084190368652344
45,29.85199737548828
45,30.66874885559082
45,28.977920532226562
45,34.53499984741211
45,27.756412506103516
45,28.858596801757812
45,24.67900848388672
45,28.304227828979492
45,29.30695343017578
45,32.82918930053711
45,31.828975677490234
45,26.827911376953125
45,27.977123260498047
45,27.86615753173828
45,24.3197021484375
45,31.495006561279297
45,29.466787338256836
45,27.3177433013916
45,27.570707321166992
45,34.2862663269043
45,27.059343338012695
45,32.68327713012695
45,31.343215942382812
45,33.07357406616211
45,24.5225887298584
45,24.674457550048828
45,32.950870513916016
45,33.12096405029297
45,25.562658309936523
45,33.077880859375
45,29.3485164642334
45,30.136316299438477
45,30.950769424438477
45,32.04497146606445
45,27.94172477722168
45,25.22867202758789
45,26.5810604095459
45,32.4150276184082
45,23.40646743774414
45,30.441137313842773
45,31.364980697631836
45,33.43247985839844
45,33.54376220703125
45,26.672142028808594
45,27.650156021118164
45,26.309186935424805
45,27.147132873535156
45,26.285831451416016
45,28.80529022216797
45,26.3343448638916
45,29.605562210083008
45,25.92429542541504
45,33.42232894897461
45,25.55908203125
45,23.49894905090332
45,29.109355926513672
45,25.93099594116211
45,33.19197082519531
45,27.86174774169922
45,33.284297943115234
45,25.70509147644043
45,28.80432891845703
45,27.84354591369629
45,32.27485275268555
45,27.50200653076172
45,34.69671630859375
45,26.712865829467773
45,24.98407554626465
45,28.670194625854492
45,27.76493263244629
45,24.695186614990234
45,26.920196533203125
45,31.47394561767578
45,28.373374938964844
45,26.377185821533203
45,27.20974349975586
45,30.79372787475586
45,24.769811630249023
45,31.55938720703125
45,31.416765213012695
45,28.843929290771484
45,29.219743728637695
45,28.718692779541016
45,32.569732666015625
45,32.78893280029297
45,33.536285400390625
45,25.399072647094727
45,28.698026657104492
45,26.264301300048828
45,32.02228927612305
45,32.968994140625
45,33.41876983642578
45,25.23297882080078
45,33.784385681152344
45,26.69354248046875
45,27.51654052734375
45,24.906917572021484
45,31.991756439208984
45,29.06007957458496
45,24.459537506103516
45,24.339981079101562
45,24.62783432006836
45,33.875938415527344
45,28.271753311157227
45,35.571651458740234
45,29.25527000427246
45,32.967201232910156
45,26.663925170898438
45,32.50178527832031
45,24.64163589477539
45,27.888574600219727
45,32.79472351074219
45,27.005285263061523
45,29.23011589050293
45,27.990488052368164
45,26.117666244506836
45,33.64372253417969
45,29.654869079589844
45,32.30345916748047
45,26.19487953186035
45,30.929645538330078
45,27.986589431762695
45,33.94574737548828
45,29.915748596191406
45,34.281898498535156
45,31.26898765563965
45,32.59599304199219
45,29.24953269958496
45,26.98101043701172
45,27.115877151489258
45,26.602405548095703
45,32.78007125854492
45,25.270217895507812
45,25.498870849609375
45,34.918033599853516
45,25.732948303222656
45,34.32041931152344
45,34.542259216308594
45,32.82867431640625
45,32.1390495300293
45,30.112802505493164
45,29.147037506103516
45,32.23324203491211
45,29.21384048461914
45,28.967119216918945
45,29.082197189331055
45,32.43553161621094
45,31.303653717041016
45,27.04681396484375
45,32.323734283447266
45,33.330379486083984
45,32.718833923339844
45,27.90630531311035
45,25.629852294921875
45,27.606891632080078
45,24.73694610595703
45,24.90585708618164
45,33.60511779785156
45,33.39840316772461
45,33.5777473449707
45,28.92660140991211
45,26.743066787719727
45,32.925758361816406
45,25.68155288696289
45,25.30196762084961
45,32.291709899902344
45,24.51455307006836
45,27.982023239135742
45,29.83794403076172
45,33.00082778930664
45,26.748294830322266
45,24.576274871826172
45,28.94857406616211
45,26.476240158081055
45,30.2684268951416
45,33.07832336425781
45,32.54712677001953
45,30.86844825744629
45,32.3343620300293
45,29.61979103088379
45,30.753915786743164
45,32.368080139160156
45,26.092924118041992
45,25.620887756347656
45,30.63048553466797
45,31.647747039794922
45,30.876323699951172
45,29.741901397705078
45,25.37581443786621
45,24.102930068969727
45,30.535844802856445
45,30.262325286865234
45,31.075244903564453
45,24.169198989868164
45,28.48105239868164
45,29.25553321838379
45,32.32508850097656
45,28.200565338134766
45,32.61879348754883
45,33.9440803527832
45,30.126924514770508
45,27.729032516479492
45,28.760461807250977
45,27.938819885253906
45,28.472196578979492
45,27.897069931030273
45,25.544157028198242
45,26.271738052368164
45,25.407772064208984
45,31.766401290893555
45,25.13490867614746
45,27.05862045288086
45,24.962656021118164
45,26.776567459106445
45,30.131893157958984
45,32.702301025390625
45,32.83777618408203
45,29.274755477905273
45,34.630470275878906
45,31.608715057373047
45,32.6335334777832
45,27.04538345336914
45,28.376623153686523
45,30.448482513427734
45,33.26640701293945
45,33.7725830078125
45,31.11684226989746
45,24.732816696166992
45,32.883487701416016
45,24.4891300201416
45,24.96371078491211
45,33.0455207824707
45,29.119897842407227
45,26.80096435546875
45,28.616151809692383
45,26.26822280883789
45,24.538394927978516
45,32.801998138427734
45,31.466100692749023
45,28.855804443359375
45,28.360557556152344
45,28.799095153808594
45,30.991756439208984
45,33.28258514404297
45,31.261329650878906
45,25.681854248046875
45,28.2862548828125
45,31.243825912475586
45,28.675390243530273
45,25.16021156311035
45,26.88333511352539
45,29.670055389404297
45,34.45000457763672
45,31.246007919311523
45,32.71100997924805
45,32.95554733276367
45,27.309608459472656
45,27.856285095214844
45,30.886531829833984
45,34.586055755615234
45,31.284513473510742
45,31.678869247436523
45,33.15169906616211
45,28.403554916381836
45,30.612194061279297
45,33.046607971191406
45,28.932323455810547
45,30.77304458618164
45,33.3348274230957
45,32.45853805541992
45,35.080780029296875
45,30.75132179260254
45,26.63545036315918
45,28.084117889404297
45,29.958518981933594
45,27.047454833984375
45,29.396242141723633
45,29.187854766845703
45,33.52880096435547
45,33.85401916503906
45,28.927101135253906
45,29.43603515625
45,25.803815841674805
45,30.470306396484375
45,33.068729400634766
45,31.788681030273438
45,33.69037628173828
45,25.76888656616211
45,33.71307373046875
45,32.96833801269531
45,28.179712295532227
45,28.896657943725586
45,26.84610366821289
45,24.44041633605957
45,26.72974395751953
45,27.752817153930664
45,32.178035736083984
45,28.67607879638672
45,24.571081161499023
45,26.735279083251953
45,28.032875061035156
45,29.172115325927734
45,26.646114349365234
45,25.333044052124023
45,26.71958351135254
45,30.086946487426758
45,34.70079040527344
45,30.113842010498047
45,27.961414337158203
45,31.10378646850586
45,29.68211555480957
45,28.9918212890625
45,30.13742446899414
45,33.947601318359375
45,32.255523681640625
45,28.681760787963867
45,27.821935653686523
45,31.043432235717773
45,28.48478889465332
45,25.95575523376465
45,29.207717895507812
45,27.552078247070312
45,26.85268783569336
45,33.47158432006836
45,28.83574676513672
45,30.436147689819336
45,29.652957916259766
45,31.40030288696289
45,31.929807662963867
45,28.293838500976562
45,32.7125358581543
45,33.78750228881836
45,29.076778411865234
45,26.780580520629883
45,29.287200927734375
45,31.809173583984375
45,26.548328399658203
45,31.28665542602539
45,26.9417724609375
45,32.68132019042969
45,28.986000061035156
45,33.42131423950195
45,25.037429809570312
45,26.044036865234375
45,24.590415954589844
45,32.421573638916016
45,29.219011306762695
45,25.73633575439453
45,29.98554801940918
45,26.575233459472656
45,29.888961791992188
45,35.73627853393555
45,32.65040969848633
45,34.57785415649414
45,30.316551208496094
45,33.386531829833984
45,32.08501052856445
45,28.260623931884766
45,32.41798400878906
45,31.460866928100586
45,32.091251373291016
45,24.828386306762695
45,32.61094284057617
45,31.245758056640625
45,36.70072555541992
45,29.985565185546875
45,26.97553253173828
45,34.27776336669922
45,29.59650230407715
45,26.044267654418945
45,29.035306930541992
45,27.534685134887695
45,31.55458641052246
45,24.238887786865234
45,34.042991638183594
45,31.649965286254883
45,27.206356048583984
45,30.683055877685547
45,28.949480056762695
45,32.41436767578125
45,33.150917053222656
45,31.5850772857666
45,26.705001831054688
45,29.356609344482422
45,31.694461822509766
45,24.307220458984375
45,31.83104133605957
45,28.73756980895996
45,29.123769760131836
45,31.9780330657959
45,29.679340362548828
45,23.8170223236084
45,32.22496032714844
45,24.630586624145508
45,31.144718170166016
45,25.175235748291016
45,32.64300537109375
45,27.879697799682617
45,28.936800003051758
45,29.123952865600586
45,29.54408073425293
45,26.59762954711914
45,25.965843200683594
45,28.237003326416016
45,27.338794708251953
45,32.85776138305664
45,26.5900936126709
45,26.065153121948242
45,34.45968246459961
45,35.100547790527344
45,27.192214965820312
45,32.336814880371094
45,28.693283081054688
45,25.922061920166016
45,27.133495330810547
45,31.724382400512695
45,33.90712356567383
45,30.005985260009766
45,27.6223201751709
45,25.447126388549805
45,25.20501136779785
45,29.4517822265625
45,25.923843383789062
45,29.6841983795166
45,29.895572662353516
45,29.343442916870117
45,33.056400299072266
45,28.2517147064209
45,34.5147590637207
45,33.422969818115234
45,28.94901466369629
45,25.13690948486328
45,31.802919387817383
45,25.723369598388672
45,34.29978942871094
45,33.05416488647461
45,31.776151657104492
45,27.001480102539062
45,27.719560623168945
45,27.415441513061523
45,32.128562927246094
45,27.329998016357422
45,26.70357322692871
45,29.912212371826172
45,31.30225944519043
45,34.56655502319336
45,32.53486251831055
45,32.25102233886719
45,26.205730438232422
45,32.76875686645508
45,27.562726974487305
45,31.778011322021484
45,24.662307739257812
45,26.798086166381836
45,26.22235870361328
45,32.048301696777344
45,25.978412628173828
45,24.433876037597656
45,26.003311157226562
45,29.046846389770508
45,28.6479549407959
45,26.63604736328125
45,28.75310707092285
45,30.805089950561523
45,29.772825241088867
45,24.11391258239746
45,27.376195907592773
45,31.989004135131836
45,26.52714729309082
45,28.216951370239258
45,32.31672286987305
45,23.77260398864746
45,27.78460121154785
45,27.858190536499023
45,25.188325881958008
45,30.42809295654297
45,27.92890167236328
45,32.08017349243164
45,24.95960235595703
45,25.928436279296875
45,25.670066833496094
45,32.576717376708984
45,32.098594665527344
45,24.458372116088867
45,31.92040252685547
45,32.36784362792969
45,27.14286231994629
45,24.329387664794922
45,28.579830169677734
45,25.204513549804688
45,27.27886962890625
45,28.41735076904297
45,35.59250259399414
45,29.625810623168945
45,28.792863845825195
45,28.229795455932617
45,31.94171714782715
45,32.334434509277344
45,28.705673217773438
45,33.299312591552734
45,25.92935562133789
45,33.908447265625
45,24.67180824279785
45,24.841190338134766
45,33.620304107666016
45,34.0580940246582
45,33.45515823364258
45,26.135915756225586
45,28.693561553955078
45,32.96735763549805
45,28.698101043701172
45,28.293210983276367
45,32.429908752441406
45,26.329118728637695
45,34.123199462890625
45,29.546157836914062
45,29.452335357666016
45,29.485910415649414
45,25.477392196655273
45,24.229534149169922
45,27.760162353515625
45,28.146408081054688
45,34.28834915161133
45,32.25947952270508
45,27.30484390258789
45,33.46024703979492
45,27.510997772216797
45,32.1612663269043
45,25.931610107421875
45,29.428579330444336
45,28.267379760742188
45,24.944252014160156
45,33.42621994018555
45,31.87765121459961
45,36.30766296386719
45,29.64664649963379
45,30.109359741210938
45,32.8022346496582
45,25.49368667602539
45,32.20934295654297
45,23.825916290283203
45,24.585792541503906
45,33.0458869934082
45,33.22304916381836
45,24.928991317749023
45,26.33856773376465
45,27.48107147216797
45,32.45778274536133
45,34.71522521972656
45,30.213123321533203
45,29.245420455932617
45,33.8064079284668
45,26.51696014404297
45,25.74738121032715
45,32.0966911315918
45,30.914348602294922
45,28.276203155517578
45,28.217178344726562
45,29.396238327026367
45,26.19330406188965
45,26.44407081604004
45,30.3111629486084
45,28.918073654174805
45,32.68429946899414
45,27.480058670043945
45,29.311195373535156
45,30.12551498413086
45,31.673828125
45,32.369842529296875
45,29.202190399169922
45,27.417583465576172
45,25.990816116333008
45,25.28760528564453
45,29.946725845336914
45,29.527236938476562
45,31.451904296875
45,28.10793113708496
45,30.177310943603516
45,24.444677352905273
45,31.6903133392334
45,24.74884033203125
45,29.448211669921875
45,27.66716957092285
45,25.89777183532715
45,26.36260223388672
45,31.483064651489258
45,27.946611404418945
45,33.305755615234375
45,27.455297470092773
45,24.868101119995117
45,28.296537399291992
45,33.4483642578125
45,24.61675262451172
45,32.87632369995117
45,27.344099044799805
45,26.337858200073242
45,26.951313018798828
45,28.69255256652832
45,26.139617919921875
45,31.59845733642578
45,30.976465225219727
45,26.324600219726562
45,27.947895050048828
45,30.20081901550293
45,28.781583786010742
45,27.92953872680664
45,28.961200714111328
45,25.042478561401367
45,27.669525146484375
45,33.157318115234375
45,24.526803970336914
45,23.984567642211914
45,26.547679901123047
45,32.14731216430664
45,24.2001953125
45,24.417827606201172
45,29.010814666748047
45,32.28886413574219
45,33.13045883178711
45,31.246938705444336
45,32.94114303588867
45,26.407392501831055
45,29.42916488647461
45,32.248085021972656
45,27.991121292114258
45,29.810514450073242
45,30.883995056152344
45,29.084842681884766
45,27.592849731445312
45,33.848026275634766
45,33.520484924316406
45,30.478933334350586
45,25.72061538696289
45,29.909072875976562
45,25.17778778076172
45,30.881269454956055
45,30.702091217041016
45,32.863609313964844
45,24.743694305419922
45,28.644433975219727
45,29.431730270385742
45,24.794883728027344
45,32.0822868347168
45,34.077606201171875
45,23.183687210083008
45,31.071903228759766
45,33.264381408691406
45,23.380891799926758
45,26.28871726989746
45,31.1668758392334
45,32.376956939697266
45,24.629056930541992
45,29.058168411254883
45,29.074317932128906
45,33.849815368652344
45,29.73821449279785
45,32.57582092285156
45,25.484663009643555
45,33.208396911621094
45,33.38182067871094
45,30.589468002319336
45,28.04339599609375
45,26.084407806396484
45,32.48735809326172
45,24.991079330444336
45,28.907289505004883
45,30.235578536987305
45,27.98732566833496
45,28.7542724609375
45,25.153358459472656
45,35.67305374145508
45,31.75667953491211
45,32.57610321044922
45,28.094745635986328
45,31.69329833984375
45,31.6630859375
45,33.75532531738281
45,31.659404754638672
45,25.833642959594727
45,31.715084075927734
45,30.96097755432129
45,31.734628677368164
45,32.9914665222168
45,28.835357666015625
45,33.29929733276367
45,27.008769989013672
45,32.68882751464844
45,28.6210994720459
45,25.54082679748535
45,31.610443115234375
45,26.32279396057129
45,29.459638595581055
45,29.239788055419922
45,27.011693954467773
45,31.517770767211914
45,26.39148712158203
45,26.481847763061523
45,28.50836181640625
45,26.95353889465332
45,28.802019119262695
45,33.63719177246094
45,25.882755279541016
45,27.71034812927246
45,28.41480255126953
45,33.29192352294922
45,35.48896408081055
45,33.30596160888672
45,32.57119369506836
45,26.586362838745117
45,29.911907196044922
45,33.41686248779297
45,24.36437225341797
45,33.2178955078125
45,31.51112937927246
45,34.48478698730469
45,30.770891189575195
45,32.83078384399414
45,24.461915969848633
45,24.85232925415039
45,24.686315536499023
45,30.504138946533203
45,31.687713623046875
45,33.98748779296875
45,28.58246612548828
45,30.654003143310547
45,25.337644577026367
45,27.820024490356445
45,29.843975067138672
45,32.58474349975586
45,29.9710750579834
45,28.500513076782227
45,32.60187530517578
45,30.909927368164062
45,28.696821212768555
45,31.917688369750977
45,30.770198822021484
45,29.299415588378906
45,24.158113479614258
45,27.75270652770996
45,28.84981346130371
45,24.333133697509766
45,30.307519912719727
45,24.22492790222168
45,28.85606575012207
45,29.778879165649414
45,24.9212703704834
45,29.18251609802246
45,27.324172973632812
45,33.94565963745117
45,28.972291946411133
45,33.93926239013672
45,29.518146514892578
45,29.44245147705078
45,29.532869338989258
45,25.753780364990234
45,24.287622451782227
45,25.578731536865234
45,29.870559692382812
45,24.936119079589844
45,27.01754379272461
45,28.65728187561035
45,30.968786239624023
45,26.901329040527344
45,26.59768295288086
45,25.387914657592773
45,26.86050033569336
45,32.87931442260742
45,34.10106658935547
45,33.54001998901367
45,32.02150344848633
45,26.199825286865234
45,25.10577392578125
45,34.320770263671875
45,30.890047073364258
45,33.15830612182617
45,31.43197250366211
45,32.5223274230957
45,27.646726608276367
45,32.67335510253906
45,31.340805053710938
45,24.914356231689453
45,32.71380615234375
45,26.259246826171875
45,30.99921226501465
45,31.180217742919922
45,32.834930419921875
45,24.550212860107422
45,34.35919952392578
45,30.04354476928711
45,33.76382064819336
45,28.95263671875
45,29.10578727722168
45,30.704368591308594
45,24.67831802368164
45,25.638242721557617
45,32.25166702270508
45,30.15097427368164
45,26.494335174560547
45,33.6095085144043
45,25.40130043029785
45,27.31166648864746
45,24.948963165283203
45,31.441402435302734
45,32.01398849487305
45,26.19735336303711
45,31.405065536499023
45,31.047143936157227
45,32.8968391418457
45,26.596769332885742
45,34.565120697021484
45,25.860061645507812
45,30.139101028442383
45,32.53506088256836
45,30.593975067138672
45,32.65473175048828
45,26.362337112426758
45,30.35919189453125
45,30.52652931213379
45,28.70333480834961
45,25.171836853027344
45,31.20006561279297
45,28.555572509765625
45,32.85517501831055
45,28.6020565032959
45,27.08258056640625
45,32.59919738769531
45,33.8966064453125
45,25.962011337280273
45,33.083946228027344
45,26.553752899169922
45,27.757036209106445
45,27.7269287109375
45,24.549654006958008
45,25.132396697998047
45,26.040231704711914
45,32.947021484375
45,30.872825622558594
45,32.43909454345703
45,29.561786651611328
45,32.600303649902344
45,25.483295440673828
45,33.19659423828125
45,24.50748062133789
45,27.891284942626953
45,31.756328582763672
45,27.444368362426758
45,33.09237289428711
45,29.565343856811523
45,34.19093704223633
45,26.62129783630371
45,27.48783302307129
45,33.01709747314453
45,24.093313217163086
45,31.976276397705078
45,35.172508239746094
45,23.89132308959961
45,32.694664001464844
45,23.750194549560547
45,28.543180465698242
45,28.202951431274414
45,26.787540435791016
45,34.182403564453125
45,27.265241622924805
45,24.28413200378418
45,29.2420654296875
45,33.53765869140625
45,29.23261260986328
45,30.22966194152832
45,31.146759033203125
45,32.78240203857422
45,24.728580474853516
45,27.613319396972656
45,27.47648811340332
45,25.905776977539062
45,30.724834442138672
45,27.860538482666016
45,35.63976287841797
45,30.610746383666992
45,29.657577514648438
45,27.147602081298828
45,27.03059959411621
45,25.655839920043945
45,29.478668212890625
45,29.055004119873047
45,29.039649963378906
45,33.55097198486328
45,32.50437927246094
45,26.186073303222656
45,28.058795928955078
45,31.04668617248535
45,27.990333557128906
45,24.57521629333496
45,29.549636840820312
45,28.41925048828125
45,32.762664794921875
45,31.90114402770996
45,31.253835678100586
45,24.246110916137695
45,29.352394104003906
45,29.714984893798828
45,29.970989227294922
45,27.783445358276367
45,32.60357666015625
45,32.92006301879883
45,32.01375198364258
45,24.442975997924805
45,30.154409408569336
45,26.300426483154297
45,26.409704208374023
45,24.23528289794922
45,24.461593627929688
45,27.255050659179688
45,31.798765182495117
45,31.444177627563477
45,29.714923858642578
45,28.39434242248535
45,28.04779052734375
45,29.216259002685547
45,33.49011993408203
45,27.800813674926758
45,32.32197952270508
45,31.739072799682617
45,33.030029296875
45,29.220935821533203
45,28.428916931152344
45,27.638160705566406
45,28.236268997192383
45,32.432064056396484
45,34.380062103271484
45,31.53890609741211
45,31.240394592285156
45,32.882041931152344
45,27.393421173095703
45,25.69070816040039
45,28.84453773498535
45,32.34138107299805
45,25.0454044342041
45,23.82455825805664
45,25.630783081054688
45,31.261213302612305
45,32.0643424987793
45,24.443099975585938
45,25.425128936767578
45,34.20452880859375
45,31.243711471557617
45,30.740509033203125
45,29.872581481933594
45,26.6536808013916
45,28.25197410583496
45,24.958227157592773
45,25.905792236328125
45,28.848093032836914
45,34.196224212646484
45,27.7941837310791
45,27.00912857055664
45,33.36134338378906
45,27.949630737304688
45,26.710769653320312
45,24.570541381835938
45,33.906715393066406
45,32.81273651123047
45,34.256561279296875
45,31.018367767333984
45,26.86014747619629
45,29.673057556152344
45,29.88612937927246
45,29.285165786743164
45,30.819440841674805
45,31.41786766052246
45,33.05065155029297
45,25.361366271972656
45,28.414432525634766
45,25.891036987304688
45,24.442461013793945
45,33.5462646484375
45,33.063899993896484
45,33.48916244506836
45,33.68067932128906
45,29.117612838745117
45,27.318960189819336
45,28.76992416381836
45,26.50395393371582
45,29.173675537109375
45,23.79310417175293
45,27.867204666137695
45,30.272823333740234
45,24.369693756103516
45,32.44185256958008
45,25.94866943359375
45,23.798242568969727
45,33.986515045166016
45,33.68254852294922
45,24.356882095336914
45,31.200302124023438
45,25.47583770751953
45,28.038930892944336
45,28.220272064208984
45,32.92627716064453
45,27.51179313659668
45,33.82233428955078
45,28.521379470825195
45,26.427772521972656
45,29.550338745117188
45,33.38481903076172
45,27.659330368041992
45,33.82514572143555
45,31.664735794067383
45,26.204639434814453
45,29.24191665649414
45,27.787715911865234
45,26.29960823059082
45,30.181026458740234
45,27.542089462280273
45,31.81597137451172
45,29.43152618408203
45,24.65350341796875
45,31.639253616333008
45,33.614559173583984
45,32.449851989746094
45,27.626693725585938
45,28.319780349731445
45,32.895912170410156
45,28.1669864654541
45,24.74433708190918
45,31.08659553527832
45,24.824371337890625
45,28.947914123535156
45,29.952571868896484
45,33.545433044433594
45,28.240510940551758
45,31.707712173461914
45,24.874055862426758
45,30.216922760009766
45,34.01848602294922
45,31.57644271850586
45,28.38678550720215
45,28.523014068603516
45,29.476818084716797
45,32.2327995300293
45,27.555166244506836
45,28.228988647460938
45,24.451675415039062
45,31.95897674560547
45,32.27943801879883
45,27.000267028808594
45,31.28748893737793
45,35.22473907470703
45,33.61859893798828
45,32.53229522705078
45,32.57209014892578
45,31.066137313842773
45,31.874372482299805
45,29.14882469177246
45,30.999359130859375
45,28.211938858032227
45,31.03274154663086
45,27.487890243530273
45,33.22698974609375
45,28.99602699279785
45,27.211769104003906
45,24.849685668945312
45,25.699037551879883
45,27.259363174438477
45,24.682300567626953
45,27.876428604125977
45,25.109703063964844
45,25.354299545288086
45,29.972959518432617
45,28.063718795776367
45,25.303783416748047
45,32.61631774902344
45,29.2889461517334
45,28.495046615600586
45,25.09585952758789
45,27.59183692932129
45,29.549415588378906
45,27.735944747924805
45,28.979524612426758
45,26.37189292907715
45,30.2012996673584
45,28.97591209411621
45,31.056180953979492
45,32.856895446777344
45,31.144550323486328
45,28.26884651184082
45,27.6455020904541
45,27.75001335144043
45,25.59736442565918
45,26.241689682006836
45,30.25838279724121
45,28.846120834350586
45,27.51932716369629
45,31.196836471557617
45,27.301023483276367
45,27.812313079833984
45,29.98233413696289
45,35.233192443847656
45,32.587974548339844
45,36.75775146484375
45,23.9147891998291
45,24.58017349243164
45,34.17688751220703
45,28.16041374206543
45,24.49784278869629
45,33.4329948425293
45,27.40693473815918
45,27.24709129333496
45,32.261627197265625
45,27.67351722717285
45,32.04867172241211
45,25.248876571655273
45,30.374897003173828
45,27.62191390991211
45,31.650196075439453
45,29.72467803955078
45,32.70120620727539
45,29.162250518798828
45,24.389053344726562
45,31.46521759033203
45,27.3275146484375
45,31.912067413330078
45,26.457923889160156
45,32.213462829589844
45,28.953716278076172
45,28.883161544799805
45,33.259605407714844
45,26.610652923583984
45,31.45711898803711
45,32.49186706542969
45,32.42697525024414
45,27.00809097290039
45,31.766029357910156
45,32.294673919677734
45,32.66105270385742
45,31.418392181396484
45,27.04668617248535
45,28.844154357910156
45,31.05777931213379
45,24.78035545349121
45,24.541582107543945
45,24.94284439086914
45,30.239078521728516
45,29.614336013793945
45,27.691890716552734
45,30.724828720092773
45,27.813112258911133
45,29.55816078186035
45,35.654632568359375
45,29.177507400512695
45,34.215023040771484
45,26.47276496887207
45,24.186065673828125
45,31.051658630371094
45,29.520753860473633
45,27.467750549316406
45,31.5206356048584
45,33.425148010253906
45,24.146982192993164
45,29.96769142150879
45,32.36200714111328
45,30.720949172973633
45,25.261259078979492
45,29.929218292236328
45,24.85526466369629
45,28.113304138183594
45,27.89586639404297
45,25.921897888183594
45,25.871829986572266
45,31.52798843383789
45,24.587081909179688
45,25.492639541625977
45,31.656957626342773
45,29.074888229370117
45,28.26239013671875
45,24.652320861816406
45,24.830915451049805
45,32.43700408935547
45,31.700157165527344
45,31.464515686035156
45,25.424339294433594
45,25.863191604614258
45,33.1489372253418
45,29.705673217773438
45,29.546653747558594
45,32.33955383300781
45,31.621070861816406
45,28.187885284423828
45,34.53935241699219
45,31.4246768951416
45,29.305307388305664
45,30.23249053955078
45,28.417369842529297
45,32.37424850463867
45,27.701738357543945
45,28.887008666992188
45,29.702972412109375
45,27.90230941772461
45,32.16865921020508
45,33.74452209472656
45,30.788585662841797
45,29.836746215820312
45,33.072208404541016
45,32.36287307739258
45,33.30623245239258
45,28.905506134033203
45,29.55730438232422
45,25.304332733154297
45,24.69015121459961
45,26.404481887817383
45,25.093303680419922
45,24.54818344116211
45,33.13631057739258
45,32.981895446777344
45,29.701417922973633
45,31.308671951293945
45,31.478107452392578
45,27.98388671875
45,25.045490264892578
45,30.254980087280273
45,28.80072021484375
45,26.451160430908203
45,26.006595611572266
45,27.87520980834961
45,28.663280487060547
45,29.63500213623047
45,33.381797790527344
45,35.143348693847656
45,32.026214599609375
45,27.48987579345703
45,33.568992614746094
45,30.522680282592773
45,27.816198348999023
45,29.86210060119629
45,25.718904495239258
45,24.925134658813477
45,29.35713005065918
45,27.63335418701172
45,32.727455139160156
45,32.375343322753906
45,29.911102294921875
45,29.259418487548828
45,23.31949234008789
45,31.15766716003418
45,25.811874389648438
45,26.491867065429688
45,23.73759651184082
45,28.457996368408203
45,31.717283248901367
45,25.449655532836914
45,28.013259887695312
45,31.62602996826172
45,30.88508415222168
45,28.142309188842773
45,28.096986770629883
45,29.17937469482422
45,25.659086227416992
45,23.770849227905273
45,28.502405166625977
45,27.964466094970703
45,25.48101043701172
45,34.33155822753906
45,31.06429100036621
45,28.15192413330078
45,24.761249542236328
45,31.653867721557617
45,32.653873443603516
45,32.61201477050781
45,29.604137420654297
45,32.745079040527344
45,25.447866439819336
45,28.515810012817383
45,30.626705169677734
45,28.842836380004883
45,31.01496696472168
45,25.29636001586914
45,29.12859535217285
45,32.01191329956055
45,31.59926986694336
45,32.3852653503418
45,32.04265213012695
45,32.035831451416016
45,28.78386878967285
45,32.331947326660156
45,32.41599655151367
45,28.55320930480957
45,29.34372329711914
45,29.98322296142578
45,31.285175323486328
45,31.817951202392578
45,28.25019073486328
45,27.356210708618164
45,32.81810760498047
45,28.340980529785156
45,32.38047409057617
45,29.808609008789062
45,29.151987075805664
45,25.526269912719727
45,25.387300491333008
45,34.73168182373047
45,30.77223014831543
45,27.669340133666992
45,30.016828536987305
45,23.78046226501465
45,27.429414749145508
45,26.882465362548828
45,29.323545455932617
45,29.38499641418457
45,26.724878311157227
45,26.532958984375
45,32.94719696044922
45,30.276412963867188
45,27.989431381225586
45,32.42353439331055
45,28.259197235107422
45,32.93382263183594
45,25.98856544494629
45,23.721370697021484
45,31.346256256103516
45,29.843812942504883
45,24.507282257080078
45,25.37087059020996
45,25.643741607666016
45,32.211517333984375
45,28.629703521728516
45,24.553287506103516
45,33.225765228271484
45,27.12260627746582
45,26.906930923461914
45,28.91991424560547
45,32.644203186035156
45,27.255599975585938
45,29.325002670288086
45,32.92010498046875
45,34.869956970214844
45,31.293027877807617
45,29.120906829833984
45,25.6114501953125
45,24.42383575439453
45,32.65978240966797
45,25.57224464416504
45,27.00790786743164
45,27.963895797729492
45,25.25771713256836
45,24.70111083984375
45,27.158924102783203
45,26.529327392578125
45,29.58131217956543
45,28.667373657226562
45,32.729820251464844
45,29.251270294189453
45,29.138614654541016
45,27.75196647644043
45,32.026275634765625
45,26.69538688659668
45,27.680137634277344
45,26.06688690185547
45,27.351274490356445
45,29.600290298461914
45,24.568218231201172
45,26.20914649963379
45,33.78009796142578
45,31.87827491760254
45,25.022544860839844
45,27.154666900634766
45,26.545927047729492
45,26.426944732666016
45,29.70130157470703
45,30.865550994873047
45,28.688621520996094
45,30.966901779174805
45,29.671266555786133
45,32.474205017089844
45,29.513856887817383
45,32.07387924194336
45,32.00443649291992
45,26.21819305419922
45,32.75159454345703
45,26.91673469543457
45,34.49150848388672
45,28.44162368774414
45,32.35459518432617
45,25.167736053466797
45,27.44253921508789
45,27.582794189453125
45,31.396947860717773
45,29.790122985839844
45,25.216123580932617
45,33.15128707885742
45,33.67825698852539
45,29.651655197143555
45,28.086090087890625
45,25.516803741455078
45,31.02750015258789
45,24.977069854736328
45,29.141427993774414
45,31.611818313598633
45,32.61671447753906
45,33.145538330078125
45,27.859786987304688
45,29.49032974243164
45,30.86895179748535
45,30.49117088317871
45,26.795696258544922
45,25.133548736572266
45,24.172365188598633
45,28.407800674438477
45,29.36800765991211
45,29.295509338378906
45,32.83323669433594
45,29.474971771240234
45,33.65221405029297
45,26.96339988708496
45,30.288991928100586
45,31.294822692871094
45,26.259449005126953
45,27.23185157775879
45,24.59284019470215
45,26.457345962524414
45,28.644716262817383
45,31.767301559448242
45,25.951488494873047
45,27.73273468017578
45,28.435897827148438
45,29.214324951171875
45,24.734413146972656
45,30.19780921936035
45,28.868896484375
45,28.815664291381836
45,32.770904541015625
45,25.668010711669922
45,24.986112594604492
45,31.181249618530273
45,35.54969024658203
45,30.578683853149414
45,25.381399154663086
45,31.447193145751953
45,25.406204223632812
45,32.69245147705078
45,24.676605224609375
45,27.735435485839844
45,30.21367835998535
45,33.407413482666016
45,29.5643253326416
45,30.647586822509766
45,30.05417251586914
45,33.31771469116211
45,25.41814422607422
45,32.80567169189453
45,24.43495750427246
45,24.30721092224121
45,31.205108642578125
45,32.09333419799805
45,27.38381004333496
45,28.970596313476562
45,24.243289947509766
45,32.46353530883789
45,29.993051528930664
45,33.91292190551758
45,31.59262466430664
45,30.029430389404297
45,25.193735122680664
45,26.734237670898438
45,35.352195739746094
45,33.52671432495117
45,24.771556854248047
45,31.617727279663086
45,26.584732055664062
45,34.13507843017578
45,33.50200271606445
45,23.883525848388672
45,27.017471313476562
45,32.421974182128906
45,27.309673309326172
45,25.457721710205078
45,25.645341873168945
45,25.49087905883789
45,30.397308349609375
45,26.542404174804688
45,24.415443420410156
45,27.902395248413086
45,28.01540184020996
45,22.861793518066406
45,29.715456008911133
45,31.657550811767578
45,25.245281219482422
45,26.207677841186523
45,28.87453842163086
45,28.17474365234375
45,28.40228271484375
45,26.717456817626953
45,27.313142776489258
45,32.35832214355469
45,33.78449630737305
45,26.459667205810547
45,31.71129608154297
45,27.19056510925293
45,25.082294464111328
45,34.69930648803711
45,31.5386962890625
45,31.89900779724121
45,28.041187286376953
45,24.77562141418457
45,29.172286987304688
45,30.33586883544922
45,23.88018226623535
45,24.018436431884766
45,28.16625213623047
45,35.59415054321289
45,26.326580047607422
45,34.552669525146484
45,28.715774536132812
45,24.11334800720215
45,33.05378723144531
45,23.47422218322754
45,29.68874168395996
45,33.11587905883789
45,26.726547241210938
45,30.785757064819336
45,29.545913696289062
45,29.348960876464844
45,29.856992721557617
45,35.57957458496094
45,27.493553161621094
45,27.14800453186035
45,32.10248565673828
45,33.713523864746094
45,29.1746768951416
45,29.544876098632812
45,33.04033279418945
45,31.35828399658203
45,32.77430725097656
45,31.568572998046875
45,25.366525650024414
45,25.87503433227539
45,25.283496856689453
45,30.481201171875
45,30.64128875732422
45,34.15721893310547
45,35.35044860839844
45,25.39728355407715
45,32.27303695678711
45,27.556203842163086
45,25.808727264404297
45,26.371580123901367
45,34.1283073425293
45,32.83830261230469
45,32.574928283691406
45,32.51933670043945
45,28.319419860839844
45,32.001243591308594
45,30.04538345336914
45,26.620513916015625
45,32.827117919921875
45,30.409420013427734
45,24.09256362915039
45,25.0648193359375
45,31.661170959472656
45,29.52809715270996
45,25.741924285888672
45,25.294845581054688
45,29.453771591186523
45,30.990093231201172
45,32.3607177734375
45,26.123933792114258
45,33.7945556640625
45,28.58755874633789
45,26.973613739013672
45,34.05060577392578
45,28.92608642578125
45,35.167362213134766
45,32.726715087890625
45,29.02470588684082
45,26.73381805419922
45,24.643287658691406
45,26.120281219482422
45,31.051197052001953
45,32.65826416015625
45,27.49981689453125
45,24.277191162109375
45,26.862266540527344
45,26.997941970825195
45,27.81023406982422
45,26.678136825561523
45,25.016950607299805
45,25.8721923828125
45,33.7436408996582
45,25.880596160888672
45,27.39566421508789
45,24.690664291381836
45,26.190298080444336
45,26.43560218811035
45,26.385953903198242
45,30.440847396850586
45,31.239151000976562
45,29.2714786529541
45,29.87579917907715
45,24.096664428710938
45,26.707420349121094
45,28.600473403930664
45,24.65650177001953
45,33.26792526245117
45,30.87086296081543
45,32.711647033691406
45,30.765865325927734
45,24.96002197265625
45,26.34724998474121
45,32.52813720703125
45,25.08668327331543
45,31.251388549804688
45,25.16215705871582
45,29.524314880371094
45,34.972900390625
45,29.06869125366211
45,33.833274841308594
45,27.643465042114258
45,25.482677459716797
45,30.02318000793457
45,30.854345321655273
45,30.162643432617188
45,27.97513771057129
45,28.71760368347168
45,25.6763916015625
45,26.98731803894043
45,27.075849533081055
45,30.233333587646484
45,25.739501953125
45,26.637937545776367
45,34.09419250488281
45,29.21601676940918
45,25.049205780029297
45,26.39579200744629
45,27.936935424804688
45,28.31229591369629
45,26.317380905151367
45,31.882583618164062
45,34.10369110107422
45,35.50798416137695
45,30.9178466796875
45,27.114286422729492
45,25.56563949584961
45,28.845457077026367
45,34.343162536621094
45,30.67621612548828
45,25.2266902923584
45,26.13406753540039
45,30.23882484436035
45,27.29619026184082
45,27.253490447998047
45,25.32584571838379
45,33.185768127441406
45,27.75937843322754
45,28.86406898498535
45,31.739412307739258
45,28.222684860229492
45,26.27781867980957
45,31.884449005126953
45,27.92814826965332
45,33.51904296875
45,26.446786880493164
45,31.070037841796875
45,29.1369571685791
45,29.115571975708008
45,30.838375091552734
45,29.118061065673828
45,31.307266235351562
45,31.345117568969727
45,29.450876235961914
45,26.579158782958984
45,27.96689796447754
45,25.30057144165039
45,26.574867248535156
45,27.459278106689453
45,33.55607986450195
45,29.250659942626953
45,35.20933532714844
45,26.794641494750977
45,27.293699264526367
45,32.603206634521484
45,27.065500259399414
45,32.433494567871094
45,32.65795135498047
45,32.682647705078125
45,33.5879020690918
45,26.707359313964844
45,32.30831527709961
45,27.77471923828125
45,32.64426803588867
45,24.291378021240234
45,32.90167999267578
45,30.093076705932617
45,29.148113250732422
45,34.52253723144531
45,32.10152816772461
45,25.936538696289062
45,26.512481689453125
45,25.363327026367188
45,27.250198364257812
45,30.250715255737305
45,27.974496841430664
45,29.48923110961914
45,31.87999725341797
45,24.42606544494629
45,33.275917053222656
45,28.89177703857422
45,26.753725051879883
45,28.822954177856445
45,33.96696090698242
45,25.555206298828125
45,23.844802856445312
45,29.669044494628906
45,26.848501205444336
45,25.74005699157715
45,29.199260711669922
45,28.22862434387207
45,31.706462860107422
45,33.433555603027344
45,33.52054214477539
45,25.664569854736328
45,32.3301887512207
45,34.9271125793457
45,28.831876754760742
45,32.411312103271484
45,28.360506057739258
45,33.999141693115234
45,27.631498336791992
45,24.314096450805664
45,26.926584243774414
45,28.720182418823242
45,35.057247161865234
45,33.631778717041016
45,24.694564819335938
45,27.32281494140625
45,25.691341400146484
45,28.290929794311523
45,29.050235748291016
45,29.438453674316406
45,30.106216430664062
45,23.955947875976562
45,27.68716049194336
45,33.47090148925781
45,27.961437225341797
45,31.880292892456055
45,27.7050724029541
45,25.31304931640625
45,33.238319396972656
45,32.1572380065918
45,26.95575523376465
45,29.886459350585938
45,34.965614318847656
45,27.106971740722656
45,27.894256591796875
45,29.568077087402344
45,25.703550338745117
45,29.131298065185547
45,32.76776123046875
45,35.4051513671875
45,29.550952911376953
45,25.39731216430664
45,33.175750732421875
45,32.61695861816406
45,29.422452926635742
45,33.43621063232422
45,23.94268035888672
45,24.75395393371582
45,30.659160614013672
45,24.97142791748047
45,30.914064407348633
45,24.375741958618164
45,30.053972244262695
45,32.33613586425781
45,32.94606018066406
45,32.40042495727539
45,27.403486251831055
45,34.149070739746094
45,29.290483474731445
45,32.692161560058594
45,31.488916397094727
45,29.034788131713867
45,32.2362174987793
45,24.67814826965332
45,30.862539291381836
45,33.36764144897461
45,24.506671905517578
45,31.361408233642578
45,32.06647491455078
45,24.189842224121094
45,30.20523452758789
45,26.793508529663086
45,32.67513656616211
45,29.79434585571289
45,33.00277328491211
45,26.882177352905273
45,27.09073257446289
45,31.975481033325195
45,24.76047134399414
45,25.69085693359375
45,29.3575382232666
45,32.16350555419922
45,26.6289119720459
45,28.015872955322266
45,28.95281219482422
45,26.758039474487305
45,23.64216423034668
45,28.09261703491211
45,30.440143585205078
45,27.74259376525879
45,24.48127555847168
45,27.013948440551758
45,33.83545684814453
45,34.58064651489258
45,26.38779067993164
45,31.334070205688477
45,31.248912811279297
45,32.49862289428711
45,26.801546096801758
45,33.98493194580078
45,34.20476150512695
45,28.733837127685547
45,23.89609718322754
45,34.87649154663086
45,30.48153305053711
45,27.047119140625
45,28.33977508544922
45,26.425260543823242
45,23.74945640563965
45,30.794780731201172
45,25.195241928100586
45,30.386873245239258
45,29.181669235229492
45,29.148197174072266
45,24.033655166625977
45,31.929393768310547
45,25.037382125854492
45,33.1127815246582
45,25.46306610107422
45,31.465740203857422
45,27.44350242614746
45,33.06587219238281
45,24.929763793945312
45,25.354875564575195
45,29.23756980895996
45,27.484886169433594
45,33.64861297607422
45,29.743927001953125
45,32.65378952026367
45,32.384742736816406
45,33.579856872558594
45,26.77009391784668
45,29.55225372314453
45,24.0499267578125
45,25.868574142456055
45,31.899690628051758
45,32.60630798339844
45,25.860687255859375
45,30.231609344482422
45,27.806415557861328
45,26.535913467407227
45,30.006269454956055
45,24.516096115112305
45,27.524063110351562
45,27.688383102416992
45,27.912364959716797
45,34.269039154052734
45,31.415348052978516
45,26.213882446289062
45,32.301109313964844
45,25.20163345336914
45,27.77762794494629
45,26.94795036315918
45,25.564254760742188
45,33.54133987426758
45,31.988784790039062
45,34.054012298583984
45,30.661577224731445
45,32.98537826538086
45,27.142906188964844
45,31.111103057861328
45,28.499391555786133
45,27.09602928161621
45,29.848705291748047
45,26.15740203857422
45,36.18202209472656
45,29.06669044494629
45,26.10647964477539
45,27.675365447998047
45,28.097030639648438
45,24.231292724609375
45,32.91615676879883
45,28.270280838012695
45,23.314075469970703
45,26.575611114501953
45,32.878170013427734
45,28.42816734313965
45,28.354598999023438
45,27.117816925048828
45,24.38515853881836
45,29.538991928100586
45,26.003150939941406
45,27.399885177612305
45,28.379331588745117
45,30.062280654907227
45,26.557334899902344
45,31.65283203125
45,31.321998596191406
45,26.702425003051758
45,24.553834915161133
45,24.715778350830078
45,31.398502349853516
45,27.461238861083984
45,27.0694637298584
45,32.61695861816406
45,29.35926055908203
45,33.92731475830078
45,28.912811279296875
45,32.34075164794922
45,27.996597290039062
45,27.600627899169922
45,26.13755226135254
45,25.38494300842285
45,32.809120178222656
45,30.278640747070312
45,33.42951965332031
45,30.777759552001953
45,34.345584869384766
45,31.775474548339844
45,35.214595794677734
45,28.96023178100586
45,32.37105941772461
45,27.415180206298828
45,25.03173828125
45,28.427980422973633
45,28.180639266967773
45,32.736907958984375
45,26.896263122558594
45,32.93916702270508
45,31.651954650878906
45,31.883407592773438
45,34.24185562133789
45,30.424142837524414
45,30.615921020507812
45,28.16800880432129
45,30.945058822631836
45,27.044282913208008
45,34.988162994384766
45,34.68486022949219
45,30.936630249023438
45,31.692697525024414
45,28.937061309814453
45,28.450223922729492
45,29.46609878540039
45,27.36343765258789
45,25.973575592041016
45,24.692060470581055
45,31.11817741394043
45,33.954978942871094
45,27.533281326293945
45,30.149290084838867
45,30.07837677001953
45,29.59764862060547
45,29.10011100769043
45,33.88452911376953
45,32.09880828857422
45,33.12931823730469
45,26.02103614807129
45,34.399757385253906
45,26.029260635375977
45,29.20302391052246
45,23.81968116760254
45,29.037750244140625
45,25.29384422302246
45,27.211719512939453
45,32.579410552978516
45,32.589908599853516
45,27.539337158203125
45,31.452281951904297
45,33.05791473388672
45,27.965538024902344
45,32.71582794189453
45,33.204368591308594
45,27.909976959228516
45,24.740955352783203
45,27.62234115600586
45,29.82750129699707
45,26.97711944580078
45,29.92751121520996
45,31.252954483032227
45,24.142858505249023
45,27.46462631225586
45,31.424341201782227
45,28.44804573059082
45,28.416889190673828
45,23.29142951965332
45,26.50828742980957
45,33.16000747680664
45,26.895565032958984
45,29.594804763793945
45,25.088878631591797
45,25.21987533569336
45,34.017303466796875
45,29.317554473876953
45,28.64604377746582
45,26.93573760986328
45,32.30279541015625
45,33.71035385131836
45,24.6877384185791
45,33.53438949584961
45,29.07375717163086
45,26.371042251586914
45,25.381351470947266
45,32.631324768066406
45,29.438875198364258
45,24.836589813232422
45,29.52424430847168
45,29.67957878112793
45,33.368587493896484
45,31.660966873168945
45,32.01438522338867
45,29.247987747192383
45,31.034860610961914
45,32.03226089477539
45,30.26749610900879
45,33.51390838623047
45,28.89211654663086
45,27.3800106048584
45,26.693470001220703
45,24.472957611083984
45,28.93592643737793
45,24.27178955078125
45,27.221481323242188
45,25.189231872558594
45,31.3187313079834
45,25.81625747680664
45,27.32205581665039
45,32.346702575683594
45,24.949522018432617
45,28.26398277282715
45,27.850360870361328
45,28.853050231933594
45,25.07333755493164
45,24.263044357299805
45,31.272205352783203
45,29.961668014526367
45,27.143978118896484
45,32.0506477355957
45,29.148481369018555
45,26.07407569885254
45,28.537578582763672
45,31.923967361450195
45,25.27248191833496
45,25.895755767822266
45,24.491016387939453
45,26.879596710205078
45,32.73136520385742
45,28.969707489013672
45,28.063779830932617
45,29.72918701171875
45,27.815589904785156
45,30.104576110839844
45,29.952468872070312
45,30.51795768737793
45,33.080108642578125
45,27.535757064819336
45,26.310100555419922
45,33.246986389160156
45,28.588253021240234
45,25.013404846191406
45,30.761356353759766
45,31.882606506347656
45,32.67693328857422
45,26.825191497802734
45,32.82139587402344
45,31.60476303100586
45,27.261655807495117
45,27.489364624023438
45,24.580333709716797
45,34.62154769897461
45,23.819957733154297
45,31.511037826538086
45,29.226932525634766
45,31.00678253173828
45,23.687610626220703
45,28.187509536743164
45,34.944908142089844
45,24.85691261291504
45,25.657983779907227
45,24.967975616455078
45,28.535873413085938
45,28.018238067626953
45,29.727693557739258
45,33.58071517944336
45,32.50996398925781
45,25.464344024658203
45,33.66400146484375
45,25.344730377197266
45,31.34151840209961
45,27.21691131591797
45,26.743061065673828
45,31.98410987854004
45,31.32540512084961
45,27.783132553100586
45,33.30115509033203
45,34.87464904785156
45,29.112873077392578
45,27.88601303100586
45,30.76346778869629
45,29.525609970092773
45,34.445953369140625
45,31.570127487182617
45,29.537599563598633
45,27.691797256469727
45,31.110401153564453
45,30.684490203857422
45,27.458833694458008
45,31.781070709228516
45,30.67352294921875
45,29.38124656677246
45,33.0833740234375
45,27.350156784057617
45,28.23797607421875
45,33.01645278930664
45,27.42169952392578
45,32.37973403930664
45,25.820409774780273
45,26.364748001098633
45,24.43201446533203
45,27.900192260742188
45,24.223865509033203
45,32.995574951171875
45,32.35089111328125
45,25.338462829589844
45,35.147369384765625
45,29.772071838378906
45,28.553544998168945
45,35.48332214355469
45,26.484939575195312
45,34.11793899536133
45,34.850833892822266
45,28.13205337524414
45,32.88029861450195
45,30.1157283782959
45,33.971153259277344
45,30.033933639526367
45,32.9085693359375
45,32.67656326293945
45,32.327301025390625
45,26.882570266723633
45,30.80611228942871
45,24.47811508178711
45,31.990747451782227
45,24.44438934326172
45,27.48761558532715
45,30.75221061706543
45,31.360015869140625
45,36.12327575683594
45,31.455921173095703
45,32.16364288330078
45,33.81243133544922
45,23.321701049804688
45,24.378812789916992
45,24.489782333374023
45,32.294673919677734
45,28.70635986328125
45,33.6063346862793
45,31.484779357910156
45,27.216962814331055
45,25.724689483642578
45,25.193828582763672
45,28.604263305664062
45,27.86184310913086
45,30.325042724609375
45,25.07612419128418
45,27.57352066040039
45,33.762107849121094
45,34.288307189941406
45,26.07795524597168
45,28.487499237060547
45,32.93292999267578
45,28.369918823242188
45,23.44478988647461
45,30.501697540283203
45,25.84065055847168
45,32.83267593383789
45,33.073814392089844
45,28.61882972717285
45,31.83887481689453
45,31.997718811035156
45,29.0151424407959
45,31.902822494506836
45,28.682920455932617
45,24.76021385192871
45,32.44606018066406
45,27.868738174438477
45,32.13315200805664
45,24.440303802490234
45,34.123779296875
45,29.324861526489258
45,24.475248336791992
45,30.287246704101562
45,32.42258834838867
45,32.07738494873047
45,26.202486038208008
45,28.768863677978516
45,27.662357330322266
45,26.58277702331543
45,32.463172912597656
45,28.7015438079834
45,25.029218673706055
45,24.912492752075195
45,33.20866775512695
45,30.877479553222656
45,25.91774559020996
45,24.754161834716797
45,30.416135787963867
45,27.170236587524414
45,25.947242736816406
45,31.70554542541504
45,28.845340728759766
45,27.516422271728516
45,27.29490089416504
45,29.975557327270508
45,24.77666473388672
45,34.357398986816406
45,26.724645614624023
45,29.57412338256836
45,30.500423431396484
45,31.957014083862305
45,29.591506958007812
45,29.220609664916992
45,28.699602127075195
45,28.70210075378418
45,32.92101287841797
45,33.13690948486328
45,32.885562896728516
45,26.75487518310547
45,24.591552734375
45,29.897266387939453
45,26.3542537689209
45,27.297687530517578
45,28.995166778564453
45,25.195518493652344
45,31.8798828125
45,27.292896270751953
45,33.24754333496094
45,29.20052146911621
45,28.571535110473633
45,33.1087646484375
45,29.710886001586914
45,29.71875
45,24.597591400146484
45,29.356754302978516
45,28.635967254638672
45,27.428924560546875
45,27.024402618408203
45,28.995807647705078
45,31.134309768676758
45,27.763446807861328
45,32.15733337402344
45,32.93109893798828
45,25.034652709960938
45,27.1543025970459
45,28.430355072021484
45,32.543357849121094
45,27.943012237548828
45,33.407958984375
45,26.893848419189453
45,31.37999153137207
45,24.110607147216797
45,30.777658462524414
45,31.48348617553711
45,29.4977970123291
45,32.1737060546875
45,28.100231170654297
45,33.313560485839844
45,32.14414596557617
45,30.584177017211914
45,25.31413459777832
45,32.6174430847168
45,27.854333877563477
45,29.003890991210938
45,29.624244689941406
45,31.77294921875
45,28.340784072875977
45,33.0728645324707
45,27.18128204345703
45,25.1135196685791
45,27.34496307373047
45,25.257265090942383
45,26.986202239990234
45,26.484760284423828
45,30.89527130126953
45,32.406925201416016
45,31.985776901245117
45,27.62558364868164
45,30.29090118408203
45,30.921873092651367
45,26.25472640991211
45,29.649192810058594
45,33.25933837890625
45,31.620763778686523
45,27.939552307128906
45,29.08552360534668
45,28.18708610534668
45,23.638599395751953
45,27.649616241455078
45,32.57020568847656
45,34.65119552612305
45,27.262069702148438
45,25.210037231445312
45,25.550010681152344
45,34.23274230957031
45,30.440868377685547
45,31.80936050415039
45,30.015708923339844
45,35.562442779541016
45,32.41543197631836
45,23.57439422607422
45,33.46477127075195
45,26.019989013671875
45,30.090721130371094
45,25.670787811279297
45,28.226303100585938
45,31.49338150024414
45,25.859920501708984
45,25.70384979248047
45,27.756404876708984
45,30.36020851135254
45,24.12911605834961
45,28.694419860839844
45,27.068557739257812
45,29.475963592529297
45,35.09989929199219
45,32.656917572021484
45,27.283803939819336
45,27.753093719482422
45,26.405061721801758
45,26.714786529541016
45,32.26279067993164
45,27.114789962768555
45,31.03215980529785
45,29.028650283813477
45,27.068483352661133
45,25.487838745117188
45,28.64834213256836
45,29.410350799560547
45,34.09864044189453
45,34.68857192993164
45,30.295780181884766
45,24.748598098754883
45,25.266542434692383
45,31.871112823486328
45,28.93610954284668
45,29.470094680786133
45,33.020294189453125
45,30.655174255371094
45,31.231735229492188
45,26.25819969177246
45,28.56128692626953
45,25.19512176513672
45,31.471923828125
45,29.61886978149414
45,28.864355087280273
45,31.777132034301758
45,29.427982330322266
45,28.902517318725586
45,26.498939514160156
45,26.077232360839844
45,27.826663970947266
45,32.35126876831055
45,27.611841201782227
45,31.064687728881836
45,25.41972541809082
45,29.189382553100586
45,32.62110900878906
45,29.910768508911133
45,29.021520614624023
45,26.775733947753906
45,29.526582717895508
45,34.31434631347656
45,33.98284912109375
45,33.8834228515625
45,26.299659729003906
45,33.653324127197266
45,34.00800704956055
45,26.484275817871094
45,28.02804183959961
45,33.73459243774414
45,24.546903610229492
45,28.537763595581055
45,33.49431228637695
45,24.18716812133789
45,29.91086196899414
45,27.6467342376709
45,26.6062068939209
45,29.39764404296875
45,26.706680297851562
45,32.20762634277344
45,26.976686477661133
45,28.550519943237305
45,29.748456954956055
45,24.153793334960938
45,28.466890335083008
45,33.508216857910156
45,36.096435546875
45,25.896440505981445
45,31.56633186340332
45,27.948286056518555
45,28.526655197143555
45,28.094074249267578
45,24.651403427124023
45,29.74340057373047
45,25.229358673095703
45,27.702367782592773
45,29.625057220458984
45,26.328474044799805
45,26.539993286132812
45,28.507293701171875
45,26.117416381835938
45,26.47466278076172
45,33.55420684814453
45,32.64639663696289
45,32.408634185791016
45,28.500476837158203
45,28.049070358276367
45,26.906574249267578
45,26.712743759155273
45,29.44395637512207
45,29.552907943725586
45,33.4134635925293
45,24.653676986694336
45,31.77175521850586
45,30.91951560974121
45,32.63037109375
45,27.83672332763672
45,30.632761001586914
45,32.8686637878418
45,27.682687759399414
45,29.82135581970215
45,32.5987663269043
45,32.47893524169922
45,29.210004806518555
45,34.393531799316406
45,30.0106258392334
45,31.806486129760742
45,24.698169708251953
45,24.761913299560547
45,28.967979431152344
45,27.46775245666504
45,29.63015365600586
45,31.76115608215332
45,26.42864418029785
45,30.38822364807129
45,27.029247283935547
45,25.14150619506836
45,23.58784294128418
45,28.70762825012207
45,31.632596969604492
45,30.47357940673828
45,33.2850227355957
45,33.3564453125
45,24.44709587097168
45,33.890411376953125
45,26.86347770690918
45,32.00177001953125
45,29.753684997558594
45,28.076549530029297
45,26.870695114135742
45,30.104291915893555
45,30.902036666870117
45,28.90737533569336
45,31.695505142211914
45,27.81361198425293
45,30.727041244506836
45,28.586950302124023
45,29.208274841308594
45,28.426551818847656
45,30.956884384155273
45,33.026859283447266
45,30.52125358581543
45,30.66144371032715
45,25.350135803222656
45,29.19792938232422
45,27.001205444335938
45,31.271862030029297
45,30.007307052612305
45,31.47938346862793
45,33.49167251586914
45,33.570987701416016
45,31.71778106689453
45,29.033306121826172
45,34.169952392578125
45,30.03278923034668
45,32.46858215332031
45,31.841096878051758
45,30.196468353271484
45,31.751047134399414
45,28.788785934448242
45,28.1154842376709
45,31.59275245666504
45,35.13294219970703
45,25.423076629638672
45,34.709068298339844
45,27.583759307861328
45,31.278553009033203
45,31.590648651123047
45,29.84140968322754
45,27.043691635131836
45,35.27735900878906
45,28.14505386352539
45,31.868988037109375
45,27.65372085571289
45,27.3284854888916
45,32.867034912109375
45,27.970151901245117
45,33.45805740356445
45,28.649911880493164
45,28.034109115600586
45,27.73045539855957
45,28.06713104248047
45,28.527544021606445
45,24.52337646484375
45,32.100162506103516
45,26.25596809387207
45,33.086280822753906
45,32.70111846923828
45,31.09798812866211
45,31.6864013671875
45,24.211894989013672
45,28.407529830932617
45,28.384225845336914
45,31.136831283569336
45,28.89699363708496
45,31.957717895507812
45,27.498638153076172
45,26.648845672607422
45,26.068401336669922
45,23.934226989746094
45,28.701814651489258
45,24.752784729003906
45,30.60308074951172
45,27.954158782958984
45,27.760000228881836
45,33.298892974853516
45,25.79665184020996
45,25.86893653869629
45,27.235292434692383
45,23.298145294189453
45,26.52212142944336
45,27.693416595458984
45,29.867572784423828
45,34.203285217285156
45,25.976572036743164
45,23.97758674621582
45,32.645477294921875
45,28.760440826416016
45,32.489471435546875
45,25.92603302001953
45,29.300413131713867
45,33.04165267944336
45,24.62721061706543
45,26.275859832763672
45,32.64982604980469
45,30.741073608398438
45,35.48355484008789
45,34.04248809814453
45,31.479721069335938
45,32.94196319580078
45,32.87186813354492
45,33.94143295288086
45,30.93954086303711
45,29.204402923583984
45,32.84709930419922
45,24.030439376831055
45,34.29437255859375
45,26.25210952758789
45,33.54326248168945
45,35.79267883300781
45,25.383525848388672
45,26.848709106445312
45,28.725589752197266
45,25.212486267089844
45,31.872591018676758
45,31.78271484375
45,32.851951599121094
45,27.577241897583008
45,33.00448226928711
45,30.819536209106445
45,31.720178604125977
45,31.512104034423828
45,31.118038177490234
45,31.268171310424805
45,25.654052734375
45,28.284931182861328
45,26.141414642333984
45,34.35121154785156
45,24.435592651367188
45,30.185855865478516
45,25.301185607910156
45,32.517906188964844
45,34.64133071899414
45,27.94028091430664
45,32.172035217285156
45,28.302419662475586
45,26.92584228515625
45,28.948135375976562
45,32.004390716552734
45,26.907005310058594
45,26.18494415283203
45,34.35593795776367
45,24.796438217163086
45,27.115676879882812
45,27.887449264526367
45,31.182897567749023
45,24.573841094970703
45,30.79336166381836
45,36.484718322753906
45,25.23705291748047
45,33.16949462890625
45,28.69485855102539
45,30.021467208862305
45,33.06601333618164
45,30.25822639465332
45,24.886882781982422
45,24.62120819091797
45,24.75391960144043
45,31.83728790283203
45,31.350807189941406
45,29.461084365844727
45,33.74737548828125
45,27.373779296875
45,28.539058685302734
45,34.72685241699219
45,30.068952560424805
45,28.657054901123047
45,26.35135269165039
45,31.77659034729004
45,24.410369873046875
45,31.77745246887207
45,32.06110763549805
45,26.47809410095215
45,31.598669052124023
45,30.711963653564453
45,30.84510040283203
45,32.95848083496094
45,31.418100357055664
45,31.837976455688477
45,32.317901611328125
45,29.817176818847656
45,24.01015281677246
45,32.73082733154297
45,30.222923278808594
45,30.582965850830078
45,30.385679244995117
45,27.06644058227539
45,28.078075408935547
45,28.200695037841797
45,28.60187530517578
45,27.3599910736084
45,35.42658615112305
45,27.934553146362305
45,33.20281219482422
45,29.112728118896484
45,24.286706924438477
45,32.71991729736328
45,28.54944610595703
45,31.146543502807617
45,27.923330307006836
45,27.367034912109375
45,31.455120086669922
45,26.452861785888672
45,26.588062286376953
45,30.326997756958008
45,26.359455108642578
45,29.872934341430664
45,28.57477569580078
45,24.909442901611328
45,24.506132125854492
45,28.283424377441406
45,30.87074089050293
45,25.806310653686523
45,27.236745834350586
45,30.072237014770508
45,27.68138885498047
45,33.56464385986328
45,27.738094329833984
45,24.755109786987305
45,26.697681427001953
45,27.599964141845703
45,26.149782180786133
45,24.900869369506836
45,33.374595642089844
45,24.069793701171875
45,30.997201919555664
45,31.12864112854004
45,27.58892059326172
45,28.226598739624023
45,33.38056945800781
45,30.405031204223633
45,27.662166595458984
45,33.10279846191406
45,31.211811065673828
45,29.018129348754883
45,33.21047592163086
45,31.898876190185547
45,34.07426071166992
45,29.084699630737305
45,28.289525985717773
45,26.61458396911621
45,25.26866340637207
45,32.38516616821289
45,26.41168212890625
45,25.65923309326172
45,32.15856170654297
45,24.3914794921875
45,26.229766845703125
45,30.405380249023438
45,34.54035186767578
45,30.449878692626953
45,28.895856857299805
45,29.13554573059082
45,33.30488586425781
45,25.609725952148438
45,34.66141891479492
45,32.03124237060547
45,29.723552703857422
45,29.206586837768555
45,30.620201110839844
45,28.53316879272461
45,31.222461700439453
45,31.86582374572754
45,29.861989974975586
45,29.195402145385742
45,29.76498031616211
45,32.18431854248047
45,26.03561019897461
45,33.099979400634766
45,25.98931312561035
45,31.344430923461914
45,33.63324737548828
45,24.869009017944336
45,26.896957397460938
45,29.460731506347656
45,30.577077865600586
45,30.67612648010254
45,27.276870727539062
45,32.771053314208984
45,32.04534149169922
45,25.64867401123047
45,30.922639846801758
45,28.607990264892578
45,33.600006103515625
45,31.99094009399414
45,24.160614013671875
45,29.74765396118164
45,25.043943405151367
45,25.920703887939453
45,26.859386444091797
45,32.166595458984375
45,32.13172149658203
45,33.848854064941406
45,29.647817611694336
45,30.1522159576416
45,26.560243606567383
45,32.33353805541992
45,24.453065872192383
45,26.411386489868164
45,28.442392349243164
45,23.988874435424805
45,33.439144134521484
45,24.747804641723633
45,29.9454345703125
45,28.19357681274414
45,28.085649490356445
45,26.57976722717285
45,29.515613555908203
45,32.56436538696289
45,24.69500160217285
45,31.870378494262695
45,33.23324203491211
45,27.19293785095215
45,30.160093307495117
45,32.40810775756836
45,32.66946792602539
45,30.667699813842773
45,29.953636169433594
45,25.004575729370117
45,27.645496368408203
45,32.37355422973633
45,26.245086669921875
45,31.174875259399414
45,32.76762390136719
45,32.127662658691406
45,32.182945251464844
45,26.16684913635254
45,24.780000686645508
45,27.11499786376953
45,26.890727996826172
45,31.618330001831055
45,32.439125061035156
45,25.916955947875977
45,26.114646911621094
45,34.077693939208984
45,30.841392517089844
45,24.035018920898438
45,32.850425720214844
45,25.06499481201172
45,31.486684799194336
45,27.56892204284668
45,28.617115020751953
45,27.758310317993164
45,26.643735885620117
45,27.66332244873047
45,32.70302200317383
45,33.1876106262207
45,32.986000061035156
45,31.983041763305664
45,30.661561965942383
45,31.255428314208984
45,25.27273178100586
45,26.805635452270508
45,28.496686935424805
45,29.18032455444336
45,32.02347183227539
45,24.8758487701416
45,31.836153030395508
45,24.712785720825195
45,27.638376235961914
45,30.114131927490234
45,28.892887115478516
45,27.9924373626709
45,28.080583572387695
45,31.971548080444336
45,27.45676040649414
45,32.65162658691406
45,32.64569854736328
45,33.80516052246094
45,26.556995391845703
45,23.703575134277344
45,23.80276870727539
45,25.626548767089844
45,32.490631103515625
45,32.38325119018555
45,24.68044662475586
45,26.85110092163086
45,28.943431854248047
45,32.4373664855957
45,34.01003646850586
45,26.600122451782227
45,33.46940994262695
45,30.130048751831055
45,33.23643493652344
45,29.976736068725586
45,28.166902542114258
45,32.311790466308594
45,32.43814468383789
45,26.935096740722656
45,25.370466232299805
45,32.874725341796875
45,24.94343376159668
45,28.089252471923828
45,32.9345703125
45,30.43650245666504
45,34.16047286987305
45,30.705535888671875
45,29.01897621154785
45,33.10744094848633
45,29.208234786987305
45,34.350372314453125
45,31.39069175720215
45,31.962600708007812
45,32.23400115966797
45,27.8154354095459
45,28.88888168334961
45,28.468307495117188
45,28.364347457885742
45,34.033790588378906
45,30.914478302001953
45,24.38946533203125
45,32.15567398071289
45,27.0418643951416
45,25.313678741455078
45,28.30832290649414
45,24.8238582611084
45,31.499717712402344
45,31.151142120361328
45,33.196617126464844
45,26.843900680541992
45,24.959070205688477
45,27.188962936401367
45,27.81219482421875
45,32.75934600830078
45,27.46463394165039
45,32.10527801513672
45,27.611024856567383
45,25.584487915039062
45,24.75008773803711
45,25.07467269897461
45,34.401763916015625
45,33.26591491699219
45,30.260211944580078
45,31.29012680053711
45,30.938705444335938
45,27.551454544067383
45,27.135517120361328
45,32.52663803100586
45,27.071489334106445
45,28.401079177856445
45,26.352264404296875
45,31.957242965698242
45,26.483196258544922
45,27.17430305480957
45,24.670394897460938
45,31.296201705932617
45,24.418380737304688
45,24.049104690551758
45,34.425697326660156
45,28.93436622619629
45,26.33792495727539
45,25.50828742980957
45,33.431827545166016
45,23.601516723632812
45,33.385276794433594
45,32.65827560424805
45,32.731170654296875
45,32.35638427734375
45,29.845293045043945
45,27.19894027709961
45,26.428234100341797
45,28.39341926574707
45,27.785404205322266
45,24.796520233154297
45,28.312023162841797
45,29.838272094726562
45,29.042884826660156
45,25.005870819091797
45,24.801626205444336
45,26.155126571655273
45,25.58830451965332
45,28.13123321533203
45,32.318851470947266
45,31.843448638916016
45,28.55704689025879
45,24.547698974609375
45,27.994985580444336
45,28.837026596069336
45,25.308259963989258
45,28.218969345092773
45,25.54494857788086
45,33.33920669555664
45,29.629993438720703
45,32.586700439453125
45,28.03728675842285
45,31.85014533996582
45,32.01371383666992
45,29.12233543395996
45,27.643253326416016
45,28.829608917236328
45,34.06480026245117
45,28.33928680419922
45,32.57673645019531
45,27.217748641967773
45,26.12380599975586
45,28.786714553833008
45,26.10860824584961
45,25.23447608947754
45,29.163776397705078
45,24.3918399810791
45,33.796295166015625
45,31.710128784179688
45,34.779052734375
45,30.768354415893555
45,26.41664695739746
45,27.77532386779785
45,26.195619583129883
45,28.387367248535156
45,32.26557159423828
45,32.25178909301758
45,33.624961853027344
45,33.70527648925781
45,33.841556549072266
45,33.94858932495117
45,30.621694564819336
45,30.9119873046875
45,24.508962631225586
45,27.512928009033203
45,29.168697357177734
45,24.413585662841797
45,27.633007049560547
45,24.95208740234375
45,31.219497680664062
45,30.443904876708984
45,26.92503547668457
45,26.48912239074707
45,27.760711669921875
45,32.72004699707031
45,31.03045654296875
45,30.62981414794922
45,30.62580108642578
45,32.01723861694336
45,33.83253479003906
45,22.915443420410156
45,31.90073013305664
45,26.166954040527344
45,34.55725860595703
45,27.592262268066406
45,24.69209861755371
45,25.693071365356445
45,29.339242935180664
45,27.945756912231445
45,28.5074462890625
45,28.944110870361328
45,27.016862869262695
45,25.146717071533203
45,25.424787521362305
45,29.25589370727539
45,32.76911926269531
45,29.155864715576172
45,31.902589797973633
45,28.51171875
45,29.99598503112793
45,30.117408752441406
45,27.26103973388672
45,24.29123878479004
45,28.35884666442871
45,32.42424774169922
45,27.964000701904297
45,34.18694305419922
45,24.692659378051758
45,33.3521728515625
45,25.63983154296875
45,31.378536224365234
45,31.183231353759766
45,32.343048095703125
45,33.646305084228516
45,35.28409957885742
45,30.10084342956543
45,24.267549514770508
45,27.534347534179688
45,28.845561981201172
45,28.879179000854492
45,32.600608825683594
45,32.59947967529297
45,24.112852096557617
45,34.29377746582031
45,27.549034118652344
45,31.39578628540039
45,28.752309799194336
45,33.1312255859375
45,31.98680877685547
45,28.674760818481445
45,30.33620262145996
45,31.7286434173584
45,25.175251007080078
45,34.151180267333984
45,31.386438369750977
45,27.47995376586914
45,26.74033546447754
45,29.679649353027344
45,33.279666900634766
45,26.9053897857666
45,30.82858657836914
45,28.869752883911133
45,24.364669799804688
45,27.29775047302246
45,26.093482971191406
45,32.26457595825195
45,34.86968994140625
45,32.2542610168457
45,27.384687423706055
45,27.677532196044922
45,32.625091552734375
45,33.14900588989258
45,34.375030517578125
45,24.578580856323242
45,26.604646682739258
45,29.456499099731445
45,24.526409149169922
45,31.696178436279297
45,29.615272521972656
45,33.42626190185547
45,28.954334259033203
45,27.355419158935547
45,29.827951431274414
45,34.23240661621094
45,33.285308837890625
45,27.305639266967773
45,32.02324676513672
45,33.277565002441406
45,31.207773208618164
45,24.69403076171875
45,32.753944396972656
45,29.275341033935547
45,32.39137649536133
45,28.21730613708496
45,26.531147003173828
45,27.137577056884766
45,25.660701751708984
45,28.103158950805664
45,24.454397201538086
45,33.4390983581543
45,25.619056701660156
45,28.644763946533203
45,27.650514602661133
45,34.32455062866211
45,29.322315216064453
45,28.428049087524414
45,29.85162353515625
45,27.072160720825195
45,27.029869079589844
45,25.56334686279297
45,25.3361759185791
45,26.28570556640625
45,24.098892211914062
45,33.44649887084961
45,29.620681762695312
45,33.76997756958008
45,34.76286315917969
45,32.53076934814453
45,33.90491485595703
45,24.216636657714844
45,27.873878479003906
45,31.698719024658203
45,34.32185363769531
45,24.9151554107666
45,24.973554611206055
45,33.894065856933594
45,29.28392791748047
45,31.235694885253906
45,32.117774963378906
45,32.550071716308594
45,24.04205322265625
45,29.9999942779541
45,32.506675720214844
45,30.72367286682129
45,28.899394989013672
45,31.897865295410156
45,26.27981185913086
45,30.053007125854492
45,26.468456268310547
45,27.82220458984375
45,31.868633270263672
45,33.98997497558594
45,28.206409454345703
45,26.23458480834961
45,28.80091094970703
45,33.44313430786133
45,32.62221908569336
45,29.05438232421875
45,32.98597717285156
45,25.370014190673828
45,24.541213989257812
45,35.548431396484375
45,29.4578914642334
45,30.221927642822266
45,34.45603561401367
45,34.86959457397461
45,28.0616455078125
45,30.310710906982422
45,33.6190185546875
45,28.22768783569336
45,28.32986068725586
45,27.893951416015625
45,26.070575714111328
45,33.714012145996094
45,30.78136444091797
45,27.906822204589844
45,24.832956314086914
45,29.49418830871582
45,26.646385192871094
45,29.568260192871094
45,27.528493881225586
45,24.779281616210938
45,30.74772834777832
45,28.785593032836914
45,28.603315353393555
45,24.57669448852539
45,29.998287200927734
45,28.951335906982422
45,23.521198272705078
45,25.209556579589844
45,25.75299644470215
45,26.688968658447266
45,33.42454147338867
45,29.715660095214844
45,27.027151107788086
45,26.20534896850586
45,33.12141036987305
45,32.83808135986328
45,31.60986328125
45,30.520687103271484
45,30.453081130981445
45,28.251911163330078
45,31.85910987854004
45,32.66111755371094
45,31.75532341003418
45,26.818532943725586
45,28.482629776000977
45,26.640947341918945
45,33.57788848876953
45,26.456680297851562
45,25.29601287841797
45,24.750532150268555
45,29.55877685546875
45,25.130908966064453
45,29.999807357788086
45,32.107940673828125
45,31.652976989746094
45,33.27385711669922
45,28.481719970703125
45,35.20459747314453
45,33.254974365234375
45,31.575382232666016
45,26.187644958496094
45,34.44658279418945
45,30.282438278198242
45,28.712173461914062
45,29.863372802734375
45,27.204696655273438
45,24.66929054260254
45,33.87273025512695
45,25.05845832824707
45,29.14105224609375
45,25.525218963623047
45,32.534664154052734
45,27.56186866760254
45,30.913898468017578
45,26.614456176757812
45,31.01800537109375
45,28.776866912841797
45,26.631444931030273
45,24.26980972290039
45,25.28789520263672
45,31.947233200073242
45,27.9218692779541
45,26.50463104248047
45,33.16904067993164
45,23.240795135498047
45,32.4863166809082
45,34.62009811401367
45,33.1121826171875
45,30.93781089782715
45,32.929752349853516
45,33.246036529541016
45,28.488605499267578
45,26.23271369934082
45,28.368200302124023
45,31.96402931213379
45,31.126630783081055
45,31.24168586730957
45,27.375402450561523
45,31.446626663208008
45,27.57227325439453
45,32.272117614746094
45,26.755767822265625
45,28.841115951538086
45,30.045211791992188
45,29.606136322021484
45,32.691650390625
45,34.229427337646484
45,32.74388885498047
45,29.138097763061523
45,30.189990997314453
45,33.98613739013672
45,32.741310119628906
45,25.81465721130371
45,30.965694427490234
45,27.77079200744629
45,25.178361892700195
45,25.21465301513672
45,29.18303680419922
45,26.78512954711914
45,28.86285400390625
45,25.98761558532715
45,32.072837829589844
45,27.334938049316406
45,30.114065170288086
45,29.819433212280273
45,26.822101593017578
45,34.34676742553711
45,28.043949127197266
45,24.427261352539062
45,28.136676788330078
45,26.239635467529297
45,29.569002151489258
45,32.11762237548828
45,33.60499572753906
45,27.102689743041992
45,26.075119018554688
45,28.504337310791016
45,27.94833755493164
45,24.58125114440918
45,24.610200881958008
45,25.7641658782959
45,28.282480239868164
45,29.249874114990234
45,27.337989807128906
45,26.794984817504883
45,27.18594741821289
45,34.139183044433594
45,34.139381408691406
45,28.085317611694336
45,24.363601684570312
45,28.03701400756836
45,28.55721664428711
45,33.04545974731445
45,24.565820693969727
45,34.204750061035156
45,28.318119049072266
45,32.20125198364258
45,34.05665969848633
45,26.62398910522461
45,29.084442138671875
45,32.37316131591797
45,26.479385375976562
45,32.25297546386719
45,33.43739700317383
45,32.28760528564453
45,23.798187255859375
45,29.898086547851562
45,34.081459045410156
45,33.50895309448242
45,25.120956420898438
45,28.50693130493164
45,28.879850387573242
45,31.709457397460938
45,25.930007934570312
45,29.710098266601562
45,30.21895980834961
45,31.959447860717773
45,24.028614044189453
45,32.20832824707031
45,28.279308319091797
45,26.361635208129883
45,23.259552001953125
45,30.5443115234375
45,27.2392635345459
45,24.15988540649414
45,28.478578567504883
45,29.785802841186523
45,31.00436019897461
45,27.67972755432129
45,32.21536636352539
45,30.150554656982422
45,26.02118492126465
45,33.36175537109375
45,34.2437744140625
45,28.278921127319336
45,32.224098205566406
45,30.891027450561523
45,28.483266830444336
45,24.770692825317383
45,26.150678634643555
45,30.963289260864258
45,24.76565933227539
45,27.323638916015625
45,26.654678344726562
45,29.2628116607666
45,33.239768981933594
45,34.24679946899414
45,31.906145095825195
45,26.67069435119629
45,29.61408805847168
45,28.19516944885254
45,27.66035270690918
45,24.17779541015625
45,33.4083251953125
45,30.533721923828125
45,24.411378860473633
45,33.327796936035156
45,29.13070297241211
45,28.41904067993164
45,25.487668991088867
45,28.38623809814453
45,29.36031723022461
45,25.974504470825195
45,26.1684627532959
45,24.641727447509766
45,23.511390686035156
45,31.703601837158203
45,28.80699920654297
45,27.377126693725586
45,26.37977409362793
45,26.583267211914062
45,29.83953094482422
45,31.31193733215332
45,31.714792251586914
45,32.83758544921875
45,26.22653579711914
45,25.64862823486328
45,31.75312042236328
45,32.844696044921875
45,29.93505859375
45,33.671878814697266
45,30.58206558227539
45,32.43124771118164
45,34.40947723388672
45,25.581453323364258
45,28.41264533996582
45,32.445926666259766
45,26.393510818481445
45,29.86802864074707
45,32.144954681396484
45,35.774314880371094
45,31.079500198364258
45,28.11756706237793
45,28.48494529724121
45,34.93391418457031
45,28.91266441345215
45,25.1527156829834
45,25.64577865600586
45,23.126121520996094
45,33.3575325012207
45,31.21431541442871
45,29.68746566772461
45,29.133983612060547
45,31.67739486694336
45,27.458995819091797
45,24.708995819091797
45,32.18953323364258
45,25.98277473449707
45,32.767425537109375
45,29.67837905883789
45,32.865779876708984
45,30.820886611938477
45,33.49043655395508
45,26.855981826782227
45,25.492948532104492
45,32.37897872924805
45,33.04716491699219
45,33.355979919433594
45,27.772632598876953
45,30.82941436767578
45,25.26249122619629
45,28.98077964782715
45,27.286211013793945
45,26.842145919799805
45,27.5776309967041
45,24.93136978149414
45,25.3076171875
45,31.047075271606445
45,28.077905654907227
45,33.95175552368164
45,25.920080184936523
45,29.96161651611328
45,25.81932258605957
45,29.67132568359375
45,27.744001388549805
45,25.582473754882812
45,26.252296447753906
45,26.71324920654297
45,23.89582061767578
45,27.286725997924805
45,26.61138343811035
45,29.321765899658203
45,27.23993682861328
45,32.396427154541016
45,30.38037872314453
45,26.872920989990234
45,25.027339935302734
45,24.842578887939453
45,30.18292236328125
45,27.740474700927734
45,28.491596221923828
45,35.66996383666992
45,29.254127502441406
45,31.59539031982422
45,26.476516723632812
45,31.989253997802734
45,29.08233070373535
45,30.127395629882812
45,25.442996978759766
45,33.59477615356445
45,25.03543472290039
45,27.004411697387695
45,29.970731735229492
45,28.471538543701172
45,27.75796890258789
45,30.0184326171875
45,32.497501373291016
45,26.9130802154541
45,28.691757202148438
45,26.91822052001953
45,28.81793785095215
45,30.70577621459961
45,26.624563217163086
45,28.836851119995117
45,32.6414909362793
45,28.097427368164062
45,28.265607833862305
45,29.119766235351562
45,28.015865325927734
45,32.74302673339844
45,24.351852416992188
45,31.228641510009766
45,31.4566593170166
45,32.35702896118164
45,33.41050720214844
45,25.795513153076172
45,32.84798049926758
45,32.54035186767578
45,34.543479919433594
45,28.56922721862793
45,27.30167579650879
45,27.181100845336914
45,34.12273406982422
45,25.347055435180664
45,33.56093978881836
45,32.11915588378906
45,31.563148498535156
45,25.342884063720703
45,33.461875915527344
45,31.89128875732422
45,31.6373291015625
45,33.87968444824219
45,24.688121795654297
45,25.65515899658203
45,25.43968963623047
45,29.83674430847168
45,26.6921443939209
45,27.739194869995117
45,27.9366397857666
45,28.53466033935547
45,25.597301483154297
45,24.21698760986328
45,27.129032135009766
45,26.91136932373047
45,24.233577728271484
45,25.67953109741211
45,34.20882797241211
45,28.528392791748047
45,32.471134185791016
45,26.445556640625
45,30.188114166259766
45,28.169281005859375
45,30.448881149291992
45,34.72776794433594
45,35.058650970458984
45,24.146469116210938
45,32.73050308227539
45,29.9556884765625
45,27.177541732788086
45,29.10369300842285
45,25.797794342041016
45,31.157392501831055
45,33.804176330566406
45,29.060182571411133
45,31.381088256835938
45,24.40640640258789
45,25.067481994628906
45,27.15953254699707
45,25.257469177246094
45,29.495830535888672
45,32.44495391845703
45,26.735824584960938
45,34.58877182006836
45,26.376340866088867
45,28.135744094848633
45,27.755401611328125
45,24.300399780273438
45,26.089887619018555
45,29.259265899658203
45,26.868459701538086
45,32.15656661987305
45,32.07155990600586
45,25.7513370513916
45,33.68295669555664
45,28.413463592529297
45,29.82556915283203
45,31.369211196899414
45,26.98834800720215
45,32.302703857421875
45,28.351272583007812
45,33.403350830078125
45,34.121517181396484
45,28.448970794677734
45,32.460296630859375
45,28.04173469543457
45,34.336185455322266
45,24.58885955810547
45,31.405357360839844
45,24.89114761352539
45,32.86940002441406
45,34.64802932739258
45,30.31987953186035
45,26.912803649902344
45,28.451133728027344
45,28.274311065673828
45,26.3026065826416
45,26.517398834228516
45,32.57842254638672
45,34.2970085144043
45,33.38727569580078
45,27.50230598449707
45,31.797588348388672
45,34.613948822021484
45,30.443117141723633
45,27.48357582092285
45,33.57692337036133
45,28.19313621520996
45,31.82277488708496
45,31.469682693481445
45,33.24624252319336
45,25.885034561157227
45,28.48249626159668
45,31.545696258544922
45,29.54410171508789
45,30.7181453704834
45,32.89041519165039
45,32.845191955566406
45,29.94261360168457
45,32.80143356323242
45,26.939577102661133
45,29.08342170715332
45,33.940673828125
45,29.952800750732422
45,31.908174514770508
45,28.52954864501953
45,33.414085388183594
45,29.39533805847168
45,32.63780212402344
45,27.095073699951172
45,26.873416900634766
45,30.51629066467285
45,31.282564163208008
45,32.5160026550293
45,33.131080627441406
45,24.923381805419922
45,28.53129768371582
45,27.91073989868164
45,32.11492919921875
45,28.613529205322266
45,30.812341690063477
45,28.609952926635742
45,26.485952377319336
45,28.222219467163086
45,28.1495304107666
45,27.832300186157227
45,27.709259033203125
45,33.328773498535156
45,33.459835052490234
45,31.260717391967773
45,32.37897491455078
45,33.95319747924805
45,27.43639373779297
45,30.42467498779297
45,31.335224151611328
45,28.97655487060547
45,24.853132247924805
45,28.289249420166016
45,23.647354125976562
45,29.577739715576172
45,30.2027530670166
45,25.69729995727539
45,24.610031127929688
45,32.281490325927734
45,32.60062026977539
45,26.083106994628906
45,31.58476448059082
45,30.82401466369629
45,24.36087989807129
45,24.76589012145996
45,30.4036922454834
45,29.1926212310791
45,32.36173629760742
45,25.14318084716797
45,32.07278823852539
45,34.36524200439453
45,32.515342712402344
45,26.950780868530273
45,29.79939842224121
45,23.92487907409668
45,27.99508285522461
45,30.745502471923828
45,31.04094123840332
45,24.372928619384766
45,24.630352020263672
45,26.61528205871582
45,32.425418853759766
45,31.4207706451416
45,27.07565689086914
45,30.801860809326172
45,29.327335357666016
45,28.704626083374023
45,27.386619567871094
45,32.00994873046875
45,25.238765716552734
45,29.00308609008789
45,25.172372817993164
45,31.759483337402344
45,27.981082916259766
45,28.79090690612793
45,31.68842124938965
45,32.63392639160156
45,35.02978515625
45,32.899539947509766
45,28.934471130371094
45,27.422435760498047
45,28.925983428955078
45,29.688762664794922
45,33.779266357421875
45,27.548500061035156
45,32.80310821533203
45,30.34629249572754
45,28.02037239074707
45,27.793569564819336
45,26.605939865112305
45,30.498111724853516
45,32.39729690551758
45,33.07183837890625
45,27.830860137939453
45,24.759029388427734
45,24.10478973388672
45,29.134490966796875
45,32.54526138305664
45,24.202838897705078
45,28.123502731323242
45,24.93401336669922
45,33.5923957824707
45,32.69169235229492
45,24.578516006469727
45,33.615760803222656
45,27.80029296875
45,26.545501708984375
45,26.433271408081055
45,25.431686401367188
45,29.117555618286133
45,26.807218551635742
45,30.59027671813965
45,24.303791046142578
45,29.055471420288086
45,33.426979064941406
45,31.77665138244629
45,28.491283416748047
45,32.1393928527832
45,23.989858627319336
45,32.32048416137695
45,33.134117126464844
45,26.898080825805664
45,25.801315307617188
45,26.337066650390625
45,32.31365966796875
45,26.77020263671875
45,24.941612243652344
45,27.402746200561523
45,25.473064422607422
45,28.400121688842773
45,25.578048706054688
45,27.77650260925293
45,34.444313049316406
45,25.243236541748047
45,33.724212646484375
45,31.74022674560547
45,24.139232635498047
45,29.519685745239258
45,29.30425453186035
45,34.68128204345703
45,32.13124465942383
45,26.13490104675293
45,31.07894515991211
45,31.993576049804688
45,23.359859466552734
45,31.825700759887695
45,32.09893035888672
45,24.343704223632812
45,31.18262481689453
45,24.16622543334961
45,29.70970916748047
45,28.42915153503418
45,26.893207550048828
45,24.723264694213867
45,33.96464157104492
45,27.964252471923828
45,32.40291976928711
45,33.65608215332031
45,29.716684341430664
45,27.20840835571289
45,26.5040340423584
45,27.988466262817383
45,32.8714599609375
45,34.21575927734375
45,32.999107360839844
45,25.148683547973633
45,25.643537521362305
45,25.898170471191406
45,28.632844924926758
45,28.194021224975586
45,28.65138816833496
45,32.694793701171875
45,31.9522762298584
45,25.988571166992188
45,26.34035301208496
45,33.10673904418945
45,32.45928192138672
45,31.925640106201172
45,29.2938289642334
45,30.569677352905273
45,32.14590835571289
45,27.1981201171875
45,31.857120513916016
45,30.274181365966797
45,32.29633712768555
45,24.394529342651367
45,32.831077575683594
45,31.251096725463867
45,32.20073699951172
45,34.273284912109375
45,28.35651397705078
45,34.416385650634766
45,32.761383056640625
45,34.64316177368164
45,26.160730361938477
45,29.85898780822754
45,33.67284393310547
45,29.360069274902344
45,27.537092208862305
45,31.10616683959961
45,24.800079345703125
45,28.239099502563477
45,26.79688835144043
45,31.201635360717773
45,26.348487854003906
45,28.671375274658203
45,28.531679153442383
45,33.17128372192383
45,33.20703125
45,25.575220108032227
45,32.33163833618164
45,25.189804077148438
45,27.44122886657715
45,27.83170509338379
45,33.56071090698242
45,24.63558578491211
45,32.72927474975586
45,30.28457260131836
45,31.20672035217285
45,32.856163024902344
45,24.848424911499023
45,28.014835357666016
45,34.920989990234375
45,30.628467559814453
45,29.12710952758789
45,23.7817325592041
45,27.899438858032227
45,30.501178741455078
45,27.61481285095215
45,30.18779754638672
45,26.93284797668457
45,30.82958221435547
45,24.3665714263916
45,31.095640182495117
45,26.87542724609375
45,29.428386688232422
45,26.511701583862305
45,29.650272369384766
45,25.097248077392578
45,26.789756774902344
45,29.500465393066406
45,24.655010223388672
45,31.77011489868164
45,30.23365592956543
45,34.029197692871094
45,27.063411712646484
45,35.666229248046875
45,24.817523956298828
45,25.198305130004883
45,31.142812728881836
45,34.36872100830078
45,24.664718627929688
45,27.16025161743164
45,27.900863647460938
45,25.591325759887695
45,24.6527042388916
45,32.182037353515625
45,29.71271514892578
45,32.62764358520508
45,27.56317710876465
45,27.021812438964844
45,30.881118774414062
45,31.45058822631836
45,27.90723991394043
45,24.207822799682617
45,25.4274845123291
45,34.05646514892578
45,28.52891731262207
45,24.786489486694336
45,32.949440002441406
45,24.62322998046875
45,32.60968017578125
45,30.809284210205078
45,32.356239318847656
45,32.74455261230469
45,26.087717056274414
45,32.28165817260742
45,29.745777130126953
45,24.263118743896484
45,25.155977249145508
45,25.03750991821289
45,23.624361038208008
45,33.63662338256836
45,32.431556701660156
45,25.01712989807129
45,27.064651489257812
45,28.165979385375977
45,32.44896697998047
45,26.490371704101562
45,32.97061538696289
45,28.21834945678711
45,31.46061134338379
45,26.44859504699707
45,34.7745361328125
45,32.186126708984375
45,34.887203216552734
45,31.648746490478516
45,29.04177474975586
45,25.3328800201416
45,31.132213592529297
45,29.373245239257812
45,31.69927215576172
45,30.047962188720703
45,27.960960388183594
45,26.81761360168457
45,33.09785842895508
45,25.137136459350586
45,30.6862735748291
45,29.5766544342041
45,27.08697509765625
45,28.74203872680664
45,30.721982955932617
45,27.92474937438965
45,29.82756233215332
45,32.17214584350586
45,24.483062744140625
45,26.723682403564453
45,32.74211120605469
45,29.11096954345703
45,32.40394592285156
45,24.641801834106445
45,32.98343276977539
45,31.347347259521484
45,25.673057556152344
45,27.82105827331543
45,25.347726821899414
45,29.068830490112305
45,26.980022430419922
45,31.08203887939453
45,27.71898078918457
45,24.919212341308594
45,32.73585891723633
45,29.132429122924805
45,28.02284049987793
45,30.015378952026367
45,26.204614639282227
45,27.090129852294922
45,31.80359649658203
45,30.430892944335938
45,27.007953643798828
45,32.45949935913086
45,24.47893524169922
45,29.015872955322266
45,26.1818790435791
45,25.244016647338867
45,31.452573776245117
45,25.862451553344727
45,33.10728454589844
45,27.20012092590332
45,27.97041130065918
45,24.600139617919922
45,27.023454666137695
45,25.572799682617188
45,27.00734519958496
45,25.967113494873047
45,32.002540588378906
45,27.424102783203125
45,32.466087341308594
45,27.79743003845215
45,25.916950225830078
45,26.27287483215332
45,29.221742630004883
45,26.96019744873047
45,30.931743621826172
45,32.77456283569336
45,33.10080337524414
45,26.695831298828125
45,31.283771514892578
45,23.735916137695312
45,33.06489944458008
45,25.0357723236084
45,26.539213180541992
45,29.243677139282227
45,29.087623596191406
45,29.596683502197266
45,28.672481536865234
45,26.496917724609375
45,29.43932342529297
45,24.81092071533203
45,27.604970932006836
45,23.872989654541016
45,29.500295639038086
45,33.49496841430664
45,27.436763763427734
45,32.085662841796875
45,27.710464477539062
45,27.63494873046875
45,28.090604782104492
45,28.697467803955078
45,25.637882232666016
45,31.002567291259766
45,28.915740966796875
45,27.40436363220215
45,33.8205680847168
45,28.69331169128418
45,27.834871292114258
45,29.01214599609375
45,27.236989974975586
45,31.937965393066406
45,26.650117874145508
45,32.86431884765625
45,28.481534957885742
45,31.59256362915039
45,24.44029998779297
45,27.98369789123535
45,33.80723571777344
45,33.23506164550781
45,30.33845329284668
45,24.599151611328125
45,28.373321533203125
45,31.573728561401367
45,24.580904006958008
45,32.285438537597656
45,30.279281616210938
45,28.347640991210938
45,24.81565284729004
45,31.654216766357422
45,32.0985107421875
45,24.14678192138672
45,30.14311408996582
45,24.557106018066406
45,26.622453689575195
45,30.277812957763672
45,29.161582946777344
45,32.75856018066406
45,32.22496795654297
45,29.144582748413086
45,29.76937484741211
45,32.841976165771484
45,32.24605941772461
45,33.178958892822266
45,29.137935638427734
45,33.154296875
45,25.763769149780273
45,29.222217559814453
45,33.035011291503906
45,26.080005645751953
45,27.96511459350586
45,28.023386001586914
45,24.64149284362793
45,32.066036224365234
45,32.66799545288086
45,27.901687622070312
45,32.451148986816406
45,24.320425033569336
45,26.89124870300293
45,25.85209846496582
45,31.960905075073242
45,28.759756088256836
45,28.992206573486328
45,33.1827507019043
45,28.01942253112793
45,28.620059967041016
45,26.58208656311035
45,31.508319854736328
45,32.748146057128906
45,24.75653076171875
45,23.204689025878906
45,28.884706497192383
45,32.05107879638672
45,24.501018524169922
45,28.066009521484375
45,33.95553970336914
45,26.312362670898438
45,33.28165817260742
45,26.379575729370117
45,33.22377014160156
45,25.0030460357666
45,28.326007843017578
45,30.724613189697266
45,25.185766220092773
45,24.04813003540039
45,27.408918380737305
45,33.699729919433594
45,24.04849624633789
45,27.266307830810547
45,24.7923583984375
45,25.220548629760742
45,29.562280654907227
45,33.10976791381836
45,31.539112091064453
45,27.64024543762207
45,31.517393112182617
45,26.905254364013672
45,25.543182373046875
45,33.02315139770508
45,30.58751106262207
45,26.791759490966797
45,26.846054077148438
45,26.145069122314453
45,26.07277488708496
45,32.07828903198242
45,24.194833755493164
45,28.402170181274414
45,25.83242416381836
45,31.245426177978516
45,27.0251522064209
45,32.473575592041016
45,26.30215072631836
45,30.216106414794922
45,27.21236228942871
45,28.36492156982422
45,26.953876495361328
45,30.319080352783203
45,26.681550979614258
45,32.33572006225586
45,29.490352630615234
45,27.29775619506836
45,24.216014862060547
45,33.12775421142578
45,27.936668395996094
45,32.031394958496094
45,32.201351165771484
45,31.446094512939453
45,27.93645477294922
45,26.216291427612305
45,29.423583984375
45,32.78348159790039
45,30.7974853515625
45,30.213722229003906
45,30.41737174987793
45,29.241342544555664
45,34.399200439453125
45,29.846405029296875
45,28.005521774291992
45,24.900001525878906
45,26.01080322265625
45,24.327173233032227
45,31.98835563659668
45,32.641845703125
45,29.083532333374023
45,34.22163009643555
45,27.219955444335938
45,33.404869079589844
45,29.52740478515625
45,25.70586395263672
45,31.577945709228516
45,28.844158172607422
45,32.583290100097656
45,33.97697448730469
45,27.192583084106445
45,28.18820571899414
45,28.78258514404297
45,31.299800872802734
45,24.52013397216797
45,27.601993560791016
45,32.28925704956055
45,27.356876373291016
45,29.824159622192383
45,33.506343841552734
45,31.35293960571289
45,33.353878021240234
45,25.443660736083984
45,32.62317657470703
45,31.85835838317871
45,24.85835075378418
45,25.018741607666016
45,32.97058868408203
45,29.19353485107422
45,26.36048126220703
45,30.45193099975586
45,32.1318473815918
45,31.903244018554688
45,24.920989990234375
45,27.582965850830078
45,33.60568618774414
45,26.97943687438965
45,25.927701950073242
45,34.453147888183594
45,23.912097930908203
45,33.92769241333008
45,24.813732147216797
45,24.467626571655273
45,24.332042694091797
45,26.82377052307129
45,28.039688110351562
45,23.632795333862305
45,33.5401611328125
45,31.68148422241211
45,28.253753662109375
45,26.763025283813477
45,24.304529190063477
45,26.03602409362793
45,26.66339683532715
45,33.80792236328125
45,24.56523895263672
45,26.754974365234375
45,28.603723526000977
45,24.63453483581543
45,28.084373474121094
45,32.80826187133789
45,32.111328125
45,26.49403953552246
45,25.104076385498047
45,27.07050895690918
45,27.550413131713867
45,25.20049476623535
45,33.30662536621094
45,24.828819274902344
45,28.16823959350586
45,24.658117294311523
45,27.021018981933594
45,23.7930850982666
45,28.842973709106445
45,32.0909423828125
45,31.119050979614258
45,32.14337158203125
45,25.548450469970703
45,27.406721115112305
45,31.695602416992188
45,27.286773681640625
45,32.05196762084961
45,31.97459602355957
45,27.011857986450195
45,32.28972244262695
45,30.414846420288086
45,29.130189895629883
45,24.378541946411133
45,28.413949966430664
45,33.494937896728516
45,28.753021240234375
45,30.60310935974121
45,28.537622451782227
45,30.92000389099121
45,30.1049861907959
45,28.964073181152344
45,30.321760177612305
45,26.974679946899414
45,30.29912567138672
45,34.050846099853516
45,29.6573429107666
45,27.054811477661133
45,27.43809700012207
45,27.42133331298828
45,35.50103759765625
45,27.57684898376465
45,32.0605583190918
45,25.764053344726562
45,25.36606216430664
45,31.964021682739258
45,26.624513626098633
45,28.052349090576172
45,26.576536178588867
45,23.911609649658203
45,30.09552764892578
45,27.043018341064453
45,32.576534271240234
45,25.313255310058594
45,25.439163208007812
45,31.834863662719727
45,32.811065673828125
45,29.75801658630371
45,29.03636360168457
45,24.325241088867188
45,27.364858627319336
45,27.83012580871582
45,28.9217586517334
45,29.67926788330078
45,26.949443817138672
45,29.71750831604004
45,29.85205078125
45,33.22343826293945
45,29.871299743652344
45,24.835224151611328
45,25.165302276611328
45,25.763097763061523
45,33.265724182128906
45,24.543420791625977
45,31.6566162109375
45,33.97932434082031
45,26.286348342895508
45,31.038999557495117
45,24.622713088989258
45,29.289838790893555
45,27.272289276123047
45,29.863483428955078
45,24.672025680541992
45,24.84633445739746
45,31.93716049194336
45,33.38100814819336
45,30.6835880279541
45,30.430068969726562
45,27.72478485107422
45,25.077829360961914
45,24.462055206298828
45,28.906803131103516
45,26.172666549682617
45,30.595104217529297
45,34.58898162841797
45,28.458871841430664
45,23.94122314453125
45,32.748992919921875
45,32.473758697509766
45,29.527645111083984
45,30.395771026611328
45,28.486671447753906
45,29.800512313842773
45,30.87781524658203
45,33.473243713378906
45,29.127378463745117
45,24.86994171142578
45,31.984291076660156
45,33.276309967041016
45,28.574535369873047
45,28.456636428833008
45,31.708406448364258
45,28.36580467224121
45,32.50828552246094
45,31.816110610961914
45,31.319137573242188
45,33.59210205078125
45,25.970338821411133
45,23.909034729003906
45,32.22723388671875
45,28.723419189453125
45,28.576505661010742
45,33.351200103759766
45,26.925960540771484
45,26.27686309814453
45,31.202537536621094
45,27.51438331604004
45,33.389564514160156
45,31.43523597717285
45,32.577598571777344
45,31.567880630493164
45,27.63600730895996
45,32.81442642211914
45,27.811555862426758
45,26.163808822631836
45,26.462949752807617
45,31.090898513793945
45,32.46598815917969
45,30.94695281982422
45,32.728267669677734
45,33.876220703125
45,25.64589500427246
45,25.81624412536621
45,33.686805725097656
45,27.568891525268555
45,32.25600814819336
45,28.24872398376465
45,29.469608306884766
45,32.23478698730469
45,26.160402297973633
45,27.664138793945312
45,32.223472595214844
45,24.746910095214844
45,32.302711486816406
45,23.429975509643555
45,33.179203033447266
45,29.927289962768555
45,33.326236724853516
45,31.958209991455078
45,34.45940017700195
45,34.52100372314453
45,32.400184631347656
45,24.231372833251953
45,26.68553352355957
45,32.47319412231445
45,26.60915184020996
45,30.528209686279297
45,24.784099578857422
45,27.956968307495117
45,32.81642150878906
45,25.27280616760254
45,26.6112060546875
45,28.334697723388672
45,23.938148498535156
45,33.24710464477539
45,26.231910705566406
45,26.955781936645508
45,31.87763023376465
45,35.26349639892578
45,26.354305267333984
45,30.788562774658203
45,27.59929847717285
45,28.395841598510742
45,34.70357894897461
45,30.266956329345703
45,26.711223602294922
45,26.779455184936523
45,24.361135482788086
45,29.671512603759766
45,31.882474899291992
45,30.643596649169922
45,25.901479721069336
45,24.3387393951416
45,32.577762603759766
45,28.873863220214844
45,31.05770492553711
45,35.4012565612793
45,25.73370361328125
45,28.36844253540039
45,28.91501808166504
45,31.477413177490234
45,28.916996002197266
45,28.24192237854004
45,28.440610885620117
45,31.13180923461914
45,28.71017837524414
45,27.96683692932129
45,25.261585235595703
45,30.860790252685547
45,32.704673767089844
45,34.09764099121094
45,35.090965270996094
45,27.402624130249023
45,28.96683692932129
45,27.249088287353516
45,26.208881378173828
45,33.87950134277344
45,32.61491394042969
45,29.824939727783203
45,27.16538429260254
45,26.336254119873047
45,28.20888900756836
45,27.92191505432129
45,26.872121810913086
45,25.313444137573242
45,31.555421829223633
45,30.42455291748047
45,28.481353759765625
45,25.541582107543945
45,24.36771011352539
45,28.42179298400879
45,26.43168067932129
45,31.06157684326172
45,25.289566040039062
45,33.078826904296875
45,33.6912841796875
45,33.39328384399414
45,30.294517517089844
45,30.512653350830078
45,26.88253402709961
45,32.854034423828125
45,33.46174240112305
45,30.44890022277832
45,30.30091667175293
45,26.5380859375
45,25.054462432861328
45,34.08797836303711
45,33.72488021850586
45,33.99040222167969
45,33.19242858886719
45,34.39874267578125
45,33.35745620727539
45,31.321409225463867
45,30.940597534179688
45,33.14900207519531
45,26.807621002197266
45,29.391706466674805
45,32.08793258666992
45,28.931835174560547
45,25.888118743896484
45,29.553787231445312
45,28.147703170776367
45,28.832233428955078
45,28.716751098632812
45,30.970645904541016
45,26.25752830505371
45,34.2699089050293
45,29.68669891357422
45,26.43376922607422
45,29.512123107910156
45,29.572025299072266
45,23.198169708251953
45,25.748432159423828
45,25.693233489990234
45,32.172210693359375
45,33.19708251953125
45,28.859344482421875
45,31.665678024291992
45,27.431610107421875
45,24.811494827270508
45,27.122587203979492
45,30.79613494873047
45,34.68707275390625
45,32.127784729003906
45,33.62733459472656
45,33.543701171875
45,32.652320861816406
45,33.35334396362305
45,25.323301315307617
45,32.878753662109375
45,25.68563461303711
45,25.5926456451416
45,30.404508590698242
45,28.767045974731445
45,24.280107498168945
45,31.657575607299805
45,27.273880004882812
45,28.917781829833984
45,32.19746017456055
45,28.05533218383789
45,25.319625854492188
45,24.888072967529297
45,28.794601440429688
45,27.780654907226562
45,33.79432678222656
45,29.686113357543945
45,33.55690002441406
45,31.637197494506836
45,29.784481048583984
45,28.255956649780273
45,26.079177856445312
45,28.297786712646484
45,26.454980850219727
45,28.83739471435547
45,32.295509338378906
45,34.72160339355469
45,30.805187225341797
45,31.995975494384766
45,35.166709899902344
45,29.16103744506836
45,29.528549194335938
45,28.9572811126709
45,26.35818862915039
45,31.052440643310547
45,28.481075286865234
45,25.300107955932617
45,33.47552490234375
45,30.351762771606445
45,25.964557647705078
45,27.89244842529297
45,31.99129867553711
45,24.381595611572266
45,24.146320343017578
45,25.4516658782959
45,29.10744285583496
45,31.64164924621582
45,28.695215225219727
45,29.234498977661133
45,26.80884552001953
45,29.098283767700195
45,35.001129150390625
45,24.392452239990234
45,34.61795425415039
45,26.33358383178711
45,28.885696411132812
45,33.77936935424805
45,25.37364959716797
45,35.23031997680664
45,31.602005004882812
45,32.77396011352539
45,29.170719146728516
45,31.631027221679688
45,26.987674713134766
45,27.50517463684082
45,31.956315994262695
45,29.094135284423828
45,26.646316528320312
45,29.277545928955078
45,29.54503631591797
45,34.43924331665039
45,27.352460861206055
45,31.23514747619629
45,29.05690574645996
45,30.896333694458008
45,31.653778076171875
45,29.96320152282715
45,29.922107696533203
45,27.58418083190918
45,30.082448959350586
45,34.69365310668945
45,30.347929000854492
45,27.986051559448242
45,31.750823974609375
45,23.567113876342773
45,33.31711196899414
45,33.351722717285156
45,27.96427345275879
45,32.08576202392578
45,35.18370056152344
45,29.39104461669922
45,32.56064987182617
45,26.626127243041992
45,29.454866409301758
45,32.922515869140625
45,33.57510757446289
45,30.56696319580078
45,32.233848571777344
45,26.688180923461914
45,31.478994369506836
45,24.723987579345703
45,26.424137115478516
45,33.20259094238281
45,23.912935256958008
45,27.03683853149414
45,27.430421829223633
45,26.52886962890625
45,32.19575119018555
45,27.78556251525879
45,28.719085693359375
45,27.396528244018555
45,31.50710105895996
45,23.550039291381836
45,35.354122161865234
45,30.513111114501953
45,24.68030548095703
45,30.28415298461914
45,25.87026023864746
45,27.178361892700195
45,29.28447151184082
45,27.161624908447266
45,27.950363159179688
45,31.17318344116211
45,34.08721160888672
45,31.61090850830078
45,30.31989097595215
45,24.12998390197754
45,28.123703002929688
45,34.42870330810547
45,29.206947326660156
45,29.24757194519043
45,30.524459838867188
45,33.65799331665039
45,30.408954620361328
45,23.84632682800293
45,32.75104904174805
45,25.186010360717773
45,30.276107788085938
45,25.54656219482422
45,26.049657821655273
45,25.247150421142578
45,32.94309997558594
45,27.766254425048828
45,32.36613082885742
45,29.312395095825195
45,23.985576629638672
45,31.667972564697266
45,31.798114776611328
45,34.050575256347656
45,34.01771545410156
45,33.44650650024414
45,34.066322326660156
45,27.14130973815918
45,34.732547760009766
45,30.38391876220703
45,31.774517059326172
45,29.981969833374023
45,30.328243255615234
45,29.13359832763672
45,30.092676162719727
45,30.8510684967041
45,30.566259384155273
45,32.9310302734375
45,25.504247665405273
45,25.000459671020508
45,34.69654083251953
45,26.553306579589844
45,34.0430793762207
45,27.819480895996094
45,26.45444107055664
45,31.35093879699707
45,25.8664493560791
45,29.470285415649414
45,27.01706314086914
45,28.45919418334961
45,31.152048110961914
45,35.80712127685547
45,29.36810874938965
45,25.204851150512695
45,26.82176971435547
45,31.08448600769043
45,29.29467010498047
45,27.04654884338379
45,30.728574752807617
45,24.163150787353516
45,27.879919052124023
45,28.622257232666016
45,29.312122344970703
45,24.557104110717773
45,27.9431095123291
45,32.110958099365234
45,31.18421173095703
45,32.50056076049805
45,29.40426254272461
45,24.487409591674805
45,33.59879684448242
45,28.386981964111328
45,31.775440216064453
45,28.031614303588867
45,24.455677032470703
45,34.94101333618164
45,28.922183990478516
45,27.751142501831055
45,25.191389083862305
45,26.590686798095703
45,31.242990493774414
45,29.77458953857422
45,24.848819732666016
45,29.72140121459961
45,34.562034606933594
45,27.951786041259766
45,31.190587997436523
45,31.05266571044922
45,28.35926055908203
45,30.826915740966797
45,32.9508171081543
45,30.435016632080078
45,33.01515579223633
45,26.828248977661133
45,34.4752082824707
45,28.434223175048828
45,29.510683059692383
45,28.0336971282959
45,27.13825225830078
45,31.967687606811523
45,25.127607345581055
45,26.76336669921875
45,33.90574645996094
45,26.31050682067871
45,32.8780403137207
45,28.087158203125
45,30.477676391601562
45,32.744285583496094
45,31.88627052307129
45,30.8145809173584
45,33.282249450683594
45,30.58157730102539
45,26.038284301757812
45,24.28345489501953
45,28.252153396606445
45,33.224342346191406
45,30.533620834350586
45,29.19339370727539
45,33.488502502441406
45,30.430335998535156
45,29.250675201416016
45,24.702964782714844
45,31.529502868652344
45,30.145614624023438
45,33.08193588256836
45,29.876163482666016
45,28.385665893554688
45,33.91794967651367
45,27.10704231262207
45,32.750633239746094
45,29.74543571472168
45,24.02353286743164
45,30.421356201171875
45,27.300460815429688
45,28.653654098510742
45,29.604854583740234
45,30.63225555419922
45,34.0643424987793
45,29.092252731323242
45,32.2604866027832
45,27.995939254760742
45,35.262786865234375
45,29.990507125854492
45,33.17463684082031
45,30.641599655151367
45,33.403892517089844
45,29.74072265625
45,29.695377349853516
45,31.843185424804688
45,27.018537521362305
45,30.892610549926758
45,32.965721130371094
45,28.622095108032227
45,23.426090240478516
45,27.634933471679688
45,26.99579429626465
45,27.271255493164062
45,33.05995178222656
45,31.133817672729492
45,27.595354080200195
45,32.18728256225586
45,26.263320922851562
45,32.146976470947266
45,33.23883819580078
45,29.315031051635742
45,30.047611236572266
45,27.65367317199707
45,30.1426944732666
45,30.985090255737305
45,25.109142303466797
45,27.85320472717285
45,31.95994758605957
45,32.448978424072266
45,30.574462890625
45,25.563282012939453
45,28.917150497436523
45,33.35319900512695
45,30.396852493286133
45,26.580657958984375
45,29.361248016357422
45,30.49734115600586
45,25.458580017089844
45,29.91832160949707
45,25.88773536682129
45,28.16189956665039
45,24.648956298828125
45,31.783693313598633
45,24.298980712890625
45,26.695436477661133
45,24.391511917114258
45,29.24837875366211
45,27.880964279174805
45,26.35207748413086
45,25.97595977783203
45,26.878469467163086
45,25.019515991210938
45,30.533571243286133
45,30.464488983154297
45,24.858659744262695
45,26.575658798217773
45,27.7227783203125
45,25.53892707824707
45,28.732818603515625
45,25.33942222595215
45,25.559961318969727
45,33.65347671508789
45,28.05775260925293
45,34.21354675292969
45,28.662729263305664
45,27.87803840637207
45,31.15708351135254
45,34.2332763671875
45,27.631193161010742
45,28.339584350585938
45,24.80175018310547
45,24.793800354003906
45,32.068626403808594
45,27.700353622436523
45,24.897302627563477
45,28.310317993164062
45,27.394655227661133
45,24.427356719970703
45,31.452640533447266
45,24.68720817565918
45,29.640056610107422
45,34.78126907348633
45,29.3792724609375
45,28.429485321044922
45,26.127227783203125
45,33.17158126831055
45,26.81777000427246
45,34.09575653076172
45,30.482398986816406
45,30.407045364379883
45,30.534229278564453
45,31.92283821105957
45,27.479616165161133
45,25.705745697021484
45,27.685447692871094
45,34.04595184326172
45,28.3613224029541
45,30.5720157623291
45,28.220365524291992
45,31.008481979370117
45,28.609172821044922
45,32.086490631103516
45,31.421682357788086
45,33.259849548339844
45,27.445459365844727
45,33.70509338378906
45,25.626386642456055
45,28.415176391601562
45,35.57175827026367
45,28.30643653869629
45,35.224342346191406
45,27.88690757751465
45,27.214096069335938
45,29.449127197265625
45,27.868818283081055
45,33.18699264526367
45,29.375499725341797
45,32.9843864440918
45,24.80481719970703
45,29.8504638671875
45,27.238536834716797
45,27.5028076171875
45,24.50064468383789
45,23.68575096130371
45,26.482507705688477
45,26.192607879638672
45,28.1068172454834
45,32.78842544555664
45,30.084827423095703
45,34.187625885009766
45,34.05994415283203
45,33.791812896728516
45,27.206090927124023
45,26.09807777404785
45,29.06606674194336
45,27.849136352539062
45,33.73554229736328
45,32.37773895263672
45,29.351703643798828
45,29.4422664642334
45,30.305355072021484
45,31.72515869140625
45,30.01675033569336
45,34.63898849487305
45,32.64284133911133
45,28.864765167236328
45,28.009199142456055
45,29.637863159179688
45,30.86396026611328
45,27.85851287841797
45,29.854616165161133
45,33.06591033935547
45,27.523252487182617
45,24.492469787597656
45,28.91876220703125
45,27.977603912353516
45,30.95606803894043
45,25.43543815612793
45,29.553714752197266
45,27.47981834411621
45,36.02531814575195
45,29.676342010498047
45,27.529762268066406
45,28.72121238708496
45,32.4715461730957
45,27.443666458129883
45,34.15045928955078
45,24.409793853759766
45,28.132442474365234
45,31.550819396972656
45,25.44418716430664
45,31.663867950439453
45,32.33964920043945
45,35.83316421508789
45,31.2310791015625
45,33.554229736328125
45,33.01102828979492
45,25.503812789916992
45,29.837696075439453
45,25.45342445373535
45,29.55219268798828
45,24.766496658325195
45,33.17121887207031
45,34.646183013916016
45,33.5069465637207
45,31.354034423828125
45,31.12567901611328
45,32.06315612792969
45,28.34204864501953
45,25.67708969116211
45,32.45403289794922
45,33.46406173706055
45,33.5843505859375
45,25.66973876953125
45,25.049495697021484
45,26.860044479370117
45,28.27931022644043
45,34.10076904296875
45,29.235769271850586
45,28.669878005981445
45,29.668560028076172
45,29.281892776489258
45,29.67099952697754
45,31.915111541748047
45,24.61239242553711
45,27.276443481445312
45,27.17935562133789
45,23.93647575378418
45,25.151025772094727
45,27.81732749938965
45,33.205196380615234
45,32.368385314941406
45,27.306346893310547
45,27.147815704345703
45,24.85267448425293
45,32.1290283203125
45,29.569398880004883
45,28.22736167907715
45,25.723751068115234
45,34.493526458740234
45,26.340757369995117
45,27.181272506713867
45,33.772010803222656
45,34.34788131713867
45,25.714754104614258
45,32.833003997802734
45,25.42005157470703
45,27.443737030029297
45,30.6765079498291
45,26.26710319519043
45,33.81045913696289
45,24.561744689941406
45,33.76933288574219
45,30.408262252807617
45,31.052236557006836
45,26.16046142578125
45,28.984647750854492
45,24.580978393554688
45,33.36787414550781
45,31.672027587890625
45,24.9620418548584
45,33.6529655456543
45,27.280744552612305
45,33.68031311035156
45,29.307958602905273
45,27.473695755004883
45,31.694076538085938
45,26.21709442138672
45,26.115310668945312
45,30.630603790283203
45,29.41413688659668
45,33.2160758972168
45,31.12584686279297
45,33.316864013671875
45,30.334938049316406
45,33.42251968383789
45,23.25377082824707
45,30.22441864013672
45,26.109024047851562
45,33.74633026123047
45,28.09709930419922
45,32.6420783996582
45,24.193809509277344
45,26.18360137939453
45,28.987064361572266
45,32.244197845458984
45,33.58612823486328
45,33.199501037597656
45,29.344501495361328
45,27.32634925842285
45,32.90827178955078
45,32.88870620727539
45,32.98631286621094
45,26.88712501525879
45,24.79507827758789
45,23.918588638305664
45,26.47081184387207
45,33.296199798583984
45,25.274734497070312
45,31.27162742614746
45,34.55909729003906
45,30.340808868408203
45,29.86487579345703
45,25.62211036682129
45,34.14887237548828
45,33.66501998901367
45,30.734004974365234
45,23.987951278686523
45,32.67097473144531
45,30.89726448059082
45,28.343046188354492
45,34.06568145751953
45,32.95650863647461
45,28.451688766479492
45,30.93886947631836
45,31.163957595825195
45,26.622344970703125
45,30.814937591552734
45,26.79689598083496
45,35.96690368652344
45,28.87150764465332
45,29.169689178466797
45,31.542667388916016
45,30.283632278442383
45,31.067611694335938
45,31.53369903564453
45,24.37196159362793
45,26.935380935668945
45,31.846057891845703
45,24.28055191040039
45,28.269514083862305
45,25.638134002685547
45,29.69709014892578
45,27.83225440979004
45,28.374393463134766
45,29.996253967285156
45,25.566312789916992
45,32.266666412353516
45,24.59726333618164
45,27.975139617919922
45,27.85829734802246
45,32.86735153198242
45,24.022281646728516
45,32.49085998535156
45,31.49895668029785
45,32.82101058959961
45,34.4027099609375
45,32.71073913574219
45,31.939769744873047
45,32.50836944580078
45,29.45534896850586
45,30.355480194091797
45,32.959373474121094
45,29.910888671875
45,35.200164794921875
45,23.52833366394043
45,25.954172134399414
45,29.57324981689453
45,30.95962142944336
45,26.74028778076172
45,33.0972900390625
45,31.17379379272461
45,30.612655639648438
45,34.06999969482422
45,33.78049850463867
45,31.56814956665039
45,31.5245361328125
45,27.231931686401367
45,31.66114616394043
45,31.06236457824707
45,27.051006317138672
45,32.73052215576172
45,33.44799041748047
45,29.67709732055664
45,34.45083999633789
45,29.25766944885254
45,26.783184051513672
45,33.75713348388672
45,28.446855545043945
45,31.071767807006836
45,28.29189682006836
45,27.28990364074707
45,28.956716537475586
45,31.591678619384766
45,28.501977920532227
45,29.026103973388672
45,27.616384506225586
45,28.300514221191406
45,30.852481842041016
45,31.710023880004883
45,24.306983947753906
45,31.782182693481445
45,30.016643524169922
45,30.410186767578125
45,26.604753494262695
45,32.55732345581055
45,29.516971588134766
45,27.682090759277344
45,31.896268844604492
45,28.454252243041992
45,31.605554580688477
45,32.97073745727539
45,31.688167572021484
45,33.561458587646484
45,24.799257278442383
45,28.7939453125
45,27.548324584960938
45,24.331212997436523
45,29.890300750732422
45,29.551067352294922
45,32.51908874511719
45,33.281524658203125
45,30.70425796508789
45,26.08638572692871
45,29.896507263183594
45,28.206371307373047
45,27.386070251464844
45,31.887744903564453
45,27.476736068725586
45,24.92344856262207
45,27.87310791015625
45,34.02347946166992
45,30.2066650390625
45,32.58591842651367
45,23.97127342224121
45,30.269351959228516
45,32.23935317993164
45,27.219236373901367
45,24.630077362060547
45,27.580320358276367
45,33.386619567871094
45,28.310190200805664
45,35.563838958740234
45,25.56182861328125
45,28.51845932006836
45,31.86690902709961
45,27.026578903198242
45,28.2922420501709
45,33.54791259765625
45,33.38932800292969
45,32.341400146484375
45,34.444305419921875
45,27.004976272583008
45,28.551469802856445
45,27.42494773864746
45,24.710311889648438
45,27.579835891723633
45,28.6938533782959
45,32.54166793823242
45,27.472925186157227
45,25.204160690307617
45,33.61203384399414
45,26.68515968322754
45,30.169403076171875
45,26.302675247192383
45,34.25226593017578
45,29.5545654296875
45,29.38103675842285
45,27.233049392700195
45,26.130170822143555
45,27.94758415222168
45,31.448936462402344
45,34.50761795043945
45,31.567800521850586
45,27.303363800048828
45,25.016998291015625
45,29.483901977539062
45,24.21022605895996
45,30.315229415893555
45,30.689727783203125
45,33.32992935180664
45,31.261980056762695
45,24.685646057128906
45,26.336814880371094
45,28.51871681213379
45,33.27628707885742
45,28.147111892700195
45,26.437931060791016
45,30.394315719604492
45,30.33881187438965
45,30.34242820739746
45,24.929126739501953
45,28.740020751953125
45,24.429428100585938
45,30.553016662597656
45,27.52756690979004
45,33.87417221069336
45,34.139183044433594
45,32.67913818359375
45,32.55672836303711
45,31.567285537719727
45,30.97109603881836
45,32.909423828125
45,27.5528621673584
45,27.58387565612793
45,28.837596893310547
45,34.00807571411133
45,27.236299514770508
45,24.327316284179688
45,31.229591369628906
45,29.766252517700195
45,25.256364822387695
45,31.861095428466797
45,28.909711837768555
45,30.38283920288086
45,32.386600494384766
45,28.228713989257812
45,31.70288848876953
45,24.834287643432617
45,30.017541885375977
45,34.22820281982422
45,31.381834030151367
45,25.369016647338867
45,23.755617141723633
45,27.531206130981445
45,26.84967613220215
45,24.960803985595703
45,32.419979095458984
45,28.793012619018555
45,33.186622619628906
45,33.04753494262695
45,30.16745948791504
45,28.693767547607422
45,30.75239372253418
45,26.984939575195312
45,31.473411560058594
45,24.41058921813965
45,27.687063217163086
45,23.903989791870117
45,31.287582397460938
45,33.652313232421875
45,30.85841178894043
45,32.238792419433594
45,28.391700744628906
45,24.50615882873535
45,32.561771392822266
45,32.236392974853516
45,24.79334259033203
45,30.145517349243164
45,29.620643615722656
45,27.881702423095703
45,26.608192443847656
45,28.743759155273438
45,28.062191009521484
45,30.49718475341797
45,30.006017684936523
45,23.881017684936523
45,24.082210540771484
45,24.73727798461914
45,26.909870147705078
45,32.19926452636719
45,30.77168846130371
45,28.680831909179688
45,28.02704620361328
45,31.18789291381836
45,24.312341690063477
45,26.461740493774414
45,34.058650970458984
45,28.166982650756836
45,30.880863189697266
45,33.99653625488281
45,29.60649299621582
45,26.3911190032959
45,28.268951416015625
45,35.27354049682617
45,24.86849021911621
45,27.983795166015625
45,29.800535202026367
45,34.57099914550781
45,32.690189361572266
45,25.10399627685547
45,33.10366439819336
45,32.095088958740234
45,26.55208969116211
45,32.848846435546875
45,28.707660675048828
45,33.299400329589844
45,31.848400115966797
45,33.1073112487793
45,29.416324615478516
45,32.93836212158203
45,25.357391357421875
45,28.6044921875
45,25.1195011138916
45,32.23131561279297
45,31.83167266845703
45,24.106706619262695
45,25.029502868652344
45,25.244338989257812
45,31.736412048339844
45,27.210338592529297
45,29.24180793762207
45,32.93388366699219
45,25.063838958740234
45,28.820131301879883
45,25.765779495239258
45,26.84975814819336
45,34.282249450683594
45,27.689393997192383
45,27.872209548950195
45,30.962202072143555
45,28.63226318359375
45,29.109174728393555
45,32.7152214050293
45,32.77655029296875
45,30.357568740844727
45,29.33099365234375
45,30.636756896972656
45,32.288551330566406
45,25.22162628173828
45,30.708507537841797
45,33.19165802001953
45,34.482505798339844
45,32.42751693725586
45,28.60638427734375
45,30.162487030029297
45,24.780776977539062
45,27.325069427490234
45,31.563026428222656
45,32.83992004394531
45,30.67638397216797
45,27.325170516967773
45,25.14851951599121
45,26.432903289794922
45,27.279296875
45,30.75603485107422
45,27.685646057128906
45,29.02977180480957
45,34.8460807800293
45,28.925018310546875
45,32.940128326416016
45,29.172351837158203
45,30.78560447692871
45,28.18319320678711
45,25.598787307739258
45,27.11043357849121
45,32.91229248046875
45,24.388946533203125
45,28.39012908935547
45,25.782001495361328
45,33.13440704345703
45,24.63373565673828
45,31.01934051513672
45,28.531496047973633
45,32.98015213012695
45,29.957937240600586
45,35.080650329589844
45,33.58911895751953
45,30.127071380615234
45,29.663734436035156
45,26.182432174682617
45,30.106712341308594
45,29.877548217773438
45,28.086854934692383
45,29.911544799804688
45,27.70566749572754
45,31.88653564453125
45,34.21227264404297
45,27.14285659790039
45,33.19496154785156
45,32.15270233154297
45,29.37978744506836
45,25.26502799987793
45,26.789159774780273
45,25.157339096069336
45,26.302614212036133
45,26.819351196289062
45,29.78606605529785
45,33.97956848144531
45,32.41981887817383
45,34.426815032958984
45,27.522554397583008
45,28.82125473022461
45,32.6707649230957
45,28.19968032836914
45,30.28057861328125
45,29.463111877441406
45,32.834983825683594
45,30.59670639038086
45,30.827131271362305
45,29.565879821777344
45,32.443302154541016
45,31.923391342163086
45,34.406036376953125
45,35.523677825927734
45,31.39142417907715
45,27.51117515563965
45,26.896198272705078
45,27.23626136779785
45,32.529579162597656
45,30.673974990844727
45,28.9976749420166
45,27.703462600708008
45,24.804840087890625
45,34.059532165527344
45,28.04738426208496
45,29.443105697631836
45,26.808319091796875
45,28.14463996887207
45,31.65950584411621
45,24.449861526489258
45,27.967525482177734
45,27.91895866394043
45,33.188758850097656
45,27.422489166259766
45,27.890933990478516
45,25.2196044921875
45,26.327409744262695
45,30.530254364013672
45,32.835304260253906
45,33.031490325927734
45,27.27994155883789
45,26.359298706054688
45,31.53972625732422
45,30.419992446899414
45,33.51445770263672
45,27.72679328918457
45,32.55408477783203
45,33.18168640136719
45,28.328500747680664
45,31.416988372802734
45,32.32270050048828
45,29.078311920166016
45,25.428930282592773
45,27.01679039001465
45,27.825828552246094
45,34.05016326904297
45,26.24441146850586
45,26.41568946838379
45,30.47738265991211
45,29.973787307739258
45,24.93381118774414
45,33.22332000732422
45,32.22732925415039
45,28.603849411010742
45,33.32561111450195
45,32.327003479003906
45,30.92020034790039
45,33.3951416015625
45,25.17706298828125
45,32.647857666015625
45,24.754478454589844
45,33.237632751464844
45,33.18982696533203
45,30.710908889770508
45,30.338050842285156
45,33.02937316894531
45,26.864046096801758
45,34.75050735473633
45,27.522104263305664
45,30.1737003326416
45,29.60289764404297
45,23.62673568725586
45,26.076330184936523
45,25.361196517944336
45,31.333600997924805
45,30.932764053344727
45,24.76782989501953
45,26.295154571533203
45,27.33903694152832
45,25.515182495117188
45,27.229248046875
45,26.708560943603516
45,30.358261108398438
45,26.787311553955078
45,29.073286056518555
45,27.282814025878906
45,26.831703186035156
45,25.469541549682617
45,34.44402313232422
45,29.31127166748047
45,32.02244186401367
45,26.276832580566406
45,33.44608688354492
45,24.910123825073242
45,28.49648094177246
45,28.089601516723633
45,34.21293258666992
45,31.367918014526367
45,35.37610626220703
45,33.773109436035156
45,24.319272994995117
45,33.04064178466797
45,28.89626121520996
45,26.733074188232422
45,24.23733901977539
45,35.334571838378906
45,31.94095230102539
45,32.69688034057617
45,27.552886962890625
45,30.217777252197266
45,28.234262466430664
45,30.454971313476562
45,30.366619110107422
45,31.982139587402344
45,26.520751953125
45,24.282629013061523
45,27.166189193725586
45,30.760164260864258
45,32.64332580566406
45,32.42521286010742
45,29.933284759521484
45,27.28520965576172
45,32.409507751464844
45,25.810684204101562
45,26.670196533203125
45,27.698692321777344
45,32.31772994995117
45,24.92096710205078
45,29.15633201599121
45,33.50169372558594
45,24.990785598754883
45,27.125059127807617
45,32.054107666015625
45,28.13132095336914
45,32.01158142089844
45,34.51427459716797
45,25.151615142822266
45,31.27789306640625
45,31.36699104309082
45,32.194217681884766
45,26.080373764038086
45,32.34968566894531
45,32.97279739379883
45,26.812517166137695
45,28.8005313873291
45,24.51656723022461
45,27.56130027770996
45,26.620264053344727
45,27.644121170043945
45,28.820831298828125
45,29.512258529663086
45,27.23721694946289
45,24.87116241455078
45,26.895605087280273
45,32.77635192871094
45,31.600540161132812
45,28.183488845825195
45,30.85919189453125
45,31.99615478515625
45,26.433948516845703
45,33.890106201171875
45,26.258338928222656
45,28.6776123046875
45,27.709308624267578
45,24.470191955566406
45,27.98492431640625
45,24.231706619262695
45,24.708826065063477
45,27.523296356201172
45,26.833667755126953
45,24.771120071411133
45,29.629676818847656
45,28.024385452270508
45,28.885128021240234
45,24.758651733398438
45,25.480588912963867
45,29.952030181884766
45,31.768497467041016
45,23.949934005737305
45,34.01228713989258
45,31.919275283813477
45,29.79718780517578
45,33.08580780029297
45,28.793489456176758
45,32.04821014404297
45,30.65700340270996
45,33.78316116333008
45,28.265066146850586
45,25.184953689575195
45,31.469114303588867
45,28.015520095825195
45,27.365407943725586
45,32.099456787109375
45,27.3328800201416
45,32.861148834228516
45,28.53132438659668
45,32.379554748535156
45,26.666004180908203
45,33.46928024291992
45,30.49605369567871
45,28.250858306884766
45,24.926977157592773
45,26.929780960083008
45,25.358613967895508
45,28.004783630371094
45,34.39350128173828
45,34.10809326171875
45,27.8764591217041
45,30.44778060913086
45,30.526508331298828
45,23.951786041259766
45,28.77805519104004
45,26.863767623901367
45,32.329620361328125
45,29.291746139526367
45,30.238628387451172
45,29.281259536743164
45,33.00067138671875
45,26.885387420654297
45,33.887516021728516
45,30.62160301208496
45,27.476425170898438
45,33.86222839355469
45,30.214153289794922
45,27.764827728271484
45,25.51828384399414
45,29.633481979370117
45,32.513301849365234
45,28.248214721679688
45,31.681053161621094
45,33.22620391845703
45,25.257793426513672
45,24.027015686035156
45,32.166343688964844
45,29.400754928588867
45,28.128055572509766
45,25.05773162841797
45,31.925203323364258
45,23.579490661621094
45,26.711563110351562
45,24.588346481323242
45,27.59900665283203
45,32.923118591308594
45,31.422744750976562
45,31.111309051513672
45,30.778173446655273
45,31.738182067871094
45,29.381147384643555
45,33.42931365966797
45,29.832181930541992
45,25.941492080688477
45,30.386510848999023
45,25.15108871459961
45,30.1975040435791
45,30.366655349731445
45,33.23051834106445
45,26.242359161376953
45,26.62968635559082
45,23.921308517456055
45,33.648597717285156
45,26.692981719970703
45,25.591672897338867
45,29.821813583374023
45,27.939603805541992
45,24.92544174194336
45,31.718360900878906
45,33.25103759765625
45,25.98491668701172
45,32.37697219848633
45,29.913434982299805
45,27.130212783813477
45,28.32387924194336
45,32.99161148071289
45,31.915143966674805
45,29.379215240478516
45,24.94158363342285
45,34.86416244506836
45,29.07982063293457
45,26.734058380126953
45,32.32561111450195
45,25.294113159179688
45,32.848819732666016
45,29.72390365600586
45,33.1708984375
45,23.493717193603516
45,28.699462890625
45,30.807519912719727
45,34.1806755065918
45,29.04387664794922
45,25.099750518798828
45,28.233755111694336
45,31.749034881591797
45,28.929889678955078
45,30.908475875854492
45,33.49776077270508
45,25.56757354736328
45,25.961692810058594
45,24.106809616088867
45,28.025842666625977
45,31.9732723236084
45,31.575326919555664
45,35.07384490966797
45,31.67047119140625
45,29.826507568359375
45,25.603240966796875
45,30.145156860351562
45,28.19469451904297
45,24.898681640625
45,30.338642120361328
45,31.22684097290039
45,26.710678100585938
45,24.53972625732422
45,33.53508377075195
45,33.2528076171875
45,29.805744171142578
45,26.985382080078125
45,27.362573623657227
45,30.18727684020996
45,26.571977615356445
45,32.01020050048828
45,29.62401008605957
45,28.197629928588867
45,34.58914566040039
45,30.33984375
45,31.13650894165039
45,24.40256690979004
45,25.275331497192383
45,30.574092864990234
45,24.298416137695312
45,28.069093704223633
45,31.90187644958496
45,29.819984436035156
45,31.556190490722656
45,32.835453033447266
45,24.154903411865234
45,30.142318725585938
45,24.889453887939453
45,30.406248092651367
45,31.014259338378906
45,29.263601303100586
45,34.0843505859375
45,32.04649353027344
45,33.6887092590332
45,28.779462814331055
45,29.01284408569336
45,28.455978393554688
45,27.398170471191406
45,27.228899002075195
45,32.06374740600586
45,30.77950096130371
45,24.5726375579834
45,28.704811096191406
45,32.795013427734375
45,26.952045440673828
45,31.746747970581055
45,30.875484466552734
45,31.325979232788086
45,25.37541389465332
45,29.654203414916992
45,26.280841827392578
45,33.38661193847656
45,30.184946060180664
45,27.156999588012695
45,28.051496505737305
45,31.036697387695312
45,25.189525604248047
45,31.464801788330078
45,29.25060272216797
45,33.10293197631836
45,32.7581901550293
45,24.306621551513672
45,31.57182502746582
45,32.887046813964844
45,26.527456283569336
45,33.33405303955078
45,26.84332275390625
45,32.964820861816406
45,34.898948669433594
45,24.959278106689453
45,24.7193660736084
45,28.49445343017578
45,31.21510887145996
45,29.452041625976562
45,25.14266014099121
45,31.80959701538086
45,29.66962432861328
45,28.201276779174805
45,28.51726722717285
45,27.720870971679688
45,30.390745162963867
45,26.079484939575195
45,27.174808502197266
45,29.880138397216797
45,34.12403869628906
45,23.942935943603516
45,30.449785232543945
45,25.320178985595703
45,30.430713653564453
45,28.059301376342773
45,27.99802017211914
45,28.79660415649414
45,29.90439224243164
45,28.324832916259766
45,31.792095184326172
45,27.537818908691406
45,30.952682495117188
45,30.733051300048828
45,26.18968963623047
45,30.847257614135742
45,31.00385093688965
45,33.50591278076172
45,27.30616569519043
45,28.939762115478516
45,36.28388977050781
45,31.889902114868164
45,32.353397369384766
45,27.415956497192383
45,27.59378433227539
45,33.78308868408203
45,31.29352569580078
45,32.11970901489258
45,33.707515716552734
45,32.607967376708984
45,26.996353149414062
45,25.586767196655273
45,24.73033905029297
45,31.38729476928711
45,32.2731819152832
45,25.43082046508789
45,29.3217716217041
45,31.17160415649414
45,29.242036819458008
45,32.76742935180664
45,28.405136108398438
45,27.805099487304688
45,33.796180725097656
45,32.727142333984375
45,32.449554443359375
45,26.834415435791016
45,24.91851806640625
45,29.42181396484375
45,30.3236026763916
45,28.786571502685547
45,25.950952529907227
45,31.956235885620117
45,31.526321411132812
45,29.614219665527344
45,32.4382438659668
45,23.814651489257812
45,26.611661911010742
45,27.702184677124023
45,30.61321258544922
45,27.887714385986328
45,27.913190841674805
45,31.374370574951172
45,33.19037628173828
45,32.58430862426758
45,23.37339210510254
45,32.126522064208984
45,27.536373138427734
45,24.678226470947266
45,26.774600982666016
45,32.49613571166992
45,25.674732208251953
45,26.98251724243164
45,29.355920791625977
45,29.987390518188477
45,28.68480110168457
45,25.930221557617188
45,24.63166046142578
45,30.183513641357422
45,32.791839599609375
45,31.363784790039062
45,29.476211547851562
45,26.194961547851562
45,27.73594093322754
45,28.61390495300293
45,23.080272674560547
45,28.05124282836914
45,35.86753845214844
45,29.342906951904297
45,30.82874298095703
45,31.72568702697754
45,25.34745979309082
45,28.739744186401367
45,33.85604476928711
45,27.382366180419922
45,32.40256118774414
45,27.16456413269043
45,25.885494232177734
45,29.12059211730957
45,32.09722137451172
45,31.538665771484375
45,26.811853408813477
45,25.194438934326172
45,30.99475860595703
45,30.492115020751953
45,24.679231643676758
45,33.41229248046875
45,31.183874130249023
45,30.316728591918945
45,32.76929473876953
45,25.854373931884766
45,24.711589813232422
45,31.886993408203125
45,32.71657943725586
45,26.748716354370117
45,29.739952087402344
45,28.90607261657715
45,26.663637161254883
45,25.617809295654297
45,23.66103172302246
45,31.89388656616211
45,31.927349090576172
45,31.229089736938477
45,28.934650421142578
45,34.29393005371094
45,30.0343074798584
45,33.51546859741211
45,27.81896209716797
45,31.070096969604492
45,33.510475158691406
45,28.776321411132812
45,31.046743392944336
45,31.540420532226562
45,30.55847930908203
45,28.58014678955078
45,27.881155014038086
45,27.331584930419922
45,30.358558654785156
45,32.65450668334961
45,24.495677947998047
45,32.79496765136719
45,27.253463745117188
45,24.73183822631836
45,27.06501579284668
45,24.98284339904785
45,25.806640625
45,32.69818878173828
45,30.586536407470703
45,29.42361831665039
45,24.60588836669922
45,30.023216247558594
45,34.352638244628906
45,27.268421173095703
45,25.24283790588379
45,34.75349426269531
45,24.53508949279785
45,28.07945442199707
45,29.052738189697266
45,26.401527404785156
45,27.92698860168457
45,32.46501159667969
45,33.690208435058594
45,24.961139678955078
45,33.84139633178711
45,26.125102996826172
45,28.741703033447266
45,29.339384078979492
45,28.2302188873291
45,29.956083297729492
45,27.94907569885254
45,29.42304229736328
45,30.48341941833496
45,29.454952239990234
45,25.543601989746094
45,23.982349395751953
45,28.491397857666016
45,34.1262321472168
45,25.847021102905273
45,29.720291137695312
45,25.25661849975586
45,29.247119903564453
45,25.407251358032227
45,26.11251449584961
45,25.13994598388672
45,33.0451545715332
45,32.877784729003906
45,24.499629974365234
45,33.2911491394043
45,29.855937957763672
45,32.45907211303711
45,31.83013153076172
45,29.797075271606445
45,25.315048217773438
45,27.882280349731445
45,29.624982833862305
45,33.41085433959961
45,34.08574676513672
45,31.203439712524414
45,24.880149841308594
45,25.43324089050293
45,32.09946823120117
45,30.485708236694336
45,27.951427459716797
45,29.12026023864746
45,28.932954788208008
45,29.041175842285156
45,28.437475204467773
45,24.269691467285156
45,27.144948959350586
45,27.942914962768555
45,26.919084548950195
45,26.676555633544922
45,31.53110122680664
45,28.631540298461914
45,29.06691551208496
45,26.497608184814453
45,32.38971710205078
45,26.352415084838867
45,28.386152267456055
45,29.2323055267334
45,24.87944984436035
45,33.731327056884766
45,32.53725051879883
45,29.039216995239258
45,27.93499755859375
45,33.98801040649414
45,25.037389755249023
45,26.699052810668945
45,27.29471206665039
45,25.25979232788086
45,30.967456817626953
45,34.59312057495117
45,24.46257209777832
45,26.925214767456055
45,31.00997543334961
45,33.97649383544922
45,26.50623321533203
45,34.19378662109375
45,27.492942810058594
45,28.016624450683594
45,27.421184539794922
45,32.879310607910156
45,26.460784912109375
45,24.523303985595703
45,35.64622116088867
45,24.079673767089844
45,31.969051361083984
45,32.3690071105957
45,27.61701774597168
45,31.539505004882812
45,25.788206100463867
45,27.929859161376953
45,32.05149841308594
45,28.136030197143555
45,30.868181228637695
45,34.430484771728516
45,29.2664794921875
45,32.7010612487793
45,31.384933471679688
45,25.22603416442871
45,28.700998306274414
45,24.913360595703125
45,27.921218872070312
45,27.46455192565918
45,30.588546752929688
45,26.572174072265625
45,24.313648223876953
45,33.48948669433594
45,30.179662704467773
45,33.39162063598633
45,28.414228439331055
45,24.920141220092773
45,25.540666580200195
45,33.469234466552734
45,34.28374099731445
45,30.91929054260254
45,26.93561553955078
45,26.886653900146484
45,29.654159545898438
45,25.874975204467773
45,31.96615982055664
45,29.22348976135254
45,24.726409912109375
45,27.318017959594727
45,25.88921356201172
45,32.58431625366211
45,31.07154655456543
45,29.136093139648438
45,26.616315841674805
45,29.511571884155273
45,26.406635284423828
45,30.72772216796875
45,24.636634826660156
45,32.50902557373047
45,28.16230583190918
45,27.478172302246094
45,29.593448638916016
45,28.904298782348633
45,34.01779556274414
45,26.704133987426758
45,29.168088912963867
45,33.29680252075195
45,25.76739501953125
45,31.90132713317871
45,30.94581413269043
45,28.841110229492188
45,29.422971725463867
45,27.139902114868164
45,35.51982879638672
45,29.15073013305664
45,27.861963272094727
45,28.203540802001953
45,29.832427978515625
45,30.698650360107422
45,24.488574981689453
45,27.41899871826172
45,28.810726165771484
45,26.65553855895996
45,33.31837844848633
45,30.46796989440918
45,24.74807357788086
45,29.091012954711914
45,26.851293563842773
45,33.037933349609375
45,25.7113094329834
45,24.842639923095703
45,33.71583557128906
45,29.86156463623047
45,30.612499237060547
45,33.6550407409668
45,28.20574188232422
45,32.516754150390625
45,28.15806007385254
45,31.541709899902344
45,27.285797119140625
45,29.27924919128418
45,32.036441802978516
45,25.387332916259766
45,27.79454803466797
45,28.23664093017578
45,26.066144943237305
45,29.171993255615234
45,28.362117767333984
45,26.267427444458008
45,28.157163619995117
45,34.518943786621094
45,27.69358253479004
45,29.753067016601562
45,28.053421020507812
45,29.79417610168457
45,27.807292938232422
45,28.27277946472168
45,24.538204193115234
45,28.419389724731445
45,32.28269577026367
45,33.70452880859375
45,29.099159240722656
45,33.58236312866211
45,24.73900032043457
45,24.106536865234375
45,28.809114456176758
45,27.785192489624023
45,26.942825317382812
45,27.160114288330078
45,33.81224060058594
45,33.67755889892578
45,25.50197410583496
45,30.13225555419922
45,28.63143539428711
45,29.758283615112305
45,24.47439956665039
45,33.329078674316406
45,26.152976989746094
45,30.155536651611328
45,28.70075035095215
45,26.770164489746094
45,32.503684997558594
45,29.39120101928711
45,28.105981826782227
45,25.816577911376953
45,33.340309143066406
45,30.20210838317871
45,32.69950485229492
45,28.322603225708008
45,25.763750076293945
45,30.735483169555664
45,26.681730270385742
45,31.987289428710938
45,34.099639892578125
45,27.30004119873047
45,24.439773559570312
45,30.911548614501953
45,24.882366180419922
45,28.71601676940918
45,25.420961380004883
45,29.91408920288086
45,30.485820770263672
45,25.300203323364258
45,31.65351676940918
45,28.52918243408203
45,29.301258087158203
45,29.879798889160156
45,33.17361831665039
45,34.02174377441406
45,30.074657440185547
45,26.99152374267578
45,24.811758041381836
45,29.406036376953125
45,26.043182373046875
45,33.48955154418945
45,28.01046371459961
45,29.72337532043457
45,31.789430618286133
45,25.0123348236084
45,29.647178649902344
45,23.7698974609375
45,27.832263946533203
45,30.699432373046875
45,29.617713928222656
45,28.88506317138672
45,30.873754501342773
45,33.2811279296875
45,27.014591217041016
45,32.253360748291016
45,28.48018455505371
45,29.97056007385254
45,33.35222625732422
45,28.680660247802734
45,30.112966537475586
45,27.439163208007812
45,29.71298599243164
45,26.91050148010254
45,33.1907844543457
45,33.212989807128906
45,29.844125747680664
45,33.00178527832031
45,27.880176544189453
45,27.815893173217773
45,28.873546600341797
45,32.62790298461914
45,31.70713233947754
45,24.538089752197266
45,32.29096984863281
45,29.45772933959961
45,29.037588119506836
45,25.05731773376465
45,27.625234603881836
45,30.688392639160156
45,26.791610717773438
45,31.74066925048828
45,29.15740966796875
45,32.52366638183594
45,24.124053955078125
45,28.97850799560547
45,32.432987213134766
45,28.582712173461914
45,34.238121032714844
45,34.41161346435547
45,32.7606201171875
45,27.437700271606445
45,26.81365966796875
45,32.337223052978516
45,23.595230102539062
45,25.666004180908203
45,27.951622009277344
45,24.783283233642578
45,26.808788299560547
45,33.22121810913086
45,30.081296920776367
45,30.905420303344727
45,29.292863845825195
45,31.19935417175293
45,25.025354385375977
45,31.255592346191406
45,27.490732192993164
45,33.35060501098633
45,32.59721755981445
45,23.61325454711914
45,29.94359588623047
45,33.16469192504883
45,34.70542526245117
45,31.549848556518555
45,25.444412231445312
45,29.79852867126465
45,31.66103744506836
45,26.642066955566406
45,33.618282318115234
45,27.003971099853516
45,29.089447021484375
45,27.61488151550293
45,25.339340209960938
45,24.389623641967773
45,29.434823989868164
45,25.400346755981445
45,30.93116569519043
45,31.737375259399414
45,24.311443328857422
45,30.878482818603516
45,32.165496826171875
45,29.708948135375977
45,33.080135345458984
45,31.946514129638672
45,32.18747329711914
45,29.238693237304688
45,33.385379791259766
45,26.13983726501465
45,31.87847137451172
45,27.963706970214844
45,30.681554794311523
45,27.113494873046875
45,31.051212310791016
45,34.2039680480957
45,32.38165283203125
45,25.089313507080078
45,32.33806610107422
45,24.481464385986328
45,24.02584457397461
45,29.600194931030273
45,27.339847564697266
45,33.13616180419922
45,32.779014587402344
45,33.04412078857422
45,33.06092071533203
45,28.58868980407715
45,27.830001831054688
45,27.281070709228516
45,29.761566162109375
45,29.603429794311523
45,33.69895935058594
45,32.705162048339844
45,29.13398551940918
45,30.54814910888672
45,27.178375244140625
45,29.60543441772461
45,29.03244972229004
45,30.537561416625977
45,28.135595321655273
45,33.37085723876953
45,24.452030181884766
45,25.262739181518555
45,24.287731170654297
45,27.01807975769043
45,33.918296813964844
45,31.3831729888916
45,29.519161224365234
45,30.266727447509766
45,34.17864990234375
45,26.292469024658203
45,28.938371658325195
45,31.361230850219727
45,25.09518051147461
45,31.197040557861328
45,32.83096694946289
45,25.723234176635742
45,35.25553512573242
45,29.14192008972168
45,28.57422637939453
45,30.21538734436035
45,25.567689895629883
45,32.272666931152344
45,26.962173461914062
45,28.220077514648438
45,31.977083206176758
45,33.81900405883789
45,25.307666778564453
45,25.986520767211914
45,28.631338119506836
45,25.751976013183594
45,28.560523986816406
45,28.478485107421875
45,31.408252716064453
45,31.886661529541016
45,27.427400588989258
45,29.269968032836914
45,32.00382995605469
45,30.202409744262695
45,27.93042755126953
45,30.48363494873047
45,24.20362663269043
45,26.14820671081543
45,29.161149978637695
45,34.566650390625
45,32.08320236206055
45,31.98431968688965
45,27.041357040405273
45,33.506526947021484
45,26.753564834594727
45,33.752803802490234
45,29.146438598632812
45,32.974822998046875
45,28.178974151611328
45,24.767929077148438
45,27.741050720214844
45,30.00236701965332
45,24.87700843811035
45,24.4763126373291
45,32.3713493347168
45,31.72816276550293
45,29.987295150756836
45,32.211727142333984
45,30.504676818847656
45,33.74638366699219
45,26.98933219909668
45,29.879653930664062
45,28.891714096069336
45,24.937152862548828
45,34.68174362182617
45,25.433385848999023
45,29.820199966430664
45,27.524682998657227
45,29.187671661376953
45,23.694435119628906
45,34.56801223754883
45,29.653371810913086
45,28.295724868774414
45,24.472801208496094
45,32.89555358886719
45,24.910625457763672
45,32.42915725708008
45,27.105743408203125
45,32.41952896118164
45,28.73259162902832
45,27.71141242980957
45,27.69362449645996
45,27.043333053588867
45,27.911514282226562
45,33.29500961303711
45,29.488704681396484
45,26.869136810302734
45,29.12469482421875
45,31.131622314453125
45,26.866783142089844
45,33.684261322021484
45,27.657852172851562
45,32.118927001953125
45,32.76120376586914
45,30.834943771362305
45,26.99213981628418
45,30.677959442138672
45,34.08832931518555
45,31.900531768798828
45,29.883438110351562
45,33.02704620361328
45,31.747955322265625
45,27.269899368286133
45,31.529258728027344
45,29.426433563232422
45,35.102882385253906
45,23.736608505249023
45,27.52243995666504
45,32.698448181152344
45,24.652164459228516
45,34.483333587646484
45,29.18132781982422
45,31.55415916442871
45,33.572998046875
45,30.322532653808594
45,23.472246170043945
45,34.09103012084961
45,29.35737419128418
45,26.852487564086914
45,27.848461151123047
45,31.708702087402344
45,28.61737060546875
45,26.95528221130371
45,26.569625854492188
45,31.325551986694336
45,30.154987335205078
45,28.5852108001709
45,31.563318252563477
45,29.585298538208008
45,32.73598861694336
45,28.527978897094727
45,26.026166915893555
45,28.573143005371094
45,24.24265480041504
45,25.98617935180664
45,33.45262908935547
45,26.209903717041016
45,33.491031646728516
45,30.46611976623535
45,27.731409072875977
45,28.959802627563477
45,32.33473205566406
45,30.703020095825195
45,30.4982967376709
45,29.3486328125
45,28.40507698059082
45,26.83347511291504
45,32.957698822021484
45,30.07806968688965
45,33.99747085571289
45,29.6456241607666
45,32.345703125
45,33.022789001464844
45,32.001129150390625
45,24.999534606933594
45,25.363901138305664
45,26.966856002807617
45,28.135297775268555
45,26.11193084716797
45,25.27198600769043
45,26.317914962768555
45,24.43113136291504
45,34.173484802246094
45,31.18712615966797
45,23.65487289428711
45,26.15287208557129
45,34.982444763183594
45,28.026540756225586
45,34.148807525634766
45,24.73566436767578
45,27.291339874267578
45,29.80950355529785
45,26.069963455200195
45,25.432445526123047
45,24.801279067993164
45,24.097383499145508
45,30.78372573852539
45,27.783044815063477
45,24.952476501464844
45,31.345529556274414
45,33.226993560791016
45,31.171438217163086
45,27.673171997070312
45,27.873491287231445
45,33.578128814697266
45,30.270994186401367
45,27.85408592224121
45,26.743972778320312
45,33.074493408203125
45,31.889205932617188
45,35.59259033203125
45,25.23584747314453
45,33.91019821166992
45,24.880939483642578
45,31.514114379882812
45,32.87285614013672
45,25.603471755981445
45,27.480609893798828
45,25.913314819335938
45,32.29857635498047
45,28.277767181396484
45,33.55714416503906
45,24.9561710357666
45,32.84621810913086
45,33.723880767822266
45,28.819807052612305
45,31.47393035888672
45,32.5616569519043
45,28.644390106201172
45,28.279577255249023
45,25.158666610717773
45,27.859272003173828
45,27.686973571777344
45,28.886308670043945
45,29.660764694213867
45,23.813547134399414
45,32.68220520019531
45,32.89254379272461
45,30.794601440429688
45,27.4494686126709
45,32.284202575683594
45,32.99050521850586
45,29.348434448242188
45,28.781635284423828
45,25.878223419189453
45,32.39280319213867
45,33.634727478027344
45,29.974258422851562
45,33.54295349121094
45,33.08344650268555
45,33.990447998046875
45,34.458614349365234
45,29.30917739868164
45,29.51666259765625
45,23.600736618041992
45,27.00895118713379
45,33.53202819824219
45,27.1457576751709
45,27.9035701751709
45,31.968698501586914
45,30.72054672241211
45,25.424894332885742
45,31.609222412109375
45,28.00772476196289
45,30.476266860961914
45,30.061996459960938
45,29.171445846557617
45,33.75858688354492
45,25.001489639282227
45,24.842132568359375
45,33.37971496582031
45,30.024560928344727
45,26.720706939697266
45,24.820032119750977
45,28.604656219482422
45,28.448673248291016
45,32.502197265625
45,35.6198616027832
45,27.229084014892578
45,26.248680114746094
45,29.443933486938477
45,25.012943267822266
45,33.455909729003906
45,31.39827537536621
45,28.740449905395508
45,25.8043155670166
45,31.546911239624023
45,31.68084144592285
45,24.112911224365234
45,29.786834716796875
45,27.649633407592773
45,31.81984519958496
45,27.484283447265625
45,30.66853904724121
45,32.80779266357422
45,31.387855529785156
45,34.453208923339844
45,29.238100051879883
45,30.206493377685547
45,31.783058166503906
45,26.842416763305664
45,24.605106353759766
45,32.595603942871094
45,33.525699615478516
45,30.311107635498047
45,27.32130241394043
45,32.643001556396484
45,26.187124252319336
45,28.27728271484375
45,27.557249069213867
45,25.582149505615234
45,29.249820709228516
45,27.38021469116211
45,27.70199966430664
45,29.69381332397461
45,30.928844451904297
45,26.18864631652832
45,26.559022903442383
45,28.290416717529297
45,24.186290740966797
45,24.0157527923584
45,33.992828369140625
45,28.431169509887695
45,26.11539077758789
45,24.77056312561035
45,33.02113723754883
45,31.802412033081055
45,29.764572143554688
45,25.52617835998535
45,27.727651596069336
45,27.71738052368164
45,24.486610412597656
45,33.05390167236328
45,27.99638557434082
45,25.42489242553711
45,26.500690460205078
45,33.679405212402344
45,28.71007537841797
45,23.70005989074707
45,29.386093139648438
45,26.960548400878906
45,30.713613510131836
45,28.649261474609375
45,28.644699096679688
45,31.9309024810791
45,31.12713050842285
45,31.881210327148438
45,23.97979736328125
45,24.560373306274414
45,29.632780075073242
45,27.454696655273438
45,28.556438446044922
45,25.110145568847656
45,28.56726837158203
45,26.82837677001953
45,28.914308547973633
45,30.632238388061523
45,34.032955169677734
45,26.50107765197754
45,26.717884063720703
45,33.47774887084961
45,28.87513542175293
45,24.047224044799805
45,27.9157772064209
45,27.141225814819336
45,32.240989685058594
45,33.350379943847656
45,31.1368465423584
45,25.16232681274414
45,25.15909767150879
45,29.781442642211914
45,30.77289390563965
45,29.63387107849121
45,27.145315170288086
45,26.92997932434082
45,32.460166931152344
45,31.443246841430664
45,33.0363883972168
45,32.917274475097656
45,30.82537841796875
45,23.52306365966797
45,32.824222564697266
45,32.45307922363281
45,33.200286865234375
45,26.673643112182617
45,30.421302795410156
45,28.635334014892578
45,28.184192657470703
45,30.869802474975586
45,24.653169631958008
45,31.92054557800293
45,32.0772705078125
45,27.65520477294922
45,28.401531219482422
45,33.333526611328125
45,28.692794799804688
45,27.666685104370117
45,34.49684143066406
45,32.802772521972656
45,24.92321014404297
45,29.11052703857422
45,27.43271255493164
45,27.174846649169922
45,25.569210052490234
45,28.9074649810791
45,31.19460105895996
45,28.80474853515625
45,31.739072799682617
45,29.40383529663086
45,31.644859313964844
45,31.976882934570312
45,24.406898498535156
45,26.020214080810547
45,26.781749725341797
45,27.900808334350586
45,30.95464324951172
45,29.777963638305664
45,28.665494918823242
45,31.958372116088867
45,27.737783432006836
45,27.249622344970703
45,32.75849533081055
45,24.878236770629883
45,29.183788299560547
45,32.53407669067383
45,30.382848739624023
45,27.686777114868164
45,31.679597854614258
45,25.04764175415039
45,25.11320686340332
45,33.51775360107422
45,29.750102996826172
45,26.337299346923828
45,26.381175994873047
45,31.576204299926758
45,35.083377838134766
45,31.683942794799805
45,29.44998550415039
45,32.593990325927734
45,32.75541305541992
45,24.012317657470703
45,31.86113929748535
45,26.534631729125977
45,31.307811737060547
45,26.392623901367188
45,33.132137298583984
45,33.23268127441406
45,24.837018966674805
45,32.80690383911133
45,33.823516845703125
45,33.55743408203125
45,24.780868530273438
45,31.08123016357422
45,30.471233367919922
45,29.24396324157715
45,32.922027587890625
45,32.65317153930664
45,30.558704376220703
45,26.317829132080078
45,34.55155944824219
45,26.382183074951172
45,30.82302474975586
45,24.381290435791016
45,27.287925720214844
45,31.768112182617188
45,31.137004852294922
45,34.03866958618164
45,28.68269157409668
45,25.418336868286133
45,31.674665451049805
45,25.701927185058594
45,25.196123123168945
45,29.171232223510742
45,27.5096378326416
45,25.80289077758789
45,26.926090240478516
45,31.466270446777344
45,26.935293197631836
45,29.69931411743164
45,33.196571350097656
45,28.24509620666504
45,35.611541748046875
45,25.05105972290039
45,26.229673385620117
45,32.148643493652344
45,29.921815872192383
45,30.138179779052734
45,29.789093017578125
45,28.647281646728516
45,32.54772186279297
45,25.126243591308594
45,30.579486846923828
45,28.994831085205078
45,24.63436508178711
45,31.947118759155273
45,34.67901611328125
45,26.97318458557129
45,33.21710968017578
45,31.41313362121582
45,26.812610626220703
45,29.094865798950195
45,35.93282699584961
45,28.57908821105957
45,28.00951385498047
45,28.16976547241211
45,25.973060607910156
45,27.093006134033203
45,25.411680221557617
45,26.332275390625
45,28.12550163269043
45,29.10484504699707
45,29.584211349487305
45,27.296119689941406
45,26.848194122314453
45,32.11085891723633
45,26.76081657409668
45,33.668216705322266
45,29.23128318786621
45,24.715442657470703
45,31.546201705932617
45,28.13927459716797
45,24.609073638916016
45,26.907438278198242
45,29.478492736816406
45,26.447641372680664
45,26.672740936279297
45,26.986806869506836
45,31.143047332763672
45,26.49977684020996
45,32.07138442993164
45,33.1872673034668
45,34.472496032714844
45,29.718507766723633
45,25.813331604003906
45,33.239810943603516
45,32.038455963134766
45,26.9785099029541
45,32.68758773803711
45,29.953346252441406
45,33.50132751464844
45,25.126123428344727
45,33.755516052246094
45,28.731470108032227
45,31.166231155395508
45,28.750585556030273
45,27.264894485473633
45,31.76753807067871
45,30.27925682067871
45,26.59964942932129
45,32.80061721801758
45,33.159584045410156
45,32.094520568847656
45,26.37781524658203
45,31.06651496887207
45,31.04800796508789
45,30.92789077758789
45,27.511173248291016
45,34.11532211303711
45,31.389019012451172
45,26.829204559326172
45,29.750858306884766
45,28.81285285949707
45,33.171653747558594
45,25.423263549804688
45,27.179176330566406
45,30.519777297973633
45,35.73111343383789
45,26.594635009765625
45,27.063100814819336
45,27.89607810974121
45,31.017826080322266
45,33.77557373046875
45,28.166162490844727
45,30.649648666381836
45,33.94765853881836
45,33.08313751220703
45,23.885318756103516
45,26.337730407714844
45,33.90631103515625
45,29.135934829711914
45,29.937870025634766
45,26.69427490234375
45,32.02261734008789
45,28.81004524230957
45,27.66330909729004
45,34.720802307128906
45,32.78982162475586
45,25.858430862426758
45,24.662147521972656
45,31.32732391357422
45,33.30281066894531
45,31.138423919677734
45,31.518722534179688
45,31.10598373413086
45,26.843931198120117
45,30.42354393005371
45,33.208614349365234
45,28.857736587524414
45,28.778518676757812
45,29.56412696838379
45,24.194435119628906
45,28.345355987548828
45,25.432998657226562
45,29.705286026000977
45,28.422183990478516
45,26.345947265625
45,35.54618835449219
45,29.298900604248047
45,31.717731475830078
45,30.945711135864258
45,27.844104766845703
45,25.396120071411133
45,32.30841827392578
45,28.21504783630371
45,29.3670597076416
45,31.856054306030273
45,24.811527252197266
45,32.68150329589844
45,31.105854034423828
45,32.752742767333984
45,31.89301300048828
45,26.737581253051758
45,29.785051345825195
45,26.147493362426758
45,27.751501083374023
45,27.083553314208984
45,29.819541931152344
45,25.763986587524414
45,31.180078506469727
45,28.341541290283203
45,31.618846893310547
45,32.557899475097656
45,24.791902542114258
45,25.712501525878906
45,30.972578048706055
45,24.618492126464844
45,26.030488967895508
45,27.215572357177734
45,27.600582122802734
45,23.45648193359375
45,31.373937606811523
45,31.776988983154297
45,29.85284423828125
45,27.68885612487793
45,28.858379364013672
45,32.020240783691406
45,24.91182518005371
45,31.791629791259766
45,31.09372329711914
45,28.193775177001953
45,28.453466415405273
45,26.50760841369629
45,29.69774627685547
45,32.240543365478516
45,28.991390228271484
45,26.824237823486328
45,32.75102996826172
45,33.9323616027832
45,34.11181640625
45,31.76620101928711
45,26.872583389282227
45,32.567813873291016
45,31.836484909057617
45,27.381032943725586
45,30.716472625732422
45,25.92849349975586
45,28.727731704711914
45,29.771066665649414
45,30.123619079589844
45,34.04530334472656
45,30.279699325561523
45,32.708892822265625
45,32.436241149902344
45,30.00224494934082
45,26.506643295288086
45,24.639629364013672
45,24.475406646728516
45,24.490402221679688
45,30.130414962768555
45,30.11214828491211
45,31.785133361816406
45,32.18954086303711
45,34.1306266784668
45,28.569501876831055
45,26.05057144165039
45,31.82547378540039
45,24.094873428344727
45,27.018095016479492
45,28.357236862182617
45,32.299530029296875
45,30.301040649414062
45,33.079856872558594
45,28.038766860961914
45,33.73942565917969
45,31.24509620666504
45,26.310047149658203
45,32.40805435180664
45,25.21270751953125
45,26.584348678588867
45,33.351539611816406
45,29.11292266845703
45,25.83220672607422
45,23.267271041870117
45,31.04300308227539
45,29.916107177734375
45,31.706912994384766
45,27.934743881225586
45,29.403339385986328
45,29.771684646606445
45,24.247249603271484
45,25.937768936157227
45,32.39080810546875
45,26.8666934967041
45,26.602256774902344
45,31.329273223876953
45,30.761934280395508
45,30.720972061157227
45,24.77190589904785
45,33.16249084472656
45,26.22162437438965
45,28.2541446685791
45,28.31524085998535
45,24.739707946777344
45,31.32518768310547
45,31.331401824951172
45,29.821674346923828
45,34.381263732910156
45,24.105083465576172
45,28.08492660522461
45,27.382658004760742
45,31.340288162231445
45,30.959396362304688
45,34.7900505065918
45,24.563268661499023
45,27.658592224121094
45,25.20983123779297
45,31.991594314575195
45,27.403305053710938
45,26.163970947265625
45,28.17009162902832
45,27.4549617767334
45,34.43255615234375
45,23.995283126831055
45,27.753095626831055
45,24.68654441833496
45,28.06593894958496
45,24.593416213989258
45,33.146400451660156
45,32.457759857177734
45,30.20363998413086
45,24.12500762939453
45,28.210294723510742
45,31.248302459716797
45,30.39949607849121
45,32.01483154296875
45,27.87084197998047
45,24.7032527923584
45,27.5405216217041
45,33.14535140991211
45,30.324077606201172
45,27.701175689697266
45,33.58578872680664
45,29.612165451049805
45,29.578737258911133
45,25.665374755859375
45,24.658905029296875
45,26.11630630493164
45,29.365697860717773
45,28.535205841064453
45,33.90166473388672
45,33.0307731628418
45,30.280292510986328
45,29.36461639404297
45,30.402328491210938
45,30.103656768798828
45,24.570640563964844
45,30.220731735229492
45,32.86235809326172
45,33.721492767333984
45,28.159215927124023
45,27.48374366760254
45,26.86933135986328
45,26.12471580505371
45,31.70783805847168
45,26.8204288482666
45,27.97850227355957
45,24.678287506103516
45,32.80116271972656
45,24.37955093383789
45,29.885831832885742
45,28.45418930053711
45,28.298105239868164
45,30.494731903076172
45,25.512767791748047
45,33.394935607910156
45,32.25126647949219
45,25.841825485229492
45,23.766815185546875
45,34.06942367553711
45,26.045286178588867
45,27.399641036987305
45,27.237348556518555
45,30.221166610717773
45,30.11951446533203
45,32.43262481689453
45,25.679824829101562
45,32.68684768676758
45,24.223770141601562
45,25.624645233154297
45,26.290508270263672
45,30.028928756713867
45,27.843130111694336
45,26.63399887084961
45,24.8028507232666
45,25.985246658325195
45,23.649066925048828
45,27.770465850830078
45,26.565385818481445
45,25.668289184570312
45,29.571033477783203
45,28.931150436401367
45,28.326814651489258
45,26.615489959716797
45,24.517396926879883
45,33.91576385498047
45,24.560707092285156
45,29.61849594116211
45,32.77781677246094
45,27.663284301757812
45,25.41002655029297
45,32.075889587402344
45,32.006019592285156
45,27.01145362854004
45,27.67394256591797
45,26.830549240112305
45,27.008148193359375
45,28.08692169189453
45,29.003555297851562
45,28.14698028564453
45,26.580516815185547
45,34.38786315917969
45,33.57878112792969
45,32.16007614135742
45,29.708080291748047
45,33.11786651611328
45,24.233150482177734
45,26.105131149291992
45,24.989892959594727
45,26.762046813964844
45,23.886932373046875
45,31.04146957397461
45,24.973011016845703
45,25.65468406677246
45,24.948944091796875
45,33.86083221435547
45,24.33592987060547
45,25.93389320373535
45,28.31268310546875
45,28.883153915405273
45,28.464426040649414
45,28.353178024291992
45,35.14314651489258
45,32.32490921020508
45,26.815956115722656
45,29.036840438842773
45,33.26048278808594
45,34.267826080322266
45,27.153423309326172
45,28.536216735839844
45,36.0086669921875
45,27.83544158935547
45,31.250385284423828
45,27.75569725036621
45,26.466354370117188
45,28.629549026489258
45,27.822595596313477
45,29.50925636291504
45,28.295866012573242
45,29.304582595825195
45,28.922130584716797
45,32.00251388549805
45,31.219619750976562
45,29.76084327697754
45,25.209421157836914
45,34.26895523071289
45,23.818925857543945
45,29.631711959838867
45,29.452713012695312
45,24.7281551361084
45,32.08193588256836
45,32.00944900512695
45,26.152000427246094
45,26.509756088256836
45,30.759328842163086
45,32.15869903564453
45,24.55249786376953
45,27.018156051635742
45,28.330507278442383
45,33.814796447753906
45,25.021759033203125
45,27.785953521728516
45,27.721050262451172
45,27.879241943359375
45,29.86027717590332
45,31.58489227294922
45,34.168617248535156
45,32.94245529174805
45,34.24988555908203
45,28.2491512298584
45,32.92159652709961
45,33.268463134765625
45,24.427921295166016
45,26.147706985473633
45,29.47504997253418
45,33.82610321044922
45,33.63241958618164
45,32.90687561035156
45,29.852264404296875
45,31.062999725341797
45,27.789875030517578
45,35.08320617675781
45,34.77885055541992
45,33.2452392578125
45,28.868364334106445
45,24.802978515625
45,24.021108627319336
45,29.17989158630371
45,35.47542190551758
45,32.437747955322266
45,29.243562698364258
45,31.31511688232422
45,31.799713134765625
45,26.599166870117188
45,30.40899658203125
45,26.484474182128906
45,32.74015808105469
45,31.6306209564209
45,30.280670166015625
45,28.878538131713867
45,29.568140029907227
45,32.79267883300781
45,26.332468032836914
45,29.753572463989258
45,32.423099517822266
45,28.579570770263672
45,29.99355697631836
45,31.520519256591797
45,33.32295608520508
45,29.144243240356445
45,31.18323516845703
45,24.638330459594727
45,28.81329917907715
45,31.427078247070312
45,32.47929000854492
45,27.279888153076172
45,32.63177490234375
45,32.903358459472656
45,29.239383697509766
45,26.27058219909668
45,27.529775619506836
45,34.70219421386719
45,27.11928367614746
45,30.615568161010742
45,29.35140609741211
45,27.133197784423828
45,33.63851547241211
45,32.56521987915039
45,36.58472442626953
45,24.956531524658203
45,32.735107421875
45,28.72118377685547
45,26.81801414489746
45,31.839815139770508
45,31.168315887451172
45,25.62932777404785
45,31.92609405517578
45,27.279809951782227
45,33.8843994140625
45,32.63300323486328
45,32.800933837890625
45,29.398582458496094
45,24.097814559936523
45,28.668447494506836
45,35.09531784057617
45,30.5305233001709
45,28.724233627319336
45,28.814563751220703
45,25.624588012695312
45,30.189651489257812
45,27.499608993530273
45,25.30961799621582
45,29.72048568725586
45,26.728958129882812
45,31.218252182006836
45,28.88597869873047
45,25.373472213745117
45,30.43289566040039
45,31.824478149414062
45,26.931835174560547
45,32.199729919433594
45,28.23664093017578
45,32.61128616333008
45,32.09944152832031
45,25.06721305847168
45,27.48265838623047
45,29.123497009277344
45,28.223304748535156
45,33.46696090698242
45,28.79644775390625
45,28.216028213500977
45,26.44548988342285
45,27.007648468017578
45,32.20503616333008
45,26.66419792175293
45,32.330162048339844
45,24.883602142333984
45,24.530946731567383
45,32.37489700317383
45,34.22368240356445
45,30.53727912902832
45,31.513320922851562
45,31.895883560180664
45,27.974084854125977
45,26.198436737060547
45,30.337114334106445
45,32.79703903198242
45,34.30094528198242
45,29.72781753540039
45,34.99365997314453
45,27.19680404663086
45,33.153656005859375
45,32.361053466796875
45,27.170581817626953
45,32.689231872558594
45,25.94185447692871
45,27.019393920898438
45,25.367368698120117
45,24.354877471923828
45,28.879365921020508
45,31.333316802978516
45,29.036304473876953
45,33.13623809814453
45,32.475852966308594
45,33.365596771240234
45,29.897193908691406
45,29.950956344604492
45,25.157611846923828
45,28.93773651123047
45,32.34230422973633
45,32.00971984863281
45,33.786338806152344
45,31.330873489379883
45,26.77082633972168
45,33.161930084228516
45,33.01927947998047
45,32.75457000732422
45,30.634984970092773
45,30.86054039001465
45,28.164222717285156
45,26.037832260131836
45,30.08382225036621
45,29.887720108032227
45,24.999967575073242
45,24.747331619262695
45,25.456018447875977
45,30.436222076416016
45,33.866207122802734
45,31.921831130981445
45,24.294509887695312
45,32.65507507324219
45,31.302162170410156
45,26.1242733001709
45,30.080476760864258
45,24.980571746826172
45,30.6342716217041
45,28.68858528137207
45,32.34267044067383
45,33.06676483154297
45,24.539289474487305
45,29.220842361450195
45,26.357921600341797
45,24.49472999572754
45,29.22353172302246
45,25.375965118408203
45,27.528501510620117
45,32.403709411621094
45,26.78120994567871
45,32.069252014160156
45,28.45505714416504
45,30.615161895751953
45,28.697614669799805
45,27.58666229248047
45,32.6216926574707
45,27.86764907836914
45,34.382476806640625
45,27.542774200439453
45,29.34752655029297
45,32.5088996887207
45,30.03725242614746
45,31.269702911376953
45,28.834903717041016
45,33.60090637207031
45,28.819747924804688
45,30.749128341674805
45,32.28002166748047
45,27.662288665771484
45,32.72472381591797
45,26.85970115661621
45,29.910146713256836
45,28.841764450073242
45,26.2282772064209
45,28.312053680419922
45,27.842098236083984
45,31.131784439086914
45,30.856285095214844
45,29.927995681762695
45,30.83307456970215
45,31.050554275512695
45,30.583209991455078
45,28.621442794799805
45,31.822566986083984
45,29.037744522094727
45,27.327442169189453
45,29.05869483947754
45,34.13835525512695
45,24.61223030090332
45,30.824310302734375
45,32.81344223022461
45,32.6629638671875
45,24.862747192382812
45,34.033660888671875
45,31.105480194091797
45,25.805049896240234
45,28.09195899963379
45,26.0007266998291
45,27.87272834777832
45,34.91041564941406
45,27.83700942993164
45,28.909061431884766
45,27.2027530670166
45,30.418664932250977
45,32.40713882446289
45,32.11922836303711
45,28.963041305541992
45,29.261064529418945
45,24.873493194580078
45,26.60849380493164
45,31.585941314697266
45,25.14942741394043
45,32.23164367675781
45,29.76898765563965
45,35.732154846191406
45,25.525897979736328
45,24.525564193725586
45,29.123050689697266
45,26.749881744384766
45,22.826210021972656
45,31.684627532958984
45,29.785680770874023
45,30.355077743530273
45,33.76578903198242
45,32.68006896972656
45,29.641021728515625
45,26.50455665588379
45,28.442529678344727
45,26.894922256469727
45,28.694395065307617
45,27.380508422851562
45,30.897872924804688
45,29.84815788269043
45,24.836055755615234
45,34.760765075683594
45,26.991939544677734
45,27.28805160522461
45,31.632396697998047
45,26.407371520996094
45,25.304561614990234
45,26.57583999633789
45,32.230735778808594
45,32.69065475463867
45,28.970134735107422
45,33.120365142822266
45,29.319963455200195
45,25.05255699157715
45,26.809255599975586
45,34.389339447021484
45,31.83714485168457
45,28.174304962158203
45,32.92538833618164
45,30.371440887451172
45,26.949995040893555
45,28.108173370361328
45,30.25391960144043
45,30.346271514892578
45,30.87983512878418
45,33.2703742980957
45,29.077726364135742
45,35.24510192871094
45,34.577301025390625
45,28.007097244262695
45,29.198637008666992
45,25.458240509033203
45,31.104524612426758
45,24.864255905151367
45,31.755924224853516
45,27.204065322875977
45,27.315555572509766
45,24.475088119506836
45,29.30912208557129
45,26.709001541137695
45,25.8147029876709
45,31.715831756591797
45,33.6705436706543
45,27.318323135375977
45,33.38243103027344
45,34.73285675048828
45,33.47618103027344
45,32.88428497314453
45,32.7561149597168
45,31.660860061645508
45,23.55491065979004
45,31.03875160217285
45,24.53681755065918
45,33.25734329223633
45,31.907794952392578
45,27.36438751220703
45,33.11905288696289
45,32.31155014038086
45,27.515783309936523
45,28.875465393066406
45,30.206937789916992
45,30.231054306030273
45,28.160886764526367
45,27.202547073364258
45,29.56846809387207
45,33.06742477416992
45,24.199979782104492
45,27.768310546875
45,27.986841201782227
45,31.625852584838867
45,27.49945831298828
45,28.08089256286621
45,26.08807373046875
45,27.828144073486328
45,25.863880157470703
45,34.39252853393555
45,31.901935577392578
45,30.633501052856445
45,24.31125259399414
45,24.936363220214844
45,33.480525970458984
45,31.825082778930664
45,26.338314056396484
45,31.184528350830078
45,29.043489456176758
45,32.93305969238281
45,27.009559631347656
45,35.41358947753906
45,33.448333740234375
45,35.3764762878418
45,32.47770309448242
45,24.55619239807129
45,24.875356674194336
45,32.04666519165039
45,32.687889099121094
45,33.537391662597656
45,27.88388442993164
45,30.57117462158203
45,32.06147384643555
45,28.508832931518555
45,30.029251098632812
45,33.22801208496094
45,29.17188262939453
45,35.35256576538086
45,31.363056182861328
45,24.923778533935547
45,36.236656188964844
45,27.330286026000977
45,24.677974700927734
45,28.473424911499023
45,27.886415481567383
45,30.123552322387695
45,27.874147415161133
45,34.4940071105957
45,28.793132781982422
45,29.373241424560547
45,24.502506256103516
45,26.693954467773438
45,29.91937828063965
45,25.802005767822266
45,27.721614837646484
45,34.65378189086914
45,32.41349411010742
45,25.449535369873047
45,31.080259323120117
45,24.958412170410156
45,28.935941696166992
45,31.25490951538086
45,29.488574981689453
45,30.430866241455078
45,29.067453384399414
45,24.265470504760742
45,27.75996208190918
45,32.985687255859375
45,32.5931396484375
45,28.983871459960938
45,33.32838821411133
45,30.455726623535156
45,33.45634841918945
45,32.85202407836914
45,23.990234375
45,29.50699806213379
45,32.86560821533203
45,24.949594497680664
45,33.0929069519043
45,29.3054256439209
45,31.971343994140625
45,34.39604568481445
45,31.91700553894043
45,33.117618560791016
45,24.44764518737793
45,30.09039878845215
45,34.304603576660156
45,34.13930892944336
45,29.79029083251953
45,32.99824905395508
45,32.869422912597656
45,24.92934799194336
45,26.720155715942383
45,30.927467346191406
45,29.91410255432129
45,27.568078994750977
45,27.707908630371094
45,32.427398681640625
45,25.085956573486328
45,35.06781005859375
45,27.261253356933594
45,28.277816772460938
45,29.14136505126953
45,35.7047119140625
45,31.697790145874023
45,24.7871036529541
45,28.886911392211914
45,27.118520736694336
45,27.400712966918945
45,27.545629501342773
45,29.2314510345459
45,25.129318237304688
45,30.671598434448242
45,28.955928802490234
45,26.263019561767578
45,27.68321990966797
45,31.328474044799805
45,26.043397903442383
45,29.788597106933594
45,32.63215255737305
45,26.90361785888672
45,30.076675415039062
45,32.129173278808594
45,27.452861785888672
45,28.67776870727539
45,31.713172912597656
45,29.424720764160156
45,27.755380630493164
45,25.16729736328125
45,32.261505126953125
45,27.007156372070312
45,25.683292388916016
45,29.482452392578125
45,27.760385513305664
45,28.465667724609375
45,31.916290283203125
45,29.887399673461914
45,27.443649291992188
45,26.61759376525879
45,27.755359649658203
45,33.52373123168945
45,26.97886848449707
45,25.33246421813965
45,31.586196899414062
45,35.10038375854492
45,30.618547439575195
45,33.15542984008789
45,27.863826751708984
45,25.801544189453125
45,32.134517669677734
45,28.37825584411621
45,25.55253028869629
45,32.001373291015625
45,33.5239372253418
45,26.31674575805664
45,29.76171875
45,28.800392150878906
45,24.338695526123047
45,30.769977569580078
45,33.858707427978516
45,27.426326751708984
45,30.95355796813965
45,28.79677391052246
45,35.1186408996582
45,24.817140579223633
45,25.30197525024414
45,32.80242919921875
45,33.76152420043945
45,29.171226501464844
45,34.849212646484375
45,28.82975196838379
45,24.59035873413086
45,27.986339569091797
45,31.598783493041992
45,26.780071258544922
45,30.857332229614258
45,25.029067993164062
45,33.79727554321289
45,30.210235595703125
45,32.99639892578125
45,29.064701080322266
45,28.895912170410156
45,26.128864288330078
45,27.568933486938477
45,33.08588409423828
45,30.04109764099121
45,26.194507598876953
45,26.78870964050293
45,29.368043899536133
45,27.523996353149414
45,31.671585083007812
45,29.465917587280273
45,25.48525619506836
45,29.051082611083984
45,25.828744888305664
45,29.4582576751709
45,32.27656173706055
45,27.328231811523438
45,26.401865005493164
45,29.071945190429688
45,29.265230178833008
45,32.76554870605469
45,29.511430740356445
45,29.277908325195312
45,30.98836898803711
45,24.767654418945312
45,22.520044326782227
45,25.64678192138672
45,34.182762145996094
45,24.813091278076172
45,28.190614700317383
45,30.433752059936523
45,33.469337463378906
45,29.240943908691406
45,28.69070053100586
45,33.31731033325195
45,32.02569580078125
45,25.1135311126709
45,32.14572525024414
45,26.578691482543945
45,34.1334342956543
45,25.209259033203125
45,32.7960319519043
45,24.020626068115234
45,31.532833099365234
45,29.45917510986328
45,26.735944747924805
45,33.57710266113281
45,32.621070861816406
45,31.782135009765625
45,28.439247131347656
45,31.36542510986328
45,28.604312896728516
45,34.7191162109375
45,28.596092224121094
45,29.833093643188477
45,32.838462829589844
45,32.568931579589844
45,33.81101989746094
45,28.155725479125977
45,27.62975311279297
45,31.841880798339844
45,29.45199966430664
45,24.872905731201172
45,26.559940338134766
45,26.05600929260254
45,34.67845916748047
45,31.73780059814453
45,31.363691329956055
45,30.277790069580078
45,33.15513229370117
45,33.14386749267578
45,32.85289764404297
45,34.24324035644531
45,30.935749053955078
45,29.572223663330078
45,25.416595458984375
45,32.85212326049805
45,27.32222557067871
45,23.925457000732422
45,29.365459442138672
45,26.82388687133789
45,32.28372573852539
45,25.18535041809082
45,25.708114624023438
45,27.806276321411133
45,24.1807918548584
45,27.286758422851562
45,24.828947067260742
45,34.883934020996094
45,29.17953872680664
45,30.543306350708008
45,24.411243438720703
45,28.565391540527344
45,33.0324821472168
45,28.473712921142578
45,31.862714767456055
45,30.326557159423828
45,28.998918533325195
45,27.987361907958984
45,27.981782913208008
45,30.707901000976562
45,24.768007278442383
45,32.82960510253906
45,29.7059326171875
45,30.028648376464844
45,31.904706954956055
45,23.55500030517578
45,28.709970474243164
45,32.98177719116211
45,32.91122817993164
45,27.910503387451172
45,26.946020126342773
45,29.592208862304688
45,27.33067512512207
45,31.57474708557129
45,29.10956382751465
45,30.05533218383789
45,27.272092819213867
45,26.99128532409668
45,27.62916374206543
45,26.799575805664062
45,29.231050491333008
45,25.731245040893555
45,34.00274658203125
45,31.961257934570312
45,34.26298522949219
45,24.843149185180664
45,32.31930923461914
45,27.984302520751953
45,32.770408630371094
45,32.05229949951172
45,24.834989547729492
45,30.599857330322266
45,30.7308406829834
45,28.339622497558594
45,30.315658569335938
45,32.060367584228516
45,34.34062576293945
45,32.18818664550781
45,30.024145126342773
45,33.83409881591797
45,32.502655029296875
45,25.440019607543945
45,32.31459045410156
45,33.09187316894531
45,27.342924118041992
45,32.83127975463867
45,31.652263641357422
45,32.355995178222656
45,23.839763641357422
45,30.822872161865234
45,25.960142135620117
45,31.970657348632812
45,32.82626724243164
45,30.66364860534668
45,27.090808868408203
45,35.44745635986328
45,24.353761672973633
45,30.137771606445312
45,24.482276916503906
45,29.802824020385742
45,25.135486602783203
45,28.03973960876465
45,29.186969757080078
45,30.496084213256836
45,29.322364807128906
45,31.10382843017578
45,24.52449607849121
45,30.28502655029297
45,24.568098068237305
45,34.68177795410156
45,28.469707489013672
45,29.335351943969727
45,29.635780334472656
45,30.455135345458984
45,34.303955078125
45,25.660947799682617
45,33.33020782470703
45,24.4176082611084
45,27.121768951416016
45,34.179443359375
45,33.593894958496094
45,30.360069274902344
45,35.193851470947266
45,32.849212646484375
45,32.23072052001953
45,25.542022705078125
45,26.986648559570312
45,33.42042922973633
45,29.134836196899414
45,24.737346649169922
45,25.686176300048828
45,24.267135620117188
45,31.271812438964844
45,32.41830062866211
45,34.669151306152344
45,27.59325408935547
45,27.97343635559082
45,28.8480224609375
45,33.12420654296875
45,25.17428207397461
45,32.583438873291016
45,31.17929458618164
45,28.160390853881836
45,31.042678833007812
45,31.729955673217773
45,29.736061096191406
45,33.12089157104492
45,31.91330337524414
45,29.481191635131836
45,27.816036224365234
45,33.04356002807617
45,27.109439849853516
45,34.6453857421875
45,26.957073211669922
45,32.71456527709961
45,28.96034049987793
45,34.833831787109375
45,30.545455932617188
45,27.32489776611328
45,27.33437156677246
45,36.89299011230469
45,24.63690185546875
45,31.67224884033203
45,31.9449405670166
45,32.904502868652344
45,27.644771575927734
45,32.21715545654297
45,29.944847106933594
45,32.3714599609375
45,35.36178207397461
45,23.846725463867188
45,26.206144332885742
45,30.120126724243164
45,32.4875602722168
45,33.1594352722168
45,24.209903717041016
45,31.8690242767334
45,33.52128601074219
45,30.53375816345215
45,24.460800170898438
45,27.196605682373047
45,29.946264266967773
45,31.75278091430664
45,33.11605453491211
45,27.17221450805664
45,26.23208236694336
45,27.333209991455078
45,32.727867126464844
45,31.894010543823242
45,32.40294647216797
45,26.646373748779297
45,33.18121337890625
45,25.107662200927734
45,28.324392318725586
45,31.85878562927246
45,24.724258422851562
45,26.566295623779297
45,33.78196334838867
45,30.148357391357422
45,32.16737365722656
45,28.29460334777832
45,30.631637573242188
45,23.83511734008789
45,32.74734115600586
45,31.996122360229492
45,32.4222526550293
45,32.18598175048828
45,29.406124114990234
45,26.430967330932617
45,32.79381561279297
45,26.864986419677734
45,27.781599044799805
45,31.741504669189453
45,28.941980361938477
45,29.67010498046875
45,24.409473419189453
45,30.509071350097656
45,28.54171371459961
45,27.427827835083008
45,30.94344139099121
45,31.7981014251709
45,34.177146911621094
45,32.13104248046875
45,29.2780704498291
45,26.79763412475586
45,29.26248550415039
45,27.080402374267578
45,31.12933921813965
45,25.69171714782715
45,28.28474235534668
45,27.834823608398438
45,24.999744415283203
45,28.929109573364258
45,24.137096405029297
45,26.098241806030273
45,30.059560775756836
45,31.916522979736328
45,34.404781341552734
45,28.869104385375977
45,27.797054290771484
45,29.830509185791016
45,28.821544647216797
45,27.80542755126953
45,32.64570617675781
45,29.024438858032227
45,32.71532440185547
45,29.12581443786621
45,31.155141830444336
45,29.712039947509766
45,33.44219970703125
45,24.0643367767334
45,32.629425048828125
45,24.725873947143555
45,31.907176971435547
45,32.62864685058594
45,32.16654968261719
45,28.906776428222656
45,26.253032684326172
45,33.68064880371094
45,32.8725700378418
45,32.5157356262207
45,31.525169372558594
45,26.22776222229004
45,28.05155372619629
45,30.73244857788086
45,32.222389221191406
45,31.765169143676758
45,32.502227783203125
45,26.791337966918945
45,33.72393035888672
45,24.925199508666992
45,30.256900787353516
45,31.820863723754883
45,26.92250633239746
45,25.07851791381836
45,25.606996536254883
45,23.996538162231445
45,34.66233825683594
45,30.322784423828125
45,26.895702362060547
45,24.74687957763672
45,24.575836181640625
45,32.040184020996094
45,28.860523223876953
45,30.099485397338867
45,31.349031448364258
45,28.54706573486328
45,31.67874526977539
45,28.3623046875
45,29.854942321777344
45,24.695348739624023
45,29.61760139465332
45,24.883132934570312
45,30.224170684814453
45,33.31877136230469
45,25.42615509033203
45,29.31783676147461
45,32.885963439941406
45,26.904308319091797
45,29.93365478515625
45,30.324922561645508
45,29.942413330078125
45,26.009353637695312
45,25.290069580078125
45,25.23272705078125
45,28.562524795532227
45,26.841533660888672
45,34.43867492675781
45,28.192270278930664
45,32.673397064208984
45,31.828872680664062
45,25.949316024780273
45,28.47161865234375
45,33.65554428100586
45,31.241853713989258
45,32.193199157714844
45,28.25080680847168
45,31.000913619995117
45,26.595897674560547
45,31.983428955078125
45,29.992828369140625
45,28.87725067138672
45,28.187763214111328
45,24.28864860534668
45,30.43603515625
45,30.9916934967041
45,25.52701759338379
45,26.286500930786133
45,33.199363708496094
45,28.09016227722168
45,31.69120979309082
45,32.01708221435547
45,31.85397720336914
45,32.726566314697266
45,28.18204689025879
45,33.05912399291992
45,25.570032119750977
45,31.54511833190918
45,25.18350601196289
45,24.283615112304688
45,34.91299819946289
45,27.482831954956055
45,32.62496566772461
45,27.102563858032227
45,29.1641902923584
45,31.25712013244629
45,25.885353088378906
45,29.106348037719727
45,29.625009536743164
45,27.862369537353516
45,25.613117218017578
45,33.16939926147461
45,24.054357528686523
45,32.69829177856445
45,32.038246154785156
45,32.742774963378906
45,31.673595428466797
45,30.78029441833496
45,33.38405990600586
45,30.678020477294922
45,26.56712532043457
45,30.390356063842773
45,29.00625228881836
45,25.393531799316406
45,29.727279663085938
45,29.20043182373047
45,31.103256225585938
45,32.24209213256836
45,24.21885108947754
45,31.57484245300293
45,34.99346923828125
45,33.066646575927734
45,30.903783798217773
45,28.56318473815918
45,30.746166229248047
45,29.24772071838379
45,28.17656898498535
45,29.54722785949707
45,23.754722595214844
45,28.24272918701172
45,30.09208106994629
45,25.566804885864258
45,27.2109317779541
45,33.51139831542969
45,27.02007293701172
45,30.648887634277344
45,31.8851375579834
45,28.995779037475586
45,31.34720230102539
45,25.29015350341797
45,31.596946716308594
45,25.09033203125
45,27.58688735961914
45,29.68973159790039
45,29.419858932495117
45,27.078357696533203
45,27.420448303222656
45,31.194013595581055
45,33.91212463378906
45,24.844846725463867
45,24.71195411682129
45,25.201082229614258
45,32.61631774902344
45,34.846046447753906
45,32.6090087890625
45,27.05550193786621
45,28.1564998626709
45,28.277143478393555
45,24.756303787231445
45,29.57232666015625
45,30.876327514648438
45,33.05095291137695
45,25.471752166748047
45,27.16616439819336
45,34.1352424621582
45,25.605207443237305
45,32.73388671875
45,26.446271896362305
45,29.807567596435547
45,32.18083190917969
45,29.527219772338867
45,26.471328735351562
45,24.475261688232422
45,24.618022918701172
45,33.813167572021484
45,28.079509735107422
45,31.654401779174805
45,27.621883392333984
45,28.378948211669922
45,26.586849212646484
45,33.4042854309082
45,26.790069580078125
45,33.0394401550293
45,33.81248474121094
45,27.075511932373047
45,30.76264190673828
45,25.39341163635254
45,27.61898422241211
45,31.66952896118164
45,31.903297424316406
45,24.949811935424805
45,29.982215881347656
45,26.84496307373047
45,31.54633903503418
45,24.395103454589844
45,25.012537002563477
45,29.229877471923828
45,30.62474822998047
45,31.9949951171875
45,29.612937927246094
45,33.9153938293457
45,31.87116813659668
45,28.040882110595703
45,27.041101455688477
45,32.84526824951172
45,24.633819580078125
45,32.23222732543945
45,30.021350860595703
45,29.580842971801758
45,30.844911575317383
45,28.072513580322266
45,29.62790870666504
45,27.217252731323242
45,30.247066497802734
45,32.98468780517578
45,26.977598190307617
45,33.83521270751953
45,31.175132751464844
45,32.45151901245117
45,29.556434631347656
45,23.399011611938477
45,25.462738037109375
45,29.880855560302734
45,28.12036895751953
45,30.62127113342285
45,25.933063507080078
45,26.124900817871094
45,30.058992385864258
45,26.036380767822266
45,27.847515106201172
45,28.830354690551758
45,29.61309051513672
45,33.251434326171875
45,30.257413864135742
45,33.61500549316406
45,24.43705940246582
45,30.468549728393555
45,30.171356201171875
45,27.196887969970703
45,24.34964370727539
45,29.301040649414062
45,26.71175765991211
45,27.822202682495117
45,30.796781539916992
45,34.92928695678711
45,31.536361694335938
45,26.439655303955078
45,31.963987350463867
45,33.58161163330078
45,24.564498901367188
45,24.520755767822266
45,28.75786018371582
45,24.91476058959961
45,30.117633819580078
45,28.032514572143555
45,32.272239685058594
45,31.890365600585938
45,27.705123901367188
45,26.302120208740234
45,30.151357650756836
45,25.389856338500977
45,33.7109260559082
45,33.850311279296875
45,33.684242248535156
45,24.261688232421875
45,25.245315551757812
45,29.3067626953125
45,27.80592155456543
45,28.844438552856445
45,32.946617126464844
45,25.897363662719727
45,31.183366775512695
45,25.682945251464844
45,32.506160736083984
45,30.401145935058594
45,29.284175872802734
45,26.832225799560547
45,27.680212020874023
45,29.940147399902344
45,26.69534683227539
45,30.665666580200195
45,29.158382415771484
45,28.18684196472168
45,32.152835845947266
45,25.199981689453125
45,34.11960220336914
45,27.95663833618164
45,25.32119369506836
45,34.65659713745117
45,29.365476608276367
45,32.00615692138672
45,30.589567184448242
45,34.19175338745117
45,33.83094787597656
45,35.44297790527344
45,31.39748191833496
45,26.981548309326172
45,28.258892059326172
45,24.885005950927734
45,33.21805953979492
45,28.711164474487305
45,32.38949966430664
45,27.86282730102539
45,32.4661865234375
45,32.68421173095703
45,32.564754486083984
45,32.7030029296875
45,30.91124725341797
45,31.420263290405273
45,32.8458137512207
45,26.357389450073242
45,27.277057647705078
45,28.76408576965332
45,34.792205810546875
45,33.8350944519043
45,25.56319236755371
45,34.471580505371094
45,27.3393497467041
45,35.69272994995117
45,26.405750274658203
45,25.68317985534668
45,31.28843116760254
45,30.173248291015625
45,34.40354537963867
45,32.67265319824219
45,32.06987762451172
45,32.09806823730469
45,28.568483352661133
45,25.43424415588379
45,31.18146514892578
45,26.24576187133789
45,24.256223678588867
45,23.3000431060791
45,27.197336196899414
45,25.80960464477539
45,32.20964050292969
45,28.78744125366211
45,33.97343444824219
45,25.747983932495117
45,32.197471618652344
45,28.95490837097168
45,33.85455322265625
45,31.02286720275879
45,27.656982421875
45,34.487247467041016
45,33.744693756103516
45,29.43397331237793
45,33.86001205444336
45,31.524364471435547
45,25.47747230529785
45,32.91812515258789
45,32.762638092041016
45,31.020299911499023
45,27.883956909179688
45,30.035783767700195
45,25.229415893554688
45,31.48771858215332
45,31.703649520874023
45,32.14874267578125
45,30.92405891418457
45,32.42380905151367
45,29.109264373779297
45,34.19917297363281
45,29.9809513092041
45,33.07793426513672
45,32.99576950073242
45,29.2065372467041
45,23.242534637451172
45,27.011682510375977
45,24.643585205078125
45,25.03163719177246
45,31.024389266967773
45,32.07879638671875
45,30.17611312866211
45,30.266328811645508
45,30.02752113342285
45,29.40521812438965
45,32.540836334228516
45,25.088260650634766
45,29.003114700317383
45,31.44962501525879
45,26.306312561035156
45,29.620872497558594
45,35.283390045166016
45,27.590538024902344
45,25.0197811126709
45,28.027555465698242
45,27.845901489257812
45,31.644662857055664
45,33.09032440185547
45,30.838403701782227
45,29.27675437927246
45,29.395917892456055
45,25.335617065429688
45,28.89338493347168
45,25.786365509033203
45,32.12220764160156
45,31.098623275756836
45,33.52581787109375
45,30.244905471801758
45,27.601335525512695
45,25.78725242614746
45,32.93500518798828
45,32.531551361083984
45,24.720001220703125
45,28.242673873901367
45,32.59587097167969
45,32.740447998046875
45,31.164562225341797
45,30.584537506103516
45,29.279874801635742
45,29.53196907043457
45,34.753665924072266
45,27.944217681884766
45,25.800643920898438
45,24.47241973876953
45,25.483015060424805
45,31.089509963989258
45,27.794334411621094
45,25.18111801147461
45,28.4736385345459
45,27.092756271362305
45,32.5775260925293
45,34.288185119628906
45,27.75567626953125
45,26.303001403808594
45,30.316303253173828
45,32.74440383911133
45,28.987232208251953
45,32.31700897216797
45,29.5664005279541
45,27.207530975341797
45,30.709339141845703
45,29.001962661743164
45,31.199209213256836
45,32.375831604003906
45,26.49987030029297
45,31.626493453979492
45,27.57866859436035
45,25.090850830078125
45,32.034996032714844
45,32.485260009765625
45,26.244510650634766
45,31.718992233276367
45,24.832698822021484
45,24.07675552368164
45,33.498573303222656
45,26.709012985229492
45,32.51720428466797
45,33.121131896972656
45,31.70394515991211
45,33.60719299316406
45,27.98915672302246
45,28.486356735229492
45,23.674436569213867
45,30.40079116821289
45,30.80504608154297
45,34.53180694580078
45,29.465551376342773
45,32.615943908691406
45,26.99003791809082
45,28.441085815429688
45,29.897008895874023
45,24.85405731201172
45,24.27483558654785
45,28.952238082885742
45,33.47614669799805
45,26.53999137878418
45,29.219419479370117
45,24.55245590209961
45,32.889522552490234
45,29.557214736938477
45,27.468971252441406
45,30.0225772857666
45,26.523616790771484
45,32.61766815185547
45,33.47053909301758
45,29.331932067871094
45,28.53030776977539
45,28.54285430908203
45,32.565650939941406
45,28.66431999206543
45,30.796245574951172
45,30.043760299682617
45,28.193931579589844
45,32.33194351196289
45,30.674774169921875
45,24.464073181152344
45,30.3598575592041
45,31.250141143798828
45,34.871761322021484
45,30.906431198120117
45,30.00016975402832
45,27.144126892089844
45,24.7595157623291
45,32.885536193847656
45,29.537723541259766
45,29.396291732788086
45,28.282590866088867
45,31.87582015991211
45,30.97523307800293
45,27.7186279296875
45,24.088401794433594
45,32.357601165771484
45,26.14842414855957
45,26.467796325683594
45,31.186830520629883
45,32.74449920654297
45,26.596757888793945
45,28.574174880981445
45,32.54964828491211
45,33.3006591796875
45,29.51314353942871
45,28.617216110229492
45,27.867069244384766
45,29.662904739379883
45,27.719453811645508
45,31.542707443237305
45,26.332115173339844
45,25.52395248413086
45,30.661975860595703
45,29.44900894165039
45,26.05632972717285
45,32.53444290161133
45,29.494388580322266
45,31.914871215820312
45,34.11102294921875
45,30.498823165893555
45,24.171993255615234
45,31.80008888244629
45,28.939748764038086
45,24.838624954223633
45,28.851516723632812
45,28.86009979248047
45,31.827075958251953
45,34.67548751831055
45,29.02278709411621
45,31.259546279907227
45,27.329015731811523
45,28.808977127075195
45,32.880340576171875
45,33.042381286621094
45,26.52427864074707
45,25.138172149658203
45,32.67327880859375
45,29.67184066772461
45,26.637304306030273
45,32.361732482910156
45,28.914762496948242
45,29.3804931640625
45,27.39605140686035
45,33.363433837890625
45,28.9708309173584
45,31.65863037109375
45,29.560895919799805
45,27.628681182861328
45,26.49569320678711
45,32.238590240478516
45,32.565303802490234
45,27.647886276245117
45,24.49759864807129
45,28.6706485748291
45,25.311256408691406
45,27.534040451049805
45,24.61247444152832
45,32.19454574584961
45,28.796083450317383
45,30.833961486816406
45,25.10057258605957
45,27.412221908569336
45,27.669063568115234
45,25.8508358001709
45,29.382003784179688
45,29.1923770904541
45,25.244728088378906
45,27.14649772644043
45,27.13776397705078
45,33.744346618652344
45,28.765338897705078
45,29.667818069458008
45,28.661685943603516
45,28.217763900756836
45,30.26432991027832
45,30.731752395629883
45,32.502037048339844
45,28.467620849609375
45,28.380334854125977
45,30.84430694580078
45,30.342588424682617
45,30.817338943481445
45,27.525501251220703
45,32.079986572265625
45,31.811307907104492
45,28.045198440551758
45,33.21555709838867
45,27.805564880371094
45,29.17093276977539
45,33.88958740234375
45,31.595226287841797
45,26.699861526489258
45,25.1759090423584
45,26.697689056396484
45,24.464502334594727
45,34.37168502807617
45,30.929737091064453
45,34.79988098144531
45,25.512683868408203
45,29.55978012084961
45,31.61307716369629
45,33.17112731933594
45,29.465787887573242
45,27.975351333618164
45,33.408538818359375
45,33.698368072509766
45,26.97587776184082
45,31.854129791259766
45,31.62209701538086
45,29.48780632019043
45,28.986404418945312
45,28.60919189453125
45,31.74367332458496
45,29.429779052734375
45,25.56850242614746
45,33.72480392456055
45,26.15120506286621
45,24.76553726196289
45,29.525264739990234
45,31.016803741455078
45,31.37079620361328
45,24.90345001220703
45,34.26841354370117
45,28.231361389160156
45,33.17557144165039
45,32.69865036010742
45,34.275115966796875
45,28.043445587158203
45,30.902833938598633
45,28.281389236450195
45,27.700653076171875
45,32.23183059692383
45,34.235225677490234
45,24.10488510131836
45,27.878055572509766
45,26.177200317382812
45,29.084562301635742
45,34.75244903564453
45,29.435609817504883
45,27.393829345703125
45,26.34420394897461
45,28.350500106811523
45,27.580135345458984
45,32.25636291503906
45,31.837646484375
45,32.77581024169922
45,31.534887313842773
45,26.9836368560791
45,26.14690589904785
45,32.81856155395508
45,28.149694442749023
45,31.159793853759766
45,23.68614959716797
45,26.786340713500977
45,29.57063102722168
45,32.691627502441406
45,25.003116607666016
45,28.74979591369629
45,30.97066879272461
45,31.663761138916016
45,25.860435485839844
45,28.900381088256836
45,30.022891998291016
45,27.627286911010742
45,34.77521514892578
45,31.833677291870117
45,25.07797622680664
45,26.167095184326172
45,25.968931198120117
45,26.382709503173828
45,31.46527862548828
45,24.645374298095703
45,24.727188110351562
45,36.24974822998047
45,31.720428466796875
45,31.999069213867188
45,30.325328826904297
45,26.93749237060547
45,33.18589401245117
45,29.92526626586914
45,28.966999053955078
45,25.104999542236328
45,32.31502151489258
45,30.99519920349121
45,27.77363395690918
45,26.01988983154297
45,25.052387237548828
45,28.078561782836914
45,27.68376922607422
45,25.047866821289062
45,28.0950927734375
45,32.22245407104492
45,34.94679641723633
45,31.917001724243164
45,29.496740341186523
45,31.818462371826172
45,26.09202003479004
45,27.6378116607666
45,28.269643783569336
45,24.544729232788086
45,27.478153228759766
45,28.565959930419922
45,24.63617706298828
45,28.147045135498047
45,33.75171661376953
45,32.755287170410156
45,27.533052444458008
45,28.787220001220703
45,33.70872497558594
45,24.17766761779785
45,24.980182647705078
45,24.63055419921875
45,27.014543533325195
45,23.533695220947266
45,24.931304931640625
45,24.85125160217285
45,28.239303588867188
45,28.93187141418457
45,25.907236099243164
45,26.2691650390625
45,29.471668243408203
45,29.264720916748047
45,33.28520584106445
45,31.42510986328125
45,30.37529754638672
45,25.322080612182617
45,30.826534271240234
45,32.4257698059082
45,24.515226364135742
45,26.026052474975586
45,33.732215881347656
45,30.34099769592285
45,25.087818145751953
45,31.67069435119629
45,29.613201141357422
45,26.404142379760742
45,24.19582176208496
45,30.760940551757812
45,33.52107238769531
45,32.0010986328125
45,25.75898551940918
45,28.49842643737793
45,28.760873794555664
45,28.08906364440918
45,34.1694450378418
45,32.86625289916992
45,28.05415153503418
45,28.071020126342773
45,27.006269454956055
45,34.70676040649414
45,33.43717956542969
45,31.248544692993164
45,25.02667236328125
45,26.403310775756836
45,31.55510139465332
45,28.792236328125
45,32.684383392333984
45,27.117515563964844
45,27.121417999267578
45,32.29407501220703
45,30.535648345947266
45,28.148418426513672
45,30.395227432250977
45,31.086578369140625
45,32.03435134887695
45,29.024991989135742
45,33.994972229003906
45,26.044269561767578
45,31.5595703125
45,35.580379486083984
45,29.705707550048828
45,28.478845596313477
45,31.708736419677734
45,30.752553939819336
45,32.58164978027344
45,33.064151763916016
45,33.14179611206055
45,32.4030647277832
45,34.240211486816406
45,29.06537437438965
45,30.922882080078125
45,28.894306182861328
45,25.20449447631836
45,31.617034912109375
45,28.180198669433594
45,24.71786117553711
45,25.125823974609375
45,33.25395584106445
45,28.159255981445312
45,28.147340774536133
45,24.600780487060547
45,31.71234893798828
45,35.265045166015625
45,31.478017807006836
45,31.772994995117188
45,28.171070098876953
45,34.32822036743164
45,25.798114776611328
45,28.082738876342773
45,30.906099319458008
45,25.684354782104492
45,24.610319137573242
45,32.668731689453125
45,27.23257064819336
45,33.612125396728516
45,29.255796432495117
45,23.6614990234375
45,27.406858444213867
45,29.0163631439209
45,32.501426696777344
45,27.992589950561523
45,27.02756118774414
45,32.47538757324219
45,26.574148178100586
45,24.533329010009766
45,27.44574546813965
45,30.242431640625
45,23.365901947021484
45,28.264610290527344
45,32.17744445800781
45,33.62853240966797
45,24.393606185913086
45,27.64613914489746
45,28.15138053894043
45,32.41068649291992
45,24.307037353515625
45,31.683391571044922
45,24.841732025146484
45,29.372264862060547
45,29.754108428955078
45,33.08427047729492
45,31.559785842895508
45,26.92820930480957
45,29.279451370239258
45,25.018508911132812
45,28.25257110595703
45,31.733356475830078
45,31.216285705566406
45,27.315895080566406
45,33.755889892578125
45,23.902729034423828
45,33.7550048828125
45,33.48811721801758
45,27.24228858947754
45,33.64738082885742
45,30.908369064331055
45,32.95250701904297
45,29.408111572265625
45,24.826520919799805
45,24.33344268798828
45,26.058155059814453
45,33.99196243286133
45,30.530603408813477
45,33.54549789428711
45,33.64545440673828
45,34.18267822265625
45,28.742183685302734
45,33.3652229309082
45,25.324481964111328
45,28.95233917236328
45,31.759937286376953
45,24.826454162597656
45,31.877845764160156
45,30.527610778808594
45,29.342500686645508
45,33.81294631958008
45,28.86236000061035
45,29.006824493408203
45,24.19722557067871
45,31.696033477783203
45,27.310087203979492
45,27.579069137573242
45,27.968908309936523
45,28.03136444091797
45,24.83501434326172
45,29.432571411132812
45,31.69863510131836
45,35.45914077758789
45,28.85921287536621
45,26.912513732910156
45,24.58285140991211
45,34.19435119628906
45,30.968658447265625
45,33.66525650024414
45,25.0445613861084
45,25.16666030883789
45,33.0982551574707
45,24.278247833251953
45,29.673328399658203
45,23.99263572692871
45,32.8150520324707
45,25.26021385192871
45,32.906681060791016
45,24.36836051940918
45,27.143779754638672
45,32.86433410644531
45,32.930519104003906
45,30.504535675048828
45,32.81867599487305
45,25.829240798950195
45,29.48781394958496
45,28.205202102661133
45,27.00263023376465
45,25.74248504638672
45,32.327720642089844
45,32.0074462890625
45,32.85024642944336
45,32.87981033325195
45,28.46384048461914
45,31.553997039794922
45,29.300987243652344
45,23.410160064697266
45,31.993093490600586
45,32.79787826538086
45,33.582401275634766
45,33.237430572509766
45,31.172489166259766
45,31.247150421142578
45,28.36473274230957
45,25.01698112487793
45,29.000835418701172
45,32.1501579284668
45,29.54868507385254
45,33.480262756347656
45,28.733530044555664
45,33.779571533203125
45,29.56660270690918
45,27.304201126098633
45,29.32040023803711
45,26.31544303894043
45,29.63935661315918
45,29.153148651123047
45,26.61893081665039
45,28.862262725830078
45,29.305065155029297
45,29.695383071899414
45,27.684419631958008
45,25.300628662109375
45,26.752370834350586
45,30.819448471069336
45,26.801790237426758
45,30.60615348815918
45,34.134918212890625
45,26.217830657958984
45,33.72647476196289
45,33.58311080932617
45,32.8748664855957
45,23.933549880981445
45,25.773664474487305
45,29.494152069091797
45,25.0976619720459
45,32.43455505371094
45,31.137998580932617
45,25.984703063964844
45,27.700132369995117
45,24.885774612426758
45,29.121164321899414
45,32.951438903808594
45,32.98593521118164
45,30.518325805664062
45,33.53340148925781
45,28.78070068359375
45,29.434064865112305
45,25.963693618774414
45,30.37031364440918
45,32.454933166503906
45,25.71895980834961
45,28.70315170288086
45,33.83717346191406
45,29.006908416748047
45,30.016313552856445
45,33.64509582519531
45,27.408647537231445
45,27.28935432434082
45,34.238487243652344
45,29.47050666809082
45,29.75161361694336
45,26.48186683654785
45,24.576229095458984
45,29.897994995117188
45,31.174787521362305
45,32.43683624267578
45,24.139497756958008
45,29.83509635925293
45,31.079986572265625
45,28.719873428344727
45,31.9967098236084
45,27.50918197631836
45,27.450298309326172
45,25.04524040222168
45,31.8021240234375
45,26.792652130126953
45,27.279449462890625
45,26.938446044921875
45,25.05846405029297
45,28.297502517700195
45,23.873016357421875
45,34.202842712402344
45,29.24633026123047
45,29.449169158935547
45,33.26237106323242
45,28.171751022338867
45,28.89474868774414
45,25.907331466674805
45,30.039255142211914
45,24.820737838745117
45,31.69622039794922
45,33.16075134277344
45,33.23000717163086
45,33.45663833618164
45,34.282325744628906
45,23.99626922607422
45,27.240205764770508
45,28.769792556762695
45,33.383270263671875
45,33.531227111816406
45,24.897899627685547
45,29.972810745239258
45,24.181499481201172
45,32.17266082763672
45,26.685672760009766
45,29.957168579101562
45,25.87847137451172
45,31.917068481445312
45,30.897165298461914
45,34.435218811035156
45,34.16302490234375
45,33.29391098022461
45,23.55706024169922
45,29.909400939941406
45,33.60845184326172
45,32.704322814941406
45,24.961469650268555
45,24.92096710205078
45,27.63320541381836
45,26.38363265991211
45,25.88505744934082
45,26.990203857421875
45,24.7393798828125
45,29.14077377319336
45,29.54449462890625
45,31.512317657470703
45,27.97338104248047
45,23.837434768676758
45,28.818086624145508
45,28.650726318359375
45,24.045669555664062
45,29.753433227539062
45,32.81341552734375
45,29.049739837646484
45,30.79609489440918
45,32.722320556640625
45,30.049306869506836
45,26.285449981689453
45,28.570484161376953
45,28.579845428466797
45,31.318212509155273
45,24.591222763061523
45,28.80718994140625
45,27.724613189697266
45,32.13006591796875
45,33.367923736572266
45,30.627239227294922
45,29.315227508544922
45,33.84281921386719
45,27.213354110717773
45,31.427982330322266
45,34.225555419921875
45,23.615774154663086
45,24.158117294311523
45,32.43466567993164
45,25.254859924316406
45,33.24445343017578
45,31.038949966430664
45,27.330965042114258
45,30.61319351196289
45,29.333498001098633
45,31.269880294799805
45,28.331518173217773
45,26.978477478027344
45,24.810626983642578
45,28.782852172851562
45,26.798564910888672
45,25.607755661010742
45,32.01517105102539
45,28.475383758544922
45,27.186552047729492
45,33.22317886352539
45,32.69902420043945
45,32.15318298339844
45,27.022111892700195
45,29.745798110961914
45,34.08025360107422
45,28.502567291259766
45,25.052383422851562
45,25.565601348876953
45,24.415136337280273
45,29.07185935974121
45,31.05712890625
45,31.10638427734375
45,27.180095672607422
45,30.81972885131836
45,34.646080017089844
45,24.966642379760742
45,36.843299865722656
45,29.210586547851562
45,25.234766006469727
45,24.49287223815918
45,28.8991641998291
45,34.55284881591797
45,32.62236022949219
45,29.064781188964844
45,28.146080017089844
45,30.47407341003418
45,24.63729476928711
45,33.22174072265625
45,30.661422729492188
45,32.85398483276367
45,28.016643524169922
45,32.21980285644531
45,27.82231330871582
45,24.84932518005371
45,32.09560012817383
45,28.056171417236328
45,32.35590362548828
45,27.535581588745117
45,23.963546752929688
45,27.790090560913086
45,31.37725830078125
45,26.777469635009766
45,29.341693878173828
45,30.681734085083008
45,31.985849380493164
45,31.937549591064453
45,33.11098861694336
45,25.601106643676758
45,31.24339485168457
45,26.373680114746094
45,29.39047622680664
45,32.505340576171875
45,24.205394744873047
45,30.030332565307617
45,33.514095306396484
45,27.850383758544922
45,31.778759002685547
45,33.206302642822266
45,27.60296630859375
45,33.28753662109375
45,26.093944549560547
45,29.717700958251953
45,26.446033477783203
45,29.90444564819336
45,25.12770652770996
45,31.8892822265625
45,33.10758590698242
45,32.555660247802734
45,30.925617218017578
45,34.16413879394531
45,29.35927391052246
45,31.316064834594727
45,27.78095245361328
45,27.233224868774414
45,25.327167510986328
45,28.045320510864258
45,33.218265533447266
45,32.54227066040039
45,24.236019134521484
45,34.1235466003418
45,32.49593734741211
45,31.31888198852539
45,27.840648651123047
45,31.735933303833008
45,24.656518936157227
45,27.366024017333984
45,27.13890838623047
45,31.001741409301758
45,30.072784423828125
45,33.06586456298828
45,34.913307189941406
45,25.81175994873047
45,32.67304229736328
45,30.854843139648438
45,34.0230712890625
45,28.79513931274414
45,24.7099609375
45,33.071075439453125
45,29.5712890625
45,31.53126335144043
45,24.249385833740234
45,33.72148132324219
45,31.296592712402344
45,32.11262893676758
45,24.353717803955078
45,24.5993709564209
45,30.174482345581055
45,28.799619674682617
45,28.4852352142334
45,28.736997604370117
45,29.748144149780273
45,24.89281463623047
45,24.84546661376953
45,34.609310150146484
45,27.898996353149414
45,25.860153198242188
45,29.02621841430664
45,26.87685775756836
45,29.685977935791016
45,28.08839988708496
45,33.409828186035156
45,25.941919326782227
45,25.96420669555664
45,26.24809455871582
45,31.369678497314453
45,33.8978385925293
45,34.012691497802734
45,33.236717224121094
45,34.732662200927734
45,30.409915924072266
45,28.107391357421875
45,28.53995132446289
45,26.879329681396484
45,27.53297233581543
45,28.827293395996094
45,28.58439826965332
45,23.874135971069336
45,30.901119232177734
45,31.896198272705078
45,26.277587890625
45,29.87823486328125
45,31.33611297607422
45,31.546293258666992
45,25.237512588500977
45,32.67007064819336
45,31.616466522216797
45,27.52427101135254
45,29.921749114990234
45,31.288768768310547
45,34.1069221496582
45,28.054250717163086
45,30.297754287719727
45,29.6561336517334
45,29.3314266204834
45,32.44055938720703
45,33.57632827758789
45,33.54551696777344
45,25.10296058654785
45,29.327960968017578
45,30.78095245361328
45,31.65035629272461
45,29.153390884399414
45,34.022605895996094
45,28.61254119873047
45,26.287792205810547
45,27.066307067871094
45,30.131591796875
45,28.66042137145996
45,26.60929298400879
45,33.44114685058594
45,24.163288116455078
45,32.90935516357422
45,28.0482177734375
45,32.98458480834961
45,26.69282341003418
45,27.736465454101562
45,27.27030372619629
45,23.858623504638672
45,24.288082122802734
45,32.464813232421875
45,31.011865615844727
45,27.82023048400879
45,28.564157485961914
45,32.60456466674805
45,29.74755859375
45,31.740463256835938
45,27.606754302978516
45,34.32943344116211
45,33.5413703918457
45,35.192386627197266
45,25.097721099853516
45,28.709341049194336
45,31.80492401123047
45,33.31523513793945
45,30.71590805053711
45,29.425251007080078
45,30.926620483398438
45,31.426776885986328
45,33.18311309814453
45,30.816829681396484
45,27.49342155456543
45,29.253604888916016
45,32.952911376953125
45,32.92247772216797
45,24.238676071166992
45,27.648452758789062
45,25.22630500793457
45,24.686737060546875
45,32.559974670410156
45,30.732154846191406
45,27.16596031188965
45,29.925914764404297
45,24.85150718688965
45,25.71494483947754
45,30.270957946777344
45,27.700931549072266
45,29.528850555419922
45,27.495594024658203
45,31.918319702148438
45,31.63820457458496
45,27.271087646484375
45,32.326717376708984
45,25.197656631469727
45,33.2218017578125
45,25.15526580810547
45,27.463363647460938
45,34.68124771118164
45,25.720727920532227
45,32.63338088989258
45,27.348936080932617
45,34.13124084472656
45,31.078941345214844
45,34.866920471191406
45,33.14524459838867
45,28.336286544799805
45,27.30689239501953
45,27.4576416015625
45,33.7399787902832
45,23.774959564208984
45,29.121295928955078
45,27.892480850219727
45,26.46678352355957
45,31.629859924316406
45,27.131305694580078
45,30.049074172973633
45,34.151676177978516
45,28.225887298583984
45,25.26618003845215
45,28.62421417236328
45,25.8247013092041
45,28.314311981201172
45,33.061485290527344
45,29.520139694213867
45,28.3642635345459
45,27.400432586669922
45,28.748943328857422
45,33.67350769042969
45,29.68348503112793
45,28.281877517700195
45,27.338693618774414
45,33.747432708740234
45,30.14762306213379
45,30.99517059326172
45,29.818830490112305
45,26.88493537902832
45,32.20673751831055
45,33.84649658203125
45,25.870872497558594
45,31.121261596679688
45,29.682376861572266
45,32.145103454589844
45,30.134214401245117
45,26.393827438354492
45,32.843162536621094
45,24.829456329345703
45,32.39215850830078
45,24.854249954223633
45,24.36456871032715
45,27.950870513916016
45,30.732004165649414
45,29.369354248046875
45,28.361295700073242
45,30.526010513305664
45,29.673385620117188
45,28.778562545776367
45,30.063615798950195
45,29.768354415893555
45,27.73489761352539
45,26.327173233032227
45,32.98591232299805
45,32.959754943847656
45,27.137346267700195
45,28.07253646850586
45,28.473936080932617
45,33.53336715698242
45,31.288326263427734
45,31.72870445251465
45,32.713844299316406
45,23.807205200195312
45,23.739730834960938
45,32.70950698852539
45,25.637454986572266
45,27.199718475341797
45,32.881465911865234
45,31.88167381286621
45,30.263132095336914
45,29.100910186767578
45,27.090234756469727
45,24.478017807006836
45,27.98661994934082
45,34.97241973876953
45,33.214351654052734
45,34.44859313964844
45,29.83951759338379
45,27.333829879760742
45,31.072837829589844
45,32.276588439941406
45,28.576539993286133
45,32.213523864746094
45,30.85729217529297
45,28.71821403503418
45,28.365427017211914
45,24.575592041015625
45,27.014158248901367
45,34.42720031738281
45,33.175960540771484
45,26.04056167602539
45,33.83984375
45,24.72622299194336
45,33.36908721923828
45,30.050090789794922
45,32.97346496582031
45,29.558761596679688
45,30.2812557220459
45,26.073190689086914
45,24.773292541503906
45,31.135459899902344
45,29.304201126098633
45,29.44507598876953
45,26.349693298339844
45,33.399085998535156
45,24.57707405090332
45,33.4927978515625
45,28.612119674682617
45,29.560747146606445
45,29.39313316345215
45,31.940229415893555
45,25.426023483276367
45,32.04930114746094
45,33.70734405517578
45,25.438631057739258
45,28.28403091430664
45,32.58344650268555
45,28.567893981933594
45,29.470657348632812
45,28.71841812133789
45,24.87543487548828
45,34.882591247558594
45,27.652851104736328
45,34.389244079589844
45,24.571697235107422
45,33.31303024291992
45,32.34396743774414
45,29.677595138549805
45,32.77321243286133
45,29.672374725341797
45,27.182580947875977
45,33.2775764465332
45,33.835243225097656
45,28.088462829589844
45,34.09831237792969
45,25.89571762084961
45,32.449066162109375
45,30.873231887817383
45,22.704647064208984
45,30.190767288208008
45,29.882526397705078
45,31.12152099609375
45,28.865238189697266
45,25.916818618774414
45,32.65640640258789
45,30.604520797729492
45,29.355134963989258
45,28.61236000061035
45,32.9088249206543
45,32.43050765991211
45,24.337020874023438
45,29.813533782958984
45,31.74821662902832
45,28.83580780029297
45,32.80427551269531
45,24.64379119873047
45,26.394634246826172
45,25.992904663085938
45,25.595958709716797
45,27.12065315246582
45,30.53807830810547
45,32.27986145019531
45,28.511343002319336
45,27.30577850341797
45,32.590335845947266
45,27.046342849731445
45,29.25551986694336
45,32.1992301940918
45,23.64012908935547
45,26.86922836303711
45,27.570884704589844
45,29.932029724121094
45,27.81134033203125
45,28.886028289794922
45,24.761831283569336
45,27.70844841003418
45,28.11620330810547
45,31.57523536682129
45,32.4965934753418
45,29.632156372070312
45,30.756450653076172
45,32.64196014404297
45,32.71532440185547
45,34.92755126953125
45,27.334129333496094
45,32.61376190185547
45,24.163711547851562
45,28.519914627075195
45,28.55866241455078
45,35.8723030090332
45,34.84345245361328
45,30.028963088989258
45,28.37033462524414
45,28.44388771057129
45,32.28032684326172
45,24.513553619384766
45,32.69841384887695
45,31.00884437561035
45,33.308658599853516
45,26.905197143554688
45,26.016830444335938
45,33.107913970947266
45,29.207141876220703
45,34.124576568603516
45,32.214900970458984
45,29.32187843322754
45,25.800691604614258
45,31.803861618041992
45,32.8389892578125
45,30.78887176513672
45,26.893932342529297
45,32.6225700378418
45,29.885326385498047
45,25.018211364746094
45,30.8731632232666
45,31.265029907226562
45,24.859102249145508
45,31.591100692749023
45,23.485828399658203
45,28.325664520263672
45,26.05364990234375
45,27.101253509521484
45,31.246339797973633
45,33.57851028442383
45,28.100872039794922
45,27.469398498535156
45,34.549556732177734
45,24.2412109375
45,31.537334442138672
45,29.705995559692383
45,31.379987716674805
45,31.05855369567871
45,34.22707748413086
45,33.256752014160156
45,26.4996337890625
45,32.43930435180664
45,27.256750106811523
45,29.979808807373047
45,33.244117736816406
45,26.297401428222656
45,33.44007873535156
45,32.139244079589844
45,28.31839370727539
45,36.32125473022461
45,32.8507080078125
45,28.21479034423828
45,32.03000259399414
45,28.83070945739746
45,34.18110275268555
45,33.517765045166016
45,29.773500442504883
45,33.411895751953125
45,31.663803100585938
45,27.2567138671875
45,32.47260665893555
45,34.010894775390625
45,27.674083709716797
45,33.91606903076172
45,28.278491973876953
45,28.034385681152344
45,27.83047866821289
45,30.549392700195312
45,26.874042510986328
45,28.92287254333496
45,32.968143463134766
45,28.13477897644043
45,27.453927993774414
45,30.56366539001465
45,25.837615966796875
45,26.610300064086914
45,23.858245849609375
45,23.962661743164062
45,27.69609260559082
45,33.52302551269531
45,31.023773193359375
45,27.9364070892334
45,28.805578231811523
45,30.6436710357666
45,27.58487892150879
45,27.485713958740234
45,32.958866119384766
45,33.795806884765625
45,28.894800186157227
45,28.373329162597656
45,28.389957427978516
45,34.65327453613281
45,24.364307403564453
45,26.530088424682617
45,31.595808029174805
45,32.55303192138672
45,25.32035255432129
45,24.786226272583008
45,25.061025619506836
45,33.41166687011719
45,27.72994613647461
45,31.53135871887207
45,24.97278594970703
45,26.607397079467773
45,31.207462310791016
45,30.01050567626953
45,30.55498504638672
45,28.52952003479004
45,25.314376831054688
45,29.95401382446289
45,31.82590675354004
45,30.405681610107422
45,28.265581130981445
45,30.62359619140625
45,27.24883270263672
45,25.090179443359375
45,23.976444244384766
45,31.022171020507812
45,30.482881546020508
45,26.432273864746094
45,28.45213508605957
45,24.379165649414062
45,29.55479621887207
45,28.66673469543457
45,30.174135208129883
45,32.21067428588867
45,29.18018913269043
45,30.579235076904297
45,25.546058654785156
45,31.042844772338867
45,25.98639678955078
45,28.544815063476562
45,31.319080352783203
45,34.25032424926758
45,33.635169982910156
45,28.401670455932617
45,29.168291091918945
45,27.4097900390625
45,30.805606842041016
45,28.403839111328125
45,34.58007049560547
45,30.540170669555664
45,27.189218521118164
45,34.5284423828125
45,29.384395599365234
45,25.04405975341797
45,30.0282039642334
45,33.552711486816406
45,24.310848236083984
45,24.731935501098633
45,32.4447021484375
45,24.48313331604004
45,31.588838577270508
45,29.3615779876709
45,26.311742782592773
45,26.967714309692383
45,32.952049255371094
45,30.997135162353516
45,25.609447479248047
45,26.245935440063477
45,34.3828010559082
45,29.456714630126953
45,28.590810775756836
45,28.329160690307617
45,29.44765281677246
45,32.91819763183594
45,29.694164276123047
45,30.546062469482422
45,23.819072723388672
45,30.772144317626953
45,30.816362380981445
45,29.070016860961914
45,27.792123794555664
45,33.62852478027344
45,30.259044647216797
45,29.100263595581055
45,30.345130920410156
45,28.18527603149414
45,24.50100326538086
45,28.940011978149414
45,32.041385650634766
45,27.30576515197754
45,29.425518035888672
45,23.83376693725586
45,34.04938888549805
45,32.02009582519531
45,24.6679744720459
45,26.91293716430664
45,28.96254539489746
45,28.144311904907227
45,24.856969833374023
45,31.63984489440918
45,29.986103057861328
45,34.18788528442383
45,32.7697868347168
45,32.96427536010742
45,29.31394386291504
45,28.60416603088379
45,24.69185447692871
45,30.17029571533203
45,33.485137939453125
45,24.912565231323242
45,27.49034309387207
45,29.344629287719727
45,32.18677520751953
45,30.977203369140625
45,29.509122848510742
45,31.499601364135742
45,31.86709213256836
45,25.05040740966797
45,30.23936653137207
45,27.09467315673828
45,31.995651245117188
45,31.076061248779297
45,33.69349670410156
45,28.738405227661133
45,28.519432067871094
45,32.398345947265625
45,26.634838104248047
45,34.232025146484375
45,32.87065124511719
45,32.82312774658203
45,28.97713279724121
45,28.463632583618164
45,28.66301918029785
45,30.274152755737305
45,29.277729034423828
45,29.62841033935547
45,29.386838912963867
45,26.07993507385254
45,32.53717041015625
45,28.495515823364258
45,25.794666290283203
45,29.730619430541992
45,32.07896423339844
45,29.80702781677246
45,25.625030517578125
45,24.781129837036133
45,29.0268611907959
45,32.061378479003906
45,28.469694137573242
45,34.41667175292969
45,31.32478904724121
45,31.72783660888672
45,26.36360740661621
45,33.88981628417969
45,28.173954010009766
45,32.316654205322266
45,26.045900344848633
45,33.72456359863281
45,28.04861068725586
45,25.50275993347168
45,25.135473251342773
45,26.82992172241211
45,26.136886596679688
45,33.3038215637207
45,27.458118438720703
45,28.58821678161621
45,28.47403335571289
45,24.169788360595703
45,34.089874267578125
45,31.925241470336914
45,31.576763153076172
45,29.676780700683594
45,31.540281295776367
45,24.485631942749023
45,25.439489364624023
45,31.377731323242188
45,28.32438087463379
45,31.478696823120117
45,29.013500213623047
45,33.47956085205078
45,25.27236557006836
45,26.204301834106445
45,33.281089782714844
45,28.68818473815918
45,26.738237380981445
45,32.59356689453125
45,32.297664642333984
45,27.416973114013672
45,32.36820602416992
45,31.529024124145508
45,30.47866439819336
45,32.8121223449707
45,24.31692123413086
45,30.499046325683594
45,31.942218780517578
45,25.327659606933594
45,25.488811492919922
45,29.679506301879883
45,25.137088775634766
45,29.104543685913086
45,34.286712646484375
45,27.560117721557617
45,24.794416427612305
45,32.63331604003906
45,27.515108108520508
45,30.34265899658203
45,32.72981643676758
45,29.983579635620117
45,32.69237518310547
45,25.729293823242188
45,32.347198486328125
45,26.566621780395508
45,33.88838195800781
45,31.473854064941406
45,34.353973388671875
45,24.251150131225586
45,33.25190353393555
45,27.68338394165039
45,30.28377342224121
45,30.15050506591797
45,27.1329402923584
45,29.8768367767334
45,25.246662139892578
45,24.0755672454834
45,24.912696838378906
45,32.108985900878906
45,27.706682205200195
45,26.901954650878906
45,35.88649368286133
45,32.960960388183594
45,30.776975631713867
45,32.48886489868164
45,30.26679229736328
45,29.213523864746094
45,27.80170440673828
45,32.39594650268555
45,28.916187286376953
45,28.027938842773438
45,31.963878631591797
45,29.858680725097656
45,33.01568603515625
45,29.025354385375977
45,32.49999237060547
45,32.97184371948242
45,32.76107406616211
45,33.66270446777344
45,24.31378746032715
45,27.373313903808594
45,25.649438858032227
45,29.11226463317871
45,24.869468688964844
45,29.23687744140625
45,24.580886840820312
45,33.72480773925781
45,29.580612182617188
45,32.404457092285156
45,25.628969192504883
45,25.40091323852539
45,28.4505558013916
45,34.76483917236328
45,34.45329666137695
45,26.769939422607422
45,32.545005798339844
45,27.09354591369629
45,25.06415557861328
45,32.56157302856445
45,29.380483627319336
45,31.258285522460938
45,29.610145568847656
45,34.16500473022461
45,26.416915893554688
45,27.368925094604492
45,30.067790985107422
45,33.07448959350586
45,32.790714263916016
45,26.254318237304688
45,31.961816787719727
45,25.47310447692871
45,28.0073299407959
45,32.89209747314453
45,26.868900299072266
45,25.697145462036133
45,33.071617126464844
45,30.259613037109375
45,26.921798706054688
45,27.00994300842285
45,33.229217529296875
45,29.679908752441406
45,28.409547805786133
45,32.4793815612793
45,24.88587760925293
45,25.98301887512207
45,30.588085174560547
45,25.454696655273438
45,25.52263641357422
45,29.22319221496582
45,27.980308532714844
45,25.21538734436035
45,30.446117401123047
45,33.62181091308594
45,32.26694107055664
45,30.73583221435547
45,28.654022216796875
45,33.93411636352539
45,31.432636260986328
45,25.418184280395508
45,34.74350357055664
45,26.130502700805664
45,32.246212005615234
45,29.037181854248047
45,27.17913818359375
45,30.911312103271484
45,28.66466522216797
45,33.203792572021484
45,29.118703842163086
45,24.530593872070312
45,28.6314754486084
45,31.583127975463867
45,28.29909324645996
45,28.309080123901367
45,29.22149658203125
45,25.446399688720703
45,30.615968704223633
45,33.393428802490234
45,30.712982177734375
45,33.609806060791016
45,31.65709114074707
45,28.76090431213379
45,34.47285079956055
45,26.353431701660156
45,31.98049545288086
45,24.472415924072266
45,26.277217864990234
45,32.765106201171875
45,33.51985549926758
45,27.083688735961914
45,24.536523818969727
45,24.954082489013672
45,31.516342163085938
45,29.419919967651367
45,31.388853073120117
45,28.13351058959961
45,27.779088973999023
45,32.73023223876953
45,30.894014358520508
45,35.373077392578125
45,33.30607604980469
45,27.647626876831055
45,31.18529510498047
45,28.121234893798828
45,25.05091667175293
45,28.673688888549805
45,24.646440505981445
45,29.79428482055664
45,25.193571090698242
45,29.72318458557129
45,33.287574768066406
45,32.7558479309082
45,32.494529724121094
45,26.54850959777832
45,28.166831970214844
45,28.05173683166504
45,29.218631744384766
45,24.17913818359375
45,31.888078689575195
45,29.90045166015625
45,27.376760482788086
45,32.447269439697266
45,33.275299072265625
45,26.649770736694336
45,33.51449966430664
45,32.152462005615234
45,33.475189208984375
45,24.106178283691406
45,25.89940643310547
45,31.570322036743164
45,33.609413146972656
45,33.86789321899414
45,28.761571884155273
45,30.042551040649414
45,30.879718780517578
45,33.56564712524414
45,27.211669921875
45,29.499427795410156
45,26.610700607299805
45,27.04696273803711
45,22.860681533813477
45,24.905149459838867
45,30.641311645507812
45,27.095426559448242
45,30.047168731689453
45,31.587244033813477
45,27.78961944580078
45,34.72842025756836
45,29.72620964050293
45,33.24549865722656
45,24.69818687438965
45,32.903160095214844
45,28.113372802734375
45,27.4379940032959
45,28.880859375
45,31.52153778076172
45,30.12451934814453
45,27.760818481445312
45,31.949594497680664
45,25.21289825439453
45,30.07967758178711
45,26.05209732055664
45,31.294544219970703
45,31.57750129699707
45,32.833892822265625
45,27.16679573059082
45,27.827899932861328
45,24.849140167236328
45,27.219942092895508
45,29.388961791992188
45,30.950572967529297
45,30.887798309326172
45,33.48497009277344
45,31.093759536743164
45,23.722888946533203
45,24.65963363647461
45,26.482650756835938
45,27.37881088256836
45,26.959251403808594
45,28.6582088470459
45,25.057416915893555
45,28.754751205444336
45,24.417343139648438
45,33.63668441772461
45,26.934978485107422
45,28.43303680419922
45,24.384429931640625
45,31.982194900512695
45,32.90602111816406
45,23.3653507232666
45,27.892379760742188
45,33.245792388916016
45,32.92979049682617
45,33.18374252319336
45,32.17015838623047
45,29.344755172729492
45,24.058618545532227
45,25.100881576538086
45,30.83112335205078
45,27.83083152770996
45,24.467594146728516
45,31.20465087890625
45,26.126873016357422
45,30.051725387573242
45,26.53066635131836
45,32.43373107910156
45,26.360431671142578
45,33.30658721923828
45,24.393661499023438
45,31.14998435974121
45,26.27960777282715
45,27.22458839416504
45,34.006568908691406
45,28.16196632385254
45,33.394126892089844
45,26.318328857421875
45,32.709266662597656
45,26.38548469543457
45,31.25568389892578
45,26.04804229736328
45,31.011425018310547
45,24.55132293701172
45,29.096532821655273
45,33.879150390625
45,28.7896785736084
45,32.85707473754883
45,24.216732025146484
45,32.45417785644531
45,25.628782272338867
45,29.763870239257812
45,33.49477005004883
45,28.55828094482422
45,33.31989669799805
45,32.33155822753906
45,26.653898239135742
45,27.669893264770508
45,29.219602584838867
45,28.149272918701172
45,27.978302001953125
45,33.565673828125
45,25.30821990966797
45,27.999116897583008
45,27.46206283569336
45,31.15238380432129
45,28.71800994873047
45,23.58437728881836
45,27.055938720703125
45,29.375926971435547
45,30.0761661529541
45,31.850852966308594
45,28.611629486083984
45,31.860580444335938
45,30.612024307250977
45,23.99709701538086
45,32.99728012084961
45,33.485260009765625
45,33.25994110107422
45,32.10319900512695
45,27.412797927856445
45,31.857723236083984
45,29.742156982421875
45,31.27870750427246
45,34.075870513916016
45,25.25998878479004
45,30.004697799682617
45,32.729732513427734
45,29.277320861816406
45,30.981603622436523
45,23.428741455078125
45,27.747060775756836
45,28.716299057006836
45,34.518585205078125
45,29.096664428710938
45,31.70467185974121
45,25.73830795288086
45,31.738407135009766
45,29.020286560058594
45,33.515708923339844
45,25.345069885253906
45,30.371673583984375
45,27.440004348754883
45,25.071535110473633
45,33.654136657714844
45,35.127052307128906
45,28.34872055053711
45,32.06067657470703
45,24.149070739746094
45,27.03863525390625
45,29.2980899810791
45,32.37775421142578
45,26.36766242980957
45,31.686824798583984
45,25.105228424072266
45,33.79198455810547
45,30.300342559814453
45,23.293298721313477
45,32.47837829589844
45,31.347003936767578
45,32.01808547973633
45,30.72576141357422
45,30.609865188598633
45,30.497543334960938
45,34.78723907470703
45,24.709671020507812
45,34.63254165649414
45,28.500152587890625
45,33.42209243774414
45,27.45064926147461
45,25.00426483154297
45,31.764583587646484
45,34.34165954589844
45,30.963998794555664
45,31.412883758544922
45,29.713153839111328
45,27.42191505432129
45,36.02204895019531
45,26.96917152404785
45,31.974040985107422
45,32.43918228149414
45,26.911972045898438
45,28.005416870117188
45,31.196229934692383
45,25.01909828186035
45,26.94451904296875
45,31.824298858642578
45,28.97165870666504
45,29.7634220123291
45,27.558042526245117
45,33.46758270263672
45,28.186519622802734
45,23.705421447753906
45,31.93195915222168
45,26.235994338989258
45,28.511062622070312
45,28.329078674316406
45,31.81053352355957
45,33.97444152832031
45,30.067550659179688
45,32.676605224609375
45,26.531356811523438
45,23.928813934326172
45,28.057353973388672
45,31.124980926513672
45,30.353904724121094
45,33.48735046386719
45,27.575759887695312
45,33.02180480957031
45,31.715717315673828
45,31.206085205078125
45,24.5112247467041
45,28.519615173339844
45,32.756126403808594
45,30.257854461669922
45,30.36182403564453
45,25.571849822998047
45,25.784809112548828
45,26.857128143310547
45,31.35936737060547
45,31.839855194091797
45,31.342208862304688
45,28.84581184387207
45,29.53717613220215
45,26.851512908935547
45,32.75016784667969
45,33.1239013671875
45,29.138349533081055
45,31.021703720092773
45,32.966888427734375
45,25.893795013427734
45,27.526796340942383
45,24.660070419311523
45,36.43254470825195
45,30.9436092376709
45,31.378849029541016
45,30.204586029052734
45,29.51803207397461
45,28.190250396728516
45,30.487388610839844
45,25.667125701904297
45,27.622697830200195
45,27.770822525024414
45,24.64447593688965
45,29.70338249206543
45,27.89126205444336
45,31.29874038696289
45,29.73271942138672
45,32.47005844116211
45,26.63657569885254
45,23.54791259765625
45,27.33342170715332
45,27.889549255371094
45,26.919097900390625
45,27.003393173217773
45,31.507408142089844
45,27.22064208984375
45,24.575881958007812
45,34.55561447143555
45,27.616146087646484
45,32.61216354370117
45,26.32660484313965
45,24.072227478027344
45,31.511995315551758
45,31.38304328918457
45,24.99249839782715
45,33.9691162109375
45,27.94544219970703
45,30.41771125793457
45,29.965496063232422
45,33.794044494628906
45,31.47060775756836
45,32.807254791259766
45,28.867219924926758
45,32.804115295410156
45,27.332834243774414
45,27.191295623779297
45,28.025541305541992
45,23.25861358642578
45,34.922523498535156
45,30.03818130493164
45,30.601083755493164
45,35.0745735168457
45,30.063995361328125
45,27.442245483398438
45,33.11714553833008
45,33.271663665771484
45,29.750926971435547
45,28.910459518432617
45,27.36109161376953
45,32.39592361450195
45,32.664302825927734
45,30.079618453979492
45,29.95949935913086
45,32.023902893066406
45,33.04733657836914
45,26.24041748046875
45,28.39409065246582
45,27.08478546142578
45,27.996801376342773
45,24.454761505126953
45,24.90114402770996
45,31.56209945678711
45,27.456876754760742
45,25.572742462158203
45,32.066280364990234
45,25.931556701660156
45,31.37618064880371
45,26.89258575439453
45,24.162395477294922
45,26.301027297973633
45,28.0692081451416
45,28.279069900512695
45,27.347448348999023
45,32.621185302734375
45,34.07725524902344
45,33.11981964111328
45,32.65448760986328
45,24.97257423400879
45,25.795345306396484
45,25.885398864746094
45,36.02099609375
45,26.24966049194336
45,27.489742279052734
45,31.13360595703125
45,25.19708251953125
45,30.62200164794922
45,33.306583404541016
45,32.44361114501953
45,27.8496150970459
45,34.11555480957031
45,31.554641723632812
45,24.656679153442383
45,31.189254760742188
45,31.20323371887207
45,24.48430061340332
45,27.159208297729492
45,33.50336456298828
45,26.28459930419922
45,27.652660369873047
45,33.992225646972656
45,29.664630889892578
45,32.425533294677734
45,27.80243682861328
45,27.70749855041504
45,32.37630081176758
45,33.903663635253906
45,32.0427360534668
45,31.2144775390625
45,28.556665420532227
45,33.10079574584961
45,33.849979400634766
45,28.429271697998047
45,31.571678161621094
45,31.673248291015625
45,27.240686416625977
45,29.244768142700195
45,24.65125274658203
45,28.73220443725586
45,32.66232681274414
45,29.92144012451172
45,35.12211227416992
45,32.859962463378906
45,27.26886749267578
45,32.45180130004883
45,24.08221435546875
45,33.99759292602539
45,32.06515884399414
45,26.167734146118164
45,31.987594604492188
45,25.05088233947754
45,28.70634651184082
45,25.633974075317383
45,29.01932144165039
45,25.769933700561523
45,31.768463134765625
45,28.382610321044922
45,32.636009216308594
45,28.64386558532715
45,29.546321868896484
45,27.621788024902344
45,31.306503295898438
45,30.208566665649414
45,27.43675994873047
45,32.89815902709961
45,29.178377151489258
45,24.801450729370117
45,25.495630264282227
45,27.327905654907227
45,32.63671112060547
45,31.70685386657715
45,26.046070098876953
45,34.93949890136719
45,34.674766540527344
45,29.96706199645996
45,32.11560821533203
45,26.46926498413086
45,24.598127365112305
45,30.942638397216797
45,24.890169143676758
45,25.675935745239258
45,28.482200622558594
45,29.6602725982666
45,27.99427604675293
45,25.330293655395508
45,29.72918128967285
45,27.40152931213379
45,33.15596389770508
45,29.79994773864746
45,30.103744506835938
45,30.43039321899414
45,29.35866355895996
45,32.87184524536133
45,28.18772315979004
45,32.45052719116211
45,25.969928741455078
45,26.052387237548828
45,26.1197566986084
45,31.632339477539062
45,29.689483642578125
45,32.840415954589844
45,29.411447525024414
45,24.38654327392578
45,31.26415252685547
45,30.85426139831543
45,25.55938148498535
45,31.167299270629883
45,25.42896270751953
45,31.854511260986328
45,26.953014373779297
45,28.961074829101562
45,32.344520568847656
45,25.370691299438477
45,33.17464828491211
45,27.621356964111328
45,25.096391677856445
45,29.441890716552734
45,30.40963363647461
45,28.255556106567383
45,27.235607147216797
45,34.566246032714844
45,28.867868423461914
45,32.930118560791016
45,28.84400177001953
45,33.108394622802734
45,25.106983184814453
45,32.43162536621094
45,27.501453399658203
45,29.377838134765625
45,28.976781845092773
45,28.85955047607422
45,23.55219268798828
45,27.470439910888672
45,31.250837326049805
45,27.381187438964844
45,26.341585159301758
45,29.845348358154297
45,29.28326416015625
45,28.27151107788086
45,28.243732452392578
45,23.850093841552734
45,33.47478103637695
45,27.74091339111328
45,29.7436580657959
45,28.984905242919922
45,25.95945930480957
45,32.9123649597168
45,33.430259704589844
45,32.93462371826172
45,30.52770233154297
45,28.96465492248535
45,32.92674255371094
45,29.872203826904297
45,23.727294921875
45,28.622882843017578
45,26.383268356323242
45,34.13274002075195
45,25.648828506469727
45,27.403928756713867
45,27.64988136291504
45,34.02838897705078
45,33.523319244384766
45,24.839757919311523
45,28.012842178344727
45,32.14258575439453
45,32.20030212402344
45,24.682659149169922
45,29.33512306213379
45,25.551612854003906
45,33.24119567871094
45,34.3448486328125
45,31.062461853027344
45,28.030170440673828
45,34.544002532958984
45,25.909969329833984
45,24.261871337890625
45,32.35451889038086
45,31.605419158935547
45,29.749723434448242
45,32.42948532104492
45,34.8236083984375
45,32.53730010986328
45,30.266864776611328
45,26.776947021484375
45,29.268869400024414
45,30.36775779724121
45,31.575939178466797
45,29.450695037841797
45,28.76192283630371
45,28.890275955200195
45,31.091869354248047
45,25.47873306274414
45,27.285104751586914
45,33.83522415161133
45,28.541276931762695
45,33.73282241821289
45,29.58127784729004
45,23.861602783203125
45,25.27142333984375
45,32.507022857666016
45,28.081361770629883
45,32.210174560546875
45,27.53095245361328
45,35.23767852783203
45,28.52985191345215
45,31.594968795776367
45,29.595537185668945
45,28.44582176208496
45,33.54741287231445
45,26.20224952697754
45,27.09678077697754
45,25.593708038330078
45,28.875030517578125
45,32.76121139526367
45,24.069801330566406
45,32.74964904785156
45,34.9688720703125
45,32.666831970214844
45,30.847017288208008
45,26.4376220703125
45,29.69338607788086
45,31.412139892578125
45,32.17976760864258
45,29.659339904785156
45,27.7535343170166
45,28.179332733154297
45,29.159643173217773
45,24.317874908447266
45,27.04123878479004
45,30.217937469482422
45,26.057931900024414
45,26.467754364013672
45,29.75697135925293
45,27.396638870239258
45,27.423381805419922
45,27.744510650634766
45,27.553680419921875
45,30.921926498413086
45,32.85430145263672
45,31.668821334838867
45,25.715476989746094
45,28.887798309326172
45,24.844091415405273
45,33.85690689086914
45,32.818359375
45,25.684383392333984
45,32.7346076965332
45,27.962453842163086
45,29.80977439880371
45,26.95220375061035
45,24.344345092773438
45,28.048507690429688
45,33.40938186645508
45,28.004846572875977
45,33.47901916503906
45,28.99066925048828
45,31.310121536254883
45,32.66880798339844
45,31.4898681640625
45,34.30506896972656
45,25.656484603881836
45,32.20055389404297
45,29.846033096313477
45,28.545839309692383
45,24.960960388183594
45,32.880104064941406
45,25.82146453857422
45,29.318357467651367
45,26.824188232421875
45,27.370746612548828
45,33.72724533081055
45,34.127079010009766
45,30.69767951965332
45,35.074310302734375
45,29.35856056213379
45,31.92682647705078
45,29.212371826171875
45,23.69455337524414
45,35.04252243041992
45,26.94811248779297
45,25.826725006103516
45,29.07982063293457
45,27.9154052734375
45,27.61124610900879
45,27.734416961669922
45,31.918209075927734
45,30.438949584960938
45,32.935794830322266
45,28.215009689331055
45,29.831619262695312
45,30.468616485595703
45,26.110437393188477
45,32.65150833129883
45,28.995553970336914
45,30.497394561767578
45,31.772235870361328
45,27.532245635986328
45,24.909648895263672
45,34.1550178527832
45,26.299190521240234
45,32.00384521484375
45,26.841205596923828
45,30.98558807373047
45,25.18227195739746
45,27.31946563720703
45,32.20607376098633
45,27.112438201904297
45,26.688644409179688
45,26.04471206665039
45,25.66892433166504
45,25.5848388671875
45,28.50871467590332
45,28.170692443847656
45,33.95325469970703
45,23.736751556396484
45,32.7451171875
45,32.152923583984375
45,28.532958984375
45,25.313669204711914
45,29.684612274169922
45,27.737308502197266
45,24.786561965942383
45,28.464719772338867
45,33.30788803100586
45,32.813106536865234
45,25.640546798706055
45,26.855175018310547
45,31.940195083618164
45,32.79079818725586
45,26.576152801513672
45,27.863378524780273
45,26.887256622314453
45,31.958097457885742
45,28.415184020996094
45,25.886730194091797
45,24.542818069458008
45,32.67890930175781
45,34.06767654418945
45,31.595596313476562
45,34.947731018066406
45,26.639415740966797
45,28.82893180847168
45,28.86585235595703
45,35.519927978515625
45,32.1585693359375
45,33.69246292114258
45,34.08266830444336
45,33.00611877441406
45,28.839704513549805
45,25.481983184814453
45,28.5871639251709
45,29.083213806152344
45,27.088659286499023
45,31.649681091308594
45,33.372283935546875
45,26.083534240722656
45,28.010900497436523
45,32.30478286743164
45,32.45767593383789
45,30.92820930480957
45,24.452289581298828
45,26.113588333129883
45,33.16175842285156
45,32.774932861328125
45,27.539453506469727
45,24.80480194091797
45,33.260459899902344
45,23.832473754882812
45,34.99347686767578
45,31.91029930114746
45,24.339529037475586
45,23.005043029785156
45,23.7069091796875
45,27.662633895874023
45,32.75432586669922
45,28.823604583740234
45,27.467029571533203
45,29.098312377929688
45,29.635786056518555
45,27.424264907836914
45,31.31888771057129
45,31.573896408081055
45,27.666990280151367
45,25.52191734313965
45,33.97434997558594
45,33.26387405395508
45,27.754608154296875
45,32.42304229736328
45,32.754066467285156
45,33.79124450683594
45,29.55182647705078
45,29.249269485473633
45,28.173547744750977
45,32.92174530029297
45,32.8991584777832
45,32.739036560058594
45,31.874292373657227
45,26.119056701660156
45,30.073123931884766
45,31.903310775756836
45,27.308839797973633
45,26.999313354492188
45,32.43217849731445
45,31.396026611328125
45,29.83763885498047
45,27.93161392211914
45,25.539566040039062
45,30.44082260131836
45,30.072839736938477
45,24.83850860595703
45,27.94767189025879
45,28.519771575927734
45,33.05522537231445
45,27.84783363342285
45,25.794475555419922
45,32.88401794433594
45,32.71217727661133
45,24.376495361328125
45,29.36787223815918
45,28.22791862487793
45,25.11452293395996
45,25.32380485534668
45,28.760583877563477
45,29.673603057861328
45,27.875144958496094
45,35.10139465332031
45,28.446062088012695
45,30.639114379882812
45,24.06031036376953
45,27.84168243408203
45,26.735645294189453
45,28.2550048828125
45,31.58295249938965
45,25.946924209594727
45,28.772794723510742
45,32.16623306274414
45,26.65587615966797
45,28.722614288330078
45,31.69550323486328
45,32.6389045715332
45,28.261560440063477
45,26.632564544677734
45,34.62487030029297
45,30.858135223388672
45,28.119579315185547
45,32.3046989440918
45,27.64655876159668
45,30.103172302246094
45,26.686809539794922
45,33.613224029541016
45,27.037004470825195
45,23.740196228027344
45,28.924776077270508
45,34.96556091308594
45,25.94896125793457
45,29.137365341186523
45,24.216859817504883
45,32.46456527709961
45,33.122257232666016
45,28.805278778076172
45,25.201744079589844
45,25.47500991821289
45,27.905193328857422
45,25.31695556640625
45,26.457630157470703
45,29.976465225219727
45,28.784961700439453
45,28.68365478515625
45,28.617204666137695
45,24.18277359008789
45,28.84722328186035
45,25.702768325805664
45,33.56595230102539
45,28.618106842041016
45,33.370140075683594
45,28.58872413635254
45,30.76677703857422
45,32.779781341552734
45,29.619359970092773
45,33.130069732666016
45,25.14099884033203
45,24.400409698486328
45,31.3179874420166
45,34.07884216308594
45,27.6175594329834
45,23.808208465576172
45,25.66221046447754
45,27.239559173583984
45,31.062833786010742
45,28.986637115478516
45,31.776039123535156
45,29.491878509521484
45,31.432880401611328
45,28.17559242248535
45,28.979740142822266
45,28.23902702331543
45,32.02838897705078
45,28.703960418701172
45,24.146739959716797
45,33.4267692565918
45,28.7633056640625
45,28.685710906982422
45,34.50358963012695
45,31.395462036132812
45,34.16677474975586
45,29.78091812133789
45,28.664535522460938
45,32.5565071105957
45,33.114566802978516
45,28.420631408691406
45,25.040102005004883
45,25.325063705444336
45,31.599334716796875
45,25.503942489624023
45,33.7698974609375
45,27.011869430541992
45,27.149240493774414
45,34.69172668457031
45,24.552139282226562
45,28.682518005371094
45,24.514070510864258
45,31.703197479248047
45,28.101184844970703
45,26.917333602905273
45,31.165876388549805
45,25.95692253112793
45,28.4974365234375
45,24.469589233398438
45,30.839324951171875
45,34.09263229370117
45,24.863616943359375
45,28.46412467956543
45,29.119220733642578
45,28.955581665039062
45,27.9517879486084
45,26.73821449279785
45,26.31471824645996
45,30.677932739257812
45,32.16159439086914
45,26.789241790771484
45,31.011131286621094
45,33.157867431640625
45,23.501699447631836
45,34.56491470336914
45,32.76591491699219
45,31.752208709716797
45,30.939279556274414
45,27.721906661987305
45,33.09966278076172
45,27.82607078552246
45,34.161720275878906
45,27.3502140045166
45,30.644865036010742
45,25.243162155151367
45,28.603885650634766
45,26.58473014831543
45,28.023191452026367
45,28.907665252685547
45,30.922677993774414
45,25.62899398803711
45,26.9580020904541
45,29.29022979736328
45,35.331024169921875
45,26.9716854095459
45,24.907203674316406
45,28.371776580810547
45,27.67966079711914
45,27.38811683654785
45,30.06134605407715
45,31.974605560302734
45,33.69112777709961
45,28.894990921020508
45,29.862545013427734
45,24.263179779052734
45,30.106361389160156
45,24.631561279296875
45,29.399051666259766
45,27.77968406677246
45,32.93384552001953
45,31.7271671295166
45,28.387943267822266
45,31.828079223632812
45,23.972063064575195
45,32.3156852722168
45,29.888946533203125
45,30.253997802734375
45,32.50473403930664
45,28.399255752563477
45,26.970455169677734
45,24.459186553955078
45,32.61511993408203
45,30.249813079833984
45,26.75257682800293
45,27.84990882873535
45,29.07339096069336
45,32.13308334350586
45,27.313386917114258
45,30.026287078857422
45,31.911209106445312
45,26.424407958984375
45,27.142837524414062
45,26.380489349365234
45,32.70600128173828
45,26.938343048095703
45,29.68778419494629
45,27.46499252319336
45,27.573158264160156
45,28.670934677124023
45,26.605716705322266
45,32.905242919921875
45,29.932729721069336
45,27.96538734436035
45,23.937891006469727
45,32.12366485595703
45,33.68695068359375
45,28.042879104614258
45,30.464208602905273
45,32.813011169433594
45,27.850770950317383
45,32.720619201660156
45,33.5022087097168
45,25.73554229736328
45,30.42300796508789
45,26.584270477294922
45,25.159404754638672
45,34.87702178955078
45,26.517799377441406
45,28.24315643310547
45,27.1757869720459
45,25.821086883544922
45,29.377899169921875
45,26.78150749206543
45,29.877857208251953
45,29.771316528320312
45,28.489147186279297
45,32.25995635986328
45,32.19921112060547
45,34.07295227050781
45,26.752649307250977
45,25.373722076416016
45,34.1240119934082
45,32.54212951660156
45,31.25351905822754
45,32.59675216674805
45,28.253196716308594
45,29.151874542236328
45,32.23915481567383
45,32.62665939331055
45,27.64168357849121
45,30.81032371520996
45,28.222917556762695
45,33.37333679199219
45,31.942852020263672
45,29.8747615814209
45,30.55408477783203
45,27.32456398010254
45,33.538169860839844
45,33.6694221496582
45,34.26091384887695
45,25.143037796020508
45,27.774484634399414
45,34.18162155151367
45,31.051244735717773
45,30.13947296142578
45,28.98839569091797
45,26.313983917236328
45,28.700895309448242
45,28.41036033630371
45,29.519914627075195
45,26.320022583007812
45,25.348831176757812
45,28.749509811401367
45,25.738513946533203
45,28.137853622436523
45,27.789737701416016
45,33.666439056396484
45,30.112895965576172
45,28.282760620117188
45,27.56886100769043
45,33.26054000854492
45,29.716449737548828
45,24.747285842895508
45,26.98161506652832
45,33.20623016357422
45,24.502830505371094
45,27.838863372802734
45,29.803218841552734
45,26.19900131225586
45,25.03793716430664
45,27.068973541259766
45,33.853538513183594
45,33.999515533447266
45,31.90818214416504
45,29.679996490478516
45,31.762554168701172
45,28.4032039642334
45,29.8137264251709
45,31.742229461669922
45,26.855993270874023
45,34.26406478881836
45,24.969818115234375
45,27.395395278930664
45,30.588533401489258
45,31.404464721679688
45,29.728647232055664
45,34.28252410888672
45,34.073753356933594
45,32.62683868408203
45,26.113248825073242
45,29.10234260559082
45,28.60960578918457
45,25.228557586669922
45,31.38693618774414
45,29.33812713623047
45,33.824974060058594
45,29.256423950195312
45,27.62274932861328
45,24.929122924804688
45,29.92247772216797
45,28.410512924194336
45,26.568998336791992
45,33.63914489746094
45,34.6181526184082
45,33.494266510009766
45,32.39076614379883
45,29.11573600769043
45,33.48085021972656
45,32.665340423583984
45,28.205583572387695
45,32.852149963378906
45,30.472248077392578
45,28.736488342285156
45,32.08656692504883
45,25.57048797607422
45,30.4716796875
45,33.03396224975586
45,29.77511978149414
45,31.732419967651367
45,24.598264694213867
45,24.617769241333008
45,24.09389877319336
45,31.348407745361328
45,25.86597442626953
45,29.664196014404297
45,28.602184295654297
45,32.445228576660156
45,28.301300048828125
45,30.772296905517578
45,24.545856475830078
45,26.628562927246094
45,29.84092140197754
45,27.066299438476562
45,24.616268157958984
45,29.865060806274414
45,32.90665817260742
45,27.152708053588867
45,31.162384033203125
45,25.83275604248047
45,26.16840362548828
45,35.460880279541016
45,26.962203979492188
45,30.19532012939453
45,29.236894607543945
45,27.337055206298828
45,33.731021881103516
45,30.843124389648438
45,23.94477081298828
45,34.5782356262207
45,33.79913330078125
45,29.8076114654541
45,26.044204711914062
45,26.60106086730957
45,31.3599853515625
45,32.18549346923828
45,28.06214141845703
45,30.250741958618164
45,29.077360153198242
45,32.53232955932617
45,30.22178840637207
45,33.730804443359375
45,23.811548233032227
45,31.504802703857422
45,32.109405517578125
45,32.19447708129883
45,29.11975860595703
45,26.91679573059082
45,30.869930267333984
45,28.990543365478516
45,33.23828125
45,34.71369934082031
45,30.972620010375977
45,25.853357315063477
45,32.64512252807617
45,24.87234115600586
45,24.10011100769043
45,30.188825607299805
45,26.25320816040039
45,26.688770294189453
45,27.887954711914062
45,25.489948272705078
45,25.250667572021484
45,27.115039825439453
45,31.914634704589844
45,28.35297966003418
45,29.710651397705078
45,27.584556579589844
45,33.64997863769531
45,27.685283660888672
45,26.560304641723633
45,29.488935470581055
45,32.97847366333008
45,30.321109771728516
45,30.475543975830078
45,29.653606414794922
45,28.904041290283203
45,30.361427307128906
45,32.216068267822266
45,34.176918029785156
45,32.708553314208984
45,34.62279510498047
45,24.977737426757812
45,35.90239334106445
45,31.052671432495117
45,27.487165451049805
45,28.485979080200195
45,25.977869033813477
45,24.3062801361084
45,32.42237854003906
45,26.99140739440918
45,35.45486068725586
45,31.788658142089844
45,30.185993194580078
45,26.09463119506836
45,29.058351516723633
45,27.219968795776367
45,28.41172218322754
45,32.564781188964844
45,32.01826477050781
45,33.86914825439453
45,34.103485107421875
45,33.93581008911133
45,29.590003967285156
45,27.1289119720459
45,26.446680068969727
45,28.96843147277832
45,25.613380432128906
45,28.98028564453125
45,33.0405158996582
45,28.546493530273438
45,30.7729549407959
45,32.36665344238281
45,31.40315055847168
45,33.103973388671875
45,28.735692977905273
45,25.442337036132812
45,33.98579406738281
45,29.981264114379883
45,31.29044532775879
45,33.57435989379883
45,32.90454864501953
45,32.88948440551758
45,24.378482818603516
45,34.39250946044922
45,32.62668228149414
45,32.50861358642578
45,28.630828857421875
45,31.492849349975586
45,26.55287742614746
45,28.033449172973633
45,31.686800003051758
45,32.627708435058594
45,27.58827781677246
45,32.98458480834961
45,32.16847229003906
45,32.073516845703125
45,31.26848602294922
45,28.354246139526367
45,28.008068084716797
45,24.85677146911621
45,33.69676208496094
45,30.633710861206055
45,32.40238952636719
45,23.969871520996094
45,33.17396545410156
45,33.16307830810547
45,31.1011962890625
45,33.114097595214844
45,25.967073440551758
45,30.970935821533203
45,33.96324157714844
45,28.38123321533203
45,32.752891540527344
45,27.749406814575195
45,34.00637435913086
45,26.58899688720703
45,24.33587646484375
45,26.957115173339844
45,26.46895408630371
45,26.70661735534668
45,27.786853790283203
45,30.842967987060547
45,30.449203491210938
45,32.627906799316406
45,25.8781795501709
45,31.018329620361328
45,34.97803497314453
45,34.012691497802734
45,34.228904724121094
45,26.377307891845703
45,28.13390350341797
45,27.746376037597656
45,33.03248977661133
45,29.328052520751953
45,24.528697967529297
45,32.21194839477539
45,29.160762786865234
45,32.2082633972168
45,26.991064071655273
45,25.43254280090332
45,24.82884407043457
45,29.117464065551758
45,29.421483993530273
45,34.97036361694336
45,31.002174377441406
45,29.60517692565918
45,26.929443359375
45,33.390811920166016
45,27.3394832611084
45,24.475875854492188
45,26.381555557250977
45,31.705121994018555
45,32.42729568481445
45,27.50949478149414
45,26.160926818847656
45,29.29200553894043
45,30.946670532226562
45,31.342391967773438
45,29.408447265625
45,29.586137771606445
45,30.814170837402344
45,27.72086524963379
45,25.42542266845703
45,33.640708923339844
45,26.430946350097656
45,27.494190216064453
45,28.277301788330078
45,25.416229248046875
45,35.31366729736328
45,27.28170394897461
45,31.17264747619629
45,29.093015670776367
45,30.30380630493164
45,31.636493682861328
45,28.458648681640625
45,27.377119064331055
45,32.45480728149414
45,26.92424201965332
45,33.051788330078125
45,30.165117263793945
45,33.281986236572266
45,28.006568908691406
45,25.18495750427246
45,31.302568435668945
45,26.609975814819336
45,29.357479095458984
45,25.099905014038086
45,28.544586181640625
45,27.016685485839844
45,27.69327735900879
45,24.90279769897461
45,26.26696014404297
45,31.343976974487305
45,30.184816360473633
45,31.095674514770508
45,28.345855712890625
45,34.092918395996094
45,31.06173324584961
45,34.932350158691406
45,32.8087272644043
45,29.186206817626953
45,29.446163177490234
45,30.372684478759766
45,30.44754409790039
45,29.080062866210938
45,26.667400360107422
45,31.433765411376953
45,35.30093765258789
45,30.99360466003418
45,24.022552490234375
45,30.247661590576172
45,27.369449615478516
45,34.66798400878906
45,26.113052368164062
45,30.791942596435547
45,29.23640251159668
45,32.5775146484375
45,29.154069900512695
45,26.035966873168945
45,31.106155395507812
45,29.344961166381836
45,25.751827239990234
45,29.344942092895508
45,24.44829750061035
45,30.152034759521484
45,25.640439987182617
45,31.904497146606445
45,33.087398529052734
45,26.262432098388672
45,26.895498275756836
45,29.231782913208008
45,31.746532440185547
45,30.054943084716797
45,31.369905471801758
45,25.37003517150879
45,28.61617088317871
45,32.34096908569336
45,29.190162658691406
45,27.271259307861328
45,24.264039993286133
45,33.10343551635742
45,25.056865692138672
45,30.306886672973633
45,28.119150161743164
45,30.5015869140625
45,33.64544677734375
45,27.927824020385742
45,33.56844711303711
45,29.753589630126953
45,28.039085388183594
45,28.134300231933594
45,28.354331970214844
45,32.32980728149414
45,29.995128631591797
45,26.54539680480957
45,30.033771514892578
45,32.122520446777344
45,32.26449966430664
45,30.19211196899414
45,26.276893615722656
45,31.843578338623047
45,24.45694923400879
45,24.847658157348633
45,32.188819885253906
45,33.08945083618164
45,32.80036163330078
45,24.325422286987305
45,28.450593948364258
45,32.390132904052734
45,24.609174728393555
45,33.00338363647461
45,27.917938232421875
45,31.73276138305664
45,26.456851959228516
45,33.760353088378906
45,26.8684024810791
45,34.084442138671875
45,32.65262222290039
45,26.167577743530273
45,28.132442474365234
45,24.654205322265625
45,26.572982788085938
45,33.050010681152344
45,28.494232177734375
45,32.08151626586914
45,28.559627532958984
45,27.977031707763672
45,27.942110061645508
45,30.05811882019043
45,29.720542907714844
45,27.914642333984375
45,29.54560661315918
45,33.10879135131836
45,32.6837158203125
45,27.595958709716797
45,31.17987823486328
45,28.9969539642334
45,31.90829086303711
45,28.33336067199707
45,27.989343643188477
45,32.24284744262695
45,35.090267181396484
45,33.83955764770508
45,27.77611541748047
45,29.260784149169922
45,31.130552291870117
45,30.420991897583008
45,31.024944305419922
45,26.741804122924805
45,30.38921356201172
45,29.943696975708008
45,34.315391540527344
45,27.283960342407227
45,26.865407943725586
45,27.981006622314453
45,25.663028717041016
45,30.091533660888672
45,25.442420959472656
45,28.44058609008789
45,33.382904052734375
45,31.17696762084961
45,26.096065521240234
45,32.92659378051758
45,27.751453399658203
45,28.55545425415039
45,28.232133865356445
45,29.592227935791016
45,29.614511489868164
45,26.394699096679688
45,33.75532531738281
45,33.83089828491211
45,24.663259506225586
45,27.539222717285156
45,26.808822631835938
45,28.84390640258789
45,29.808122634887695
45,23.95718002319336
45,25.08573341369629
45,31.841533660888672
45,29.204044342041016
45,27.492530822753906
45,32.08431625366211
45,26.402381896972656
45,27.669517517089844
45,24.581106185913086
45,29.736515045166016
45,32.928314208984375
45,26.58456039428711
45,29.84372901916504
45,29.94206428527832
45,29.666948318481445
45,24.616565704345703
45,25.59977912902832
45,27.265254974365234
45,27.628005981445312
45,27.043867111206055
45,24.75608253479004
45,26.38950538635254
45,33.28984451293945
45,32.96507263183594
45,32.11686706542969
45,29.358373641967773
45,30.236839294433594
45,28.276546478271484
45,27.84684181213379
45,31.084096908569336
45,29.097524642944336
45,33.673954010009766
45,31.54053497314453
45,32.99185562133789
45,25.895559310913086
45,28.775531768798828
45,33.1571159362793
45,29.688430786132812
45,32.507110595703125
45,27.295879364013672
45,30.208539962768555
45,27.011486053466797
45,25.96648597717285
45,28.629438400268555
45,30.56627655029297
45,27.53243637084961
45,31.637630462646484
45,26.435327529907227
45,26.852163314819336
45,24.593299865722656
45,33.18944549560547
45,28.721712112426758
45,30.129438400268555
45,31.697410583496094
45,29.196537017822266
45,24.297706604003906
45,29.811559677124023
45,29.37643814086914
45,27.34020233154297
45,32.95943832397461
45,29.416645050048828
45,29.33854103088379
45,31.923988342285156
45,26.857940673828125
45,28.861011505126953
45,23.778289794921875
45,32.42561721801758
45,30.763700485229492
45,27.60801887512207
45,26.691329956054688
45,28.80453872680664
45,28.319957733154297
45,26.828916549682617
45,26.645641326904297
45,30.41136360168457
45,27.675268173217773
45,33.57384490966797
45,29.432018280029297
45,25.04032325744629
45,27.843061447143555
45,32.30281066894531
45,24.06093406677246
45,25.716514587402344
45,28.12029457092285
45,30.393220901489258
45,24.476131439208984
45,26.776988983154297
45,29.707645416259766
45,28.133506774902344
45,32.08281707763672
45,30.231294631958008
45,30.65677261352539
45,24.502592086791992
45,29.549327850341797
45,34.06148910522461
45,25.680828094482422
45,32.81427001953125
45,25.178329467773438
45,32.5686149597168
45,25.328079223632812
45,33.28351593017578
45,28.196386337280273
45,30.644535064697266
45,25.203725814819336
45,26.927350997924805
45,25.490169525146484
45,27.760313034057617
45,24.67015266418457
45,23.390426635742188
45,29.82232093811035
45,32.58119201660156
45,32.09607696533203
45,28.406213760375977
45,34.514896392822266
45,28.959259033203125
45,31.188526153564453
45,31.230871200561523
45,32.061500549316406
45,27.409515380859375
45,30.546293258666992
45,27.782203674316406
45,26.782451629638672
45,32.74924087524414
45,32.27305603027344
45,34.540828704833984
45,32.337677001953125
45,25.209211349487305
45,24.22657012939453
45,29.45574951171875
45,28.311155319213867
45,29.47794532775879
45,26.482589721679688
45,29.097305297851562
45,27.647602081298828
45,29.353757858276367
45,35.1407470703125
45,24.583683013916016
45,25.802518844604492
45,26.86905288696289
45,33.667381286621094
45,24.277236938476562
45,32.16911315917969
45,31.655616760253906
45,32.878509521484375
45,26.99344253540039
45,30.41181755065918
45,24.85717010498047
45,24.901893615722656
45,25.32964324951172
45,30.517147064208984
45,31.23421859741211
45,25.810976028442383
45,30.492244720458984
45,24.680171966552734
45,28.36056900024414
45,25.68121337890625
45,33.48865509033203
45,29.94190216064453
45,24.60905647277832
45,31.76711654663086
45,30.69676399230957
45,25.8846378326416
45,35.428070068359375
45,25.06009292602539
45,27.40554428100586
45,28.967437744140625
45,32.40534210205078
45,27.626876831054688
45,33.34380340576172
45,24.513168334960938
45,26.08600425720215
45,29.475109100341797
45,30.72848129272461
45,24.26119613647461
45,33.07002258300781
45,24.657596588134766
45,27.68828010559082
45,30.45711326599121
45,30.917137145996094
45,27.970434188842773
45,24.94538116455078
45,28.56630516052246
45,29.921627044677734
45,33.118370056152344
45,24.98978042602539
45,32.70335006713867
45,30.148256301879883
45,28.95712661743164
45,30.351806640625
45,26.050554275512695
45,30.158069610595703
45,24.882612228393555
45,25.375669479370117
45,27.511249542236328
45,32.19126510620117
45,28.848182678222656
45,29.595577239990234
45,32.87973403930664
45,25.856687545776367
45,27.91849708557129
45,26.850051879882812
45,28.016185760498047
45,27.438966751098633
45,25.658836364746094
45,24.227882385253906
45,28.166723251342773
45,28.58407211303711
45,26.277359008789062
45,25.398059844970703
45,30.865203857421875
45,33.78200149536133
45,32.576904296875
45,24.80515480041504
45,30.5368595123291
45,25.87982940673828
45,25.27597427368164
45,24.42850112915039
45,28.944110870361328
45,30.59449005126953
45,31.224733352661133
45,30.757431030273438
45,24.628860473632812
45,32.665409088134766
45,30.422578811645508
45,25.42093276977539
45,25.753177642822266
45,29.690542221069336
45,32.05302429199219
45,34.1438102722168
45,29.76577377319336
45,28.7174015045166
45,25.160625457763672
45,28.775943756103516
45,33.39098358154297
45,29.520631790161133
45,25.862863540649414
45,24.810068130493164
45,33.01931381225586
45,31.68921661376953
45,29.40461540222168
45,32.19636535644531
45,30.360286712646484
45,30.100997924804688
45,31.792545318603516
45,31.71354103088379
45,24.394060134887695
45,34.978729248046875
45,31.836790084838867
45,26.124462127685547
45,24.62444496154785
45,25.277647018432617
45,27.831663131713867
45,25.20248794555664
45,31.49492835998535
45,26.95524024963379
45,29.13850975036621
45,29.013826370239258
45,27.59356117248535
45,28.728717803955078
45,30.452560424804688
45,27.692758560180664
45,26.329448699951172
45,24.989398956298828
45,25.057374954223633
45,29.634111404418945
45,34.24924087524414
45,29.377315521240234
45,25.733112335205078
45,27.72388458251953
45,30.8885498046875
45,31.938322067260742
45,32.30162048339844
45,31.960811614990234
45,24.253454208374023
45,33.633934020996094
45,27.483980178833008
45,31.973060607910156
45,28.499069213867188
45,27.934255599975586
45,24.525588989257812
45,27.400047302246094
45,26.48387908935547
45,25.68233871459961
45,32.43684387207031
45,33.603458404541016
45,24.961793899536133
45,25.239286422729492
45,29.988012313842773
45,34.03239822387695
45,24.80655860900879
45,25.039596557617188
45,33.445350646972656
45,32.70648193359375
45,24.266353607177734
45,32.56523895263672
45,33.87046432495117
45,33.99693298339844
45,26.634204864501953
45,30.07106590270996
45,29.319259643554688
45,23.811279296875
45,33.485389709472656
45,30.782848358154297
45,25.31385040283203
45,34.985267639160156
45,30.881752014160156
45,32.8618278503418
45,29.433513641357422
45,34.96474075317383
45,32.53193283081055
45,29.721569061279297
45,28.483280181884766
45,28.058378219604492
45,28.307132720947266
45,28.273895263671875
45,27.081161499023438
45,30.6953067779541
45,30.368824005126953
45,34.81148147583008
45,25.884292602539062
45,32.52370071411133
45,26.21481704711914
45,28.404409408569336
45,29.909090042114258
45,34.41653823852539
45,24.677568435668945
45,32.116573333740234
45,29.509714126586914
45,29.6693172454834
45,31.688013076782227
45,33.1370964050293
45,33.41361999511719
45,25.821311950683594
45,26.82329559326172
45,30.62352752685547
45,32.47907638549805
45,29.127498626708984
45,25.443134307861328
45,24.867202758789062
45,31.73269271850586
45,32.57503128051758
45,28.83399772644043
45,30.253507614135742
45,28.595333099365234
45,24.38014793395996
45,29.546276092529297
45,30.46112060546875
45,27.043437957763672
45,30.404491424560547
45,34.09407043457031
45,25.410812377929688
45,31.316627502441406
45,26.877410888671875
45,25.90799331665039
45,33.84007263183594
45,29.801172256469727
45,24.233856201171875
45,36.75635528564453
45,33.170745849609375
45,31.15894889831543
45,28.383874893188477
45,25.570999145507812
45,30.789653778076172
45,28.85434913635254
45,25.07899284362793
45,30.792377471923828
45,32.612632751464844
45,23.808013916015625
45,28.535673141479492
45,27.550518035888672
45,29.37550926208496
45,33.56650924682617
45,27.14019775390625
45,34.38026428222656
45,27.351333618164062
45,26.876726150512695
45,30.158369064331055
45,27.65947914123535
45,24.456592559814453
45,26.604278564453125
45,33.392696380615234
45,27.444841384887695
45,25.55302619934082
45,28.74161720275879
45,25.195127487182617
45,34.130611419677734
45,27.231887817382812
45,28.236553192138672
45,29.596208572387695
45,29.565956115722656
45,32.38677215576172
45,33.88829040527344
45,34.29684066772461
45,24.522167205810547
45,24.95642852783203
45,27.055065155029297
45,23.837244033813477
45,29.90265655517578
45,32.236751556396484
45,27.70014190673828
45,27.964792251586914
45,33.01770782470703
45,24.765426635742188
45,26.408597946166992
45,33.94374084472656
45,27.91632652282715
45,30.480300903320312
45,33.61024475097656
45,34.199607849121094
45,33.96284103393555
45,32.305023193359375
45,26.802066802978516
45,31.25516128540039
45,30.361576080322266
45,27.840089797973633
45,29.78409194946289
45,28.57294464111328
45,31.296157836914062
45,29.099756240844727
45,27.777753829956055
45,24.392072677612305
45,34.45284652709961
45,25.98320770263672
45,29.047863006591797
45,27.233976364135742
45,30.3575496673584
45,28.578594207763672
45,32.65389633178711
45,25.047382354736328
45,26.420454025268555
45,26.222482681274414
45,23.102283477783203
45,29.70789909362793
45,32.397682189941406
45,30.024015426635742
45,33.605621337890625
45,30.408794403076172
45,29.691303253173828
45,33.22209548950195
45,31.138883590698242
45,26.19496726989746
45,31.87633514404297
45,32.57954025268555
45,34.43718338012695
45,34.10055923461914
45,29.82354736328125
45,30.845230102539062
45,25.60972785949707
45,31.289960861206055
45,33.17957305908203
45,25.356182098388672
45,28.828815460205078
45,26.44290542602539
45,34.91350173950195
45,28.84884262084961
45,30.85102653503418
45,30.34964942932129
45,31.12823486328125
45,26.726757049560547
45,31.881587982177734
45,27.335969924926758
45,33.4442138671875
45,26.014827728271484
45,25.45611572265625
45,25.448226928710938
45,32.388668060302734
45,30.00200653076172
45,33.246604919433594
45,30.13759994506836
45,24.961320877075195
45,27.016864776611328
45,27.807666778564453
45,34.43202209472656
45,33.506900787353516
45,32.15785217285156
45,26.092878341674805
45,35.41366195678711
45,27.77936553955078
45,27.241809844970703
45,27.731985092163086
45,30.850618362426758
45,29.250686645507812
45,24.295780181884766
45,30.865304946899414
45,33.14432144165039
45,25.818265914916992
45,29.316160202026367
45,26.430068969726562
45,35.37546157836914
45,32.304908752441406
45,30.630210876464844
45,37.28416442871094
45,30.533119201660156
45,31.897489547729492
45,31.3776912689209
45,27.662578582763672
45,34.12872314453125
45,30.96162986755371
45,25.377822875976562
45,26.009193420410156
45,26.318681716918945
45,32.172088623046875
45,32.866233825683594
45,33.15210723876953
45,31.672353744506836
45,33.40203094482422
45,31.837129592895508
45,31.9676513671875
45,26.640993118286133
45,31.9274845123291
45,24.767969131469727
45,32.308570861816406
45,25.35862159729004
45,35.73915100097656
45,26.381431579589844
45,33.54022216796875
45,32.53520202636719
45,29.844694137573242
45,28.755172729492188
45,32.449684143066406
45,26.853984832763672
45,24.91565704345703
45,25.341140747070312
45,36.25828552246094
45,29.63149642944336
45,34.15229797363281
45,31.629152297973633
45,27.884965896606445
45,28.588220596313477
45,36.27354049682617
45,25.87948989868164
45,26.37506675720215
45,30.07686996459961
45,25.029407501220703
45,26.482967376708984
45,29.49461555480957
45,24.352108001708984
45,26.368976593017578
45,24.731420516967773
45,34.47852325439453
45,26.185474395751953
45,24.66699981689453
45,34.56245422363281
45,29.79587173461914
45,33.38328170776367
45,32.74938201904297
45,24.998987197875977
45,28.015153884887695
45,33.43622970581055
45,25.29821014404297
45,32.826473236083984
45,25.94406509399414
45,29.426841735839844
45,26.90372085571289
45,28.995115280151367
45,33.024620056152344
45,26.577987670898438
45,25.039335250854492
45,33.47624206542969
45,31.110572814941406
45,28.292936325073242
45,24.381698608398438
45,28.332767486572266
45,32.830020904541016
45,31.2863826751709
45,26.963531494140625
45,34.389793395996094
45,30.814790725708008
45,33.240177154541016
45,27.209064483642578
45,28.677392959594727
45,28.29041290283203
45,30.90744972229004
45,32.705997467041016
45,29.285438537597656
45,27.42041778564453
45,31.287769317626953
45,34.3502197265625
45,34.50927734375
45,27.913333892822266
45,31.79979705810547
45,28.397340774536133
45,33.177032470703125
45,24.801645278930664
45,30.486404418945312
45,31.81116485595703
45,28.2699031829834
45,31.65235710144043
45,26.917749404907227
45,29.66817283630371
45,27.336050033569336
45,25.659954071044922
45,28.47671890258789
45,27.33643341064453
45,28.449892044067383
45,30.042247772216797
45,27.205726623535156
45,28.035903930664062
45,32.81217575073242
45,33.10490036010742
45,26.38951301574707
45,28.19948387145996
45,24.244583129882812
45,24.473073959350586
45,29.076305389404297
45,25.139427185058594
45,26.105695724487305
45,26.461483001708984
45,28.012832641601562
45,33.938011169433594
45,31.638614654541016
45,27.57750129699707
45,35.0306396484375
45,28.748674392700195
45,32.918052673339844
45,26.69263458251953
45,31.809961318969727
45,28.401386260986328
45,27.578018188476562
45,31.62725830078125
45,24.301271438598633
45,32.347843170166016
45,28.971237182617188
45,31.325429916381836
45,25.057697296142578
45,28.049299240112305
45,24.35379981994629
45,27.516077041625977
45,32.77003479003906
45,32.93037414550781
45,27.255144119262695
45,27.853853225708008
45,29.46607780456543
45,31.932470321655273
45,27.44416046142578
45,25.087007522583008
45,28.824485778808594
45,28.564640045166016
45,32.1342887878418
45,27.909198760986328
45,30.293987274169922
45,30.9977970123291
45,29.196096420288086
45,25.777856826782227
45,31.162416458129883
45,33.557708740234375
45,26.883893966674805
45,25.178550720214844
45,24.78997230529785
45,26.52604866027832
45,25.092201232910156
45,24.573726654052734
45,30.493194580078125
45,32.72355270385742
45,26.451656341552734
45,27.719228744506836
45,30.832435607910156
45,28.771541595458984
45,33.658260345458984
45,33.010345458984375
45,30.873205184936523
45,25.472942352294922
45,29.007091522216797
45,24.30923843383789
45,29.70402717590332
45,34.0463752746582
45,26.930763244628906
45,32.4422492980957
45,31.22312355041504
45,25.598777770996094
45,25.973249435424805
45,27.41232681274414
45,23.701759338378906
45,34.15937042236328
45,31.465484619140625
45,25.56532096862793
45,32.30535125732422
45,29.980382919311523
45,26.857009887695312
45,25.16120147705078
45,27.640541076660156
45,31.909421920776367
45,33.47773361206055
45,31.132816314697266
45,32.21902847290039
45,31.09386444091797
45,26.097078323364258
45,26.674636840820312
45,24.49797821044922
45,29.489673614501953
45,26.47017478942871
45,25.483184814453125
45,30.968097686767578
45,33.117923736572266
45,28.23548126220703
45,28.028457641601562
45,25.55453872680664
45,27.613052368164062
45,28.39608383178711
45,28.866117477416992
45,24.737117767333984
45,26.009063720703125
45,27.976179122924805
45,26.165239334106445
45,34.414249420166016
45,24.271059036254883
45,27.506988525390625
45,25.031726837158203
45,27.980751037597656
45,29.891462326049805
45,34.492435455322266
45,30.75430679321289
45,25.111392974853516
45,26.873464584350586
45,33.897010803222656
45,31.211532592773438
45,31.763080596923828
45,24.624103546142578
45,25.420175552368164
45,26.097375869750977
45,27.55783462524414
45,32.680320739746094
45,26.21136474609375
45,33.822757720947266
45,30.159372329711914
45,31.67519760131836
45,28.00592041015625
45,27.73701286315918
45,32.71955871582031
45,31.1080322265625
45,29.623838424682617
45,28.71405792236328
45,27.410001754760742
45,27.074892044067383
45,31.23870277404785
45,25.985565185546875
45,32.86939239501953
45,32.6683235168457
45,25.40443229675293
45,32.198604583740234
45,32.65160369873047
45,32.186737060546875
45,25.616785049438477
45,31.96701431274414
45,33.604732513427734
45,27.986257553100586
45,31.08810043334961
45,32.000431060791016
45,30.12057876586914
45,27.83051109313965
45,26.35123062133789
45,28.292991638183594
45,27.391067504882812
45,27.790668487548828
45,27.111452102661133
45,29.556835174560547
45,31.874679565429688
45,28.83375358581543
45,29.145116806030273
45,30.714710235595703
45,26.655515670776367
45,31.175018310546875
45,31.262361526489258
45,31.210222244262695
45,27.096132278442383
45,31.40535545349121
45,33.03742218017578
45,24.329822540283203
45,33.15630340576172
45,31.738353729248047
45,24.382055282592773
45,26.040386199951172
45,27.611141204833984
45,35.74891662597656
45,27.690866470336914
45,30.05809783935547
45,29.62019157409668
45,30.02545928955078
45,29.355382919311523
45,27.692174911499023
45,28.246572494506836
45,25.656471252441406
45,32.58280944824219
45,25.62054443359375
45,32.462791442871094
45,27.90170669555664
45,27.1151065826416
45,26.72994613647461
45,34.372222900390625
45,31.737552642822266
45,24.62944984436035
45,32.744815826416016
45,32.06452941894531
45,32.35297393798828
45,32.48247146606445
45,26.198720932006836
45,33.722900390625
45,30.895315170288086
45,34.03746032714844
45,24.591434478759766
45,26.06761360168457
45,28.12749481201172
45,28.69070053100586
45,33.258296966552734
45,25.46039581298828
45,28.827476501464844
45,26.993343353271484
45,32.678504943847656
45,25.904842376708984
45,27.493776321411133
45,32.991092681884766
45,27.2486629486084
45,30.416296005249023
45,27.383655548095703
45,26.00147247314453
45,34.62952423095703
45,30.406511306762695
45,32.339210510253906
45,27.636842727661133
45,32.73929977416992
45,26.496713638305664
45,29.492843627929688
45,31.393474578857422
45,27.699420928955078
45,30.098079681396484
45,29.94306755065918
45,32.3477897644043
45,31.577219009399414
45,30.31577491760254
45,32.64200973510742
45,34.190185546875
45,25.9119815826416
45,32.57816696166992
45,29.489702224731445
45,32.03373336791992
45,28.365367889404297
45,33.34688949584961
45,28.436922073364258
45,33.79970169067383
45,27.980449676513672
45,28.976314544677734
45,33.131980895996094
45,31.27004623413086
45,24.942188262939453
45,26.334671020507812
45,27.545421600341797
45,32.396488189697266
45,31.173095703125
45,29.374818801879883
45,27.710529327392578
45,28.763343811035156
45,32.78826141357422
45,27.10855484008789
45,33.37382125854492
45,33.088775634765625
45,24.727453231811523
45,32.186580657958984
45,29.395843505859375
45,34.65102767944336
45,33.356048583984375
45,29.02262306213379
45,32.489498138427734
45,26.960710525512695
45,33.032691955566406
45,33.16167449951172
45,34.13894271850586
45,30.183446884155273
45,27.965566635131836
45,33.4183464050293
45,29.826404571533203
45,24.56679916381836
45,23.380229949951172
45,32.41668701171875
45,27.321876525878906
45,28.720661163330078
45,29.258859634399414
45,32.10356140136719
45,32.309120178222656
45,29.543231964111328
45,24.599889755249023
45,24.127323150634766
45,31.590227127075195
45,33.97058868408203
45,29.010156631469727
45,31.172277450561523
45,27.7075138092041
45,29.014793395996094
45,32.79386901855469
45,27.883066177368164
45,31.750150680541992
45,29.178361892700195
45,33.07962417602539
45,26.686235427856445
45,30.594114303588867
45,25.047779083251953
45,24.912324905395508
45,31.737462997436523
45,28.890140533447266
45,32.13883590698242
45,28.211702346801758
45,26.62622833251953
45,31.332334518432617
45,32.1994514465332
45,24.9143009185791
45,31.906673431396484
45,27.47878074645996
45,25.18890380859375
45,30.42630386352539
45,27.704435348510742
45,27.422378540039062
45,24.313922882080078
45,31.552255630493164
45,24.668317794799805
45,24.494417190551758
45,26.607500076293945
45,28.02474021911621
45,24.245018005371094
45,23.670120239257812
45,32.1278076171875
45,30.690189361572266
45,28.89641571044922
45,26.9019718170166
45,30.4648494720459
45,24.843732833862305
45,33.35231399536133
45,30.16823387145996
45,25.154008865356445
45,29.374706268310547
45,27.276613235473633
45,24.759902954101562
45,33.230899810791016
45,33.34156799316406
45,33.01228332519531
45,34.59757995605469
45,33.066707611083984
45,30.669021606445312
45,27.806686401367188
45,33.02375411987305
45,31.05815315246582
45,27.872928619384766
45,29.561054229736328
45,29.733951568603516
45,31.443614959716797
45,28.18052101135254
45,33.10917663574219
45,27.70108985900879
45,25.454965591430664
45,32.12993240356445
45,30.734405517578125
45,24.730430603027344
45,29.539745330810547
45,26.486839294433594
45,24.547958374023438
45,27.52847671508789
45,24.705703735351562
45,28.100492477416992
45,24.74599266052246
45,35.726924896240234
45,35.7220458984375
45,29.43569564819336
45,25.353315353393555
45,24.731124877929688
45,27.54275894165039
45,32.30061721801758
45,29.600778579711914
45,29.480745315551758
45,29.925596237182617
45,33.392845153808594
45,32.595008850097656
45,25.060522079467773
45,27.088701248168945
45,27.86079216003418
45,32.8888053894043
45,32.77634811401367
45,32.395240783691406
45,28.809450149536133
45,32.492286682128906
45,29.146570205688477
45,29.033527374267578
45,25.127338409423828
45,32.7059211730957
45,33.96437072753906
45,27.628124237060547
45,34.59041213989258
45,32.66561508178711
45,26.910701751708984
45,25.11587142944336
45,28.958887100219727
45,28.880809783935547
45,27.900754928588867
45,24.515869140625
45,23.207645416259766
45,27.505525588989258
45,28.86307144165039
45,26.04712677001953
45,31.708873748779297
45,27.78689193725586
45,24.409385681152344
45,24.736873626708984
45,29.290300369262695
45,33.440284729003906
45,26.707168579101562
45,25.50752067565918
45,29.387331008911133
45,29.630971908569336
45,25.737102508544922
45,28.375246047973633
45,31.438505172729492
45,32.549869537353516
45,28.250961303710938
45,29.228919982910156
45,28.85436248779297
45,30.351661682128906
45,28.358036041259766
45,28.871156692504883
45,31.448068618774414
45,28.664852142333984
45,23.442726135253906
45,31.407550811767578
45,26.02838134765625
45,25.16339874267578
45,32.19241714477539
45,29.499656677246094
45,29.286924362182617
45,32.41916275024414
45,26.269641876220703
45,32.223533630371094
45,24.368698120117188
45,28.408369064331055
45,36.632625579833984
45,28.32436752319336
45,25.07353401184082
45,28.965776443481445
45,31.614025115966797
45,25.74956512451172
45,29.86667823791504
45,31.51215934753418
45,23.607555389404297
45,32.07057571411133
45,25.604103088378906
45,29.822465896606445
45,26.39144515991211
45,25.761707305908203
45,31.00166893005371
45,29.624635696411133
45,26.275602340698242
45,28.660552978515625
45,25.671693801879883
45,34.2006721496582
45,25.104124069213867
45,26.884328842163086
45,32.19532012939453
45,25.42957305908203
45,29.962541580200195
45,32.17264175415039
45,25.825531005859375
45,29.426471710205078
45,26.94365119934082
45,31.979461669921875
45,29.618600845336914
45,28.027328491210938
45,31.377899169921875
45,31.703598022460938
45,25.64089012145996
45,29.575233459472656
45,25.533628463745117
45,33.01197052001953
45,26.16363525390625
45,32.59184265136719
45,30.200685501098633
45,26.91323471069336
45,31.688621520996094
45,34.6845817565918
45,34.83634567260742
45,26.224889755249023
45,28.4299373626709
45,25.451690673828125
45,32.37342071533203
45,23.9352970123291
45,29.09521484375
45,30.57465362548828
45,33.06781005859375
45,29.127769470214844
45,30.39991569519043
45,30.20237159729004
45,34.31422424316406
45,31.642791748046875
45,33.262969970703125
45,30.782939910888672
45,26.655921936035156
45,26.486799240112305
45,32.97157287597656
45,30.001632690429688
45,33.08069610595703
45,30.410552978515625
45,34.05833435058594
45,29.062562942504883
45,27.693695068359375
45,26.27142906188965
45,25.531648635864258
45,28.8165225982666
45,28.961700439453125
45,29.443218231201172
45,27.928804397583008
45,32.993141174316406
45,34.50450134277344
45,31.436141967773438
45,28.55026626586914
45,31.95722007751465
45,32.19578170776367
45,33.10095977783203
45,24.59493064880371
45,31.659656524658203
45,26.318531036376953
45,24.01657485961914
45,30.485637664794922
45,25.189664840698242
45,35.253944396972656
45,32.84996032714844
45,33.39461898803711
45,25.385601043701172
45,29.285892486572266
45,24.25406265258789
45,26.70648765563965
45,29.268714904785156
45,28.25115394592285
45,33.31898498535156
45,29.794757843017578
45,27.578134536743164
45,23.859956741333008
45,26.49810218811035
45,26.284955978393555
45,29.50613784790039
45,27.069435119628906
45,24.104957580566406
45,27.58761978149414
45,29.70645523071289
45,27.590774536132812
45,25.155019760131836
45,31.316688537597656
45,33.78525924682617
45,27.88752555847168
45,26.113489151000977
45,30.44279670715332
45,34.27811813354492
45,25.942407608032227
45,28.727079391479492
45,25.97905921936035
45,27.941692352294922
45,30.793527603149414
45,31.502256393432617
45,30.38077163696289
45,34.45246124267578
45,34.18212127685547
45,27.310869216918945
45,28.847820281982422
45,32.94043731689453
45,29.02911376953125
45,32.99225997924805
45,30.69902801513672
45,34.86949920654297
45,33.16480255126953
45,32.03120803833008
45,24.42807388305664
45,31.91079330444336
45,32.264923095703125
45,28.572080612182617
45,30.152433395385742
45,24.05025863647461
45,25.168533325195312
45,30.60640525817871
45,26.089319229125977
45,32.24919509887695
45,28.06390953063965
45,30.41306495666504
45,31.99854278564453
45,30.757301330566406
45,31.097402572631836
45,30.0860595703125
45,33.0056266784668
45,29.54064178466797
45,32.178688049316406
45,25.630451202392578
45,30.883962631225586
45,25.733884811401367
45,33.1080207824707
45,28.727895736694336
45,33.41335678100586
45,23.563312530517578
45,26.49325942993164
45,24.378253936767578
45,28.235620498657227
45,32.70560836791992
45,26.90541648864746
45,31.950223922729492
45,24.172801971435547
45,26.65764045715332
45,28.077836990356445
45,25.540220260620117
45,31.688678741455078
45,30.72123908996582
45,31.00164222717285
45,31.294437408447266
45,29.488609313964844
45,24.70414161682129
45,28.044931411743164
45,30.537925720214844
45,29.620819091796875
45,31.967418670654297
45,31.775697708129883
45,25.827241897583008
45,30.082347869873047
45,35.122623443603516
45,27.909423828125
45,24.881999969482422
45,27.456892013549805
45,30.69922637939453
45,28.29658317565918
45,26.86695098876953
45,24.396337509155273
45,35.36422348022461
45,25.693668365478516
45,26.609451293945312
45,32.33170700073242
45,28.530391693115234
45,27.34026527404785
45,29.115814208984375
45,30.38370704650879
45,27.72260093688965
45,24.923555374145508
45,28.03042221069336
45,25.702220916748047
45,26.128210067749023
45,33.071075439453125
45,30.465463638305664
45,28.725387573242188
45,32.048770904541016
45,29.00649070739746
45,30.065061569213867
45,30.829349517822266
45,31.20948600769043
45,27.71879005432129
45,33.228919982910156
45,25.088464736938477
45,32.11406707763672
45,28.090368270874023
45,32.16299819946289
45,26.11042594909668
45,29.7471866607666
45,32.98811721801758
45,27.44837188720703
45,28.465463638305664
45,31.929481506347656
45,31.802350997924805
45,33.41366195678711
45,27.17828941345215
45,33.7995719909668
45,27.86385154724121
45,27.976869583129883
45,28.513404846191406
45,30.343053817749023
45,34.040130615234375
45,27.064773559570312
45,25.750289916992188
45,32.89590835571289
45,23.653066635131836
45,27.700895309448242
45,25.04021453857422
45,31.568973541259766
45,29.04908561706543
45,30.128437042236328
45,28.121164321899414
45,25.612884521484375
45,30.124425888061523
45,31.1322078704834
45,31.2840576171875
45,29.83439064025879
45,24.602020263671875
45,29.124753952026367
45,33.704505920410156
45,30.1012020111084
45,28.10687828063965
45,31.87762451171875
45,27.783857345581055
45,29.4748592376709
45,27.67380142211914
45,24.73615264892578
45,32.64785385131836
45,30.918930053710938
45,31.011423110961914
45,26.978010177612305
45,31.05298614501953
45,26.073932647705078
45,28.427806854248047
45,31.75350570678711
45,31.637786865234375
45,29.682279586791992
45,24.58434295654297
45,31.856067657470703
45,25.24359893798828
45,24.691925048828125
45,31.031999588012695
45,32.24592208862305
45,24.364683151245117
45,29.39805793762207
45,29.440515518188477
45,28.598188400268555
45,29.57777214050293
45,27.310218811035156
45,27.016258239746094
45,33.18331527709961
45,33.05049514770508
45,25.07644271850586
45,29.49430274963379
45,31.9948787689209
45,32.88208770751953
45,24.37601661682129
45,32.378440856933594
45,27.59188461303711
45,25.9755916595459
45,31.12196159362793
45,27.766721725463867
45,23.503055572509766
45,29.920623779296875
45,35.07646942138672
45,34.61532211303711
45,32.677162170410156
45,27.656633377075195
45,26.80977439880371
45,25.21510124206543
45,33.2337646484375
45,27.559158325195312
45,28.65947151184082
45,33.621280670166016
45,25.025814056396484
45,30.67477798461914
45,32.493247985839844
45,29.833559036254883
45,24.571271896362305
45,32.807613372802734
45,29.00605010986328
45,35.062583923339844
45,33.35736846923828
45,32.69803237915039
45,26.247825622558594
45,25.891141891479492
45,29.02059555053711
45,32.528663635253906
45,28.81844711303711
45,29.211374282836914
45,28.117965698242188
45,25.934383392333984
45,33.62786865234375
45,29.01809310913086
45,32.773826599121094
45,33.22708511352539
45,30.593408584594727
45,32.50092697143555
45,28.293071746826172
45,30.114564895629883
45,29.61429214477539
45,29.695358276367188
45,29.00098419189453
45,30.713672637939453
45,28.114349365234375
45,35.442535400390625
45,28.968948364257812
45,30.688779830932617
45,30.79147720336914
45,31.544143676757812
45,26.719118118286133
45,33.06325149536133
45,27.838233947753906
45,30.91353416442871
45,27.859172821044922
45,27.695106506347656
45,32.09075927734375
45,28.71825408935547
45,33.84150314331055
45,27.8156681060791
45,29.594106674194336
45,26.471284866333008
45,34.4210205078125
45,24.594715118408203
45,27.471811294555664
45,25.313268661499023
45,26.127811431884766
45,33.9805908203125
45,30.679840087890625
45,26.50503158569336
45,29.36345100402832
45,27.84471321105957
45,27.570388793945312
45,32.16938781738281
45,34.248558044433594
45,32.42355728149414
45,31.18301010131836
45,29.685680389404297
45,27.395509719848633
45,30.320369720458984
45,25.569965362548828
45,31.53403091430664
45,33.465999603271484
45,33.625274658203125
45,28.916431427001953
45,32.495201110839844
45,28.34077262878418
45,33.56694412231445
45,27.88471221923828
45,24.81077766418457
45,28.919116973876953
45,24.910184860229492
45,30.489267349243164
45,33.77998352050781
45,33.87263488769531
45,26.969493865966797
45,34.24923324584961
45,30.49657440185547
45,27.697547912597656
45,24.185916900634766
45,26.795452117919922
45,31.449626922607422
45,29.50748062133789
45,27.940404891967773
45,29.449724197387695
45,26.014671325683594
45,29.579002380371094
45,32.100975036621094
45,31.045894622802734
45,32.17547607421875
45,31.518545150756836
45,30.045169830322266
45,28.056283950805664
45,27.528913497924805
45,28.694644927978516
45,31.41832160949707
45,31.233062744140625
45,31.0371150970459
45,29.230113983154297
45,29.399978637695312
45,30.514137268066406
45,30.01986312866211
45,29.261474609375
45,31.72279167175293
45,29.690479278564453
45,30.752788543701172
45,33.28325653076172
45,28.423925399780273
45,25.42578125
45,26.339466094970703
45,24.82354736328125
45,24.846792221069336
45,27.193239212036133
45,32.483558654785156
45,25.968992233276367
45,34.67512130737305
45,25.787965774536133
45,34.160400390625
45,26.627864837646484
45,34.115943908691406
45,29.199100494384766
45,25.933027267456055
45,29.02623748779297
45,29.594181060791016
45,31.63723373413086
45,29.726608276367188
45,24.065156936645508
45,32.35006332397461
45,32.69723892211914
45,27.911348342895508
45,31.45705795288086
45,27.32034683227539
45,29.47515106201172
45,33.00022888183594
45,33.7757568359375
45,29.905733108520508
45,32.737152099609375
45,29.362791061401367
45,32.753318786621094
45,32.45362091064453
45,29.623973846435547
45,32.487152099609375
45,29.13225746154785
45,32.26817321777344
45,27.430856704711914
45,25.718318939208984
45,28.77923011779785
45,32.338619232177734
45,26.034534454345703
45,25.337635040283203
45,36.49144744873047
45,33.33149719238281
45,30.093690872192383
45,24.343698501586914
45,33.29911804199219
45,26.715457916259766
45,32.737144470214844
45,28.046070098876953
45,28.937013626098633
45,27.066831588745117
45,31.515531539916992
45,30.257490158081055
45,27.260656356811523
45,28.60417366027832
45,35.35053634643555
45,25.67942237854004
45,32.932525634765625
45,30.01548194885254
45,27.189531326293945
45,23.894580841064453
45,26.805009841918945
45,31.596540451049805
45,26.63248634338379
45,31.786357879638672
45,24.29941177368164
45,33.007511138916016
45,32.02611541748047
45,32.41791915893555
45,33.12157440185547
45,33.093017578125
45,29.635051727294922
45,27.681482315063477
45,28.010305404663086
45,29.62687110900879
45,27.638450622558594
45,28.373395919799805
45,36.497093200683594
45,29.071720123291016
45,24.572906494140625
45,32.38606262207031
45,28.5325984954834
45,24.80779266357422
45,33.28489303588867
45,26.76900291442871
45,31.252538681030273
45,26.90703773498535
45,32.72837448120117
45,26.23566436767578
45,23.737812042236328
45,33.49279022216797
45,33.71516418457031
45,27.949459075927734
45,29.39687728881836
45,27.624479293823242
45,27.935773849487305
45,35.12042999267578
45,26.13116455078125
45,30.959327697753906
45,28.29824447631836
45,26.916091918945312
45,30.976919174194336
45,35.672569274902344
45,25.76099395751953
45,24.73504066467285
45,30.073219299316406
45,25.133188247680664
45,28.767934799194336
45,34.02036666870117
45,34.75901412963867
45,24.943153381347656
45,32.860862731933594
45,25.553497314453125
45,29.291637420654297
45,24.474102020263672
45,31.7199649810791
45,24.585651397705078
45,31.406774520874023
45,28.46442222595215
45,29.747177124023438
45,32.239131927490234
45,30.498104095458984
45,33.458473205566406
45,27.958049774169922
45,33.76292419433594
45,29.219573974609375
45,27.08055305480957
45,23.308549880981445
45,29.907461166381836
45,29.274505615234375
45,30.53168487548828
45,30.82401466369629
45,29.769521713256836
45,31.47300910949707
45,28.86838150024414
45,31.81275177001953
45,29.639793395996094
45,29.919404983520508
45,33.61649703979492
45,24.793834686279297
45,26.28972053527832
45,31.138442993164062
45,32.18726348876953
45,25.98516273498535
45,30.045568466186523
45,26.523164749145508
45,31.57884979248047
45,26.147966384887695
45,29.054723739624023
45,25.425933837890625
45,33.889976501464844
45,31.81635284423828
45,26.682823181152344
45,27.530195236206055
45,24.83917236328125
45,25.581275939941406
45,25.098283767700195
45,23.919002532958984
45,26.31511878967285
45,30.46723747253418
45,25.883644104003906
45,25.220916748046875
45,27.26288604736328
45,33.93397521972656
45,27.153688430786133
45,32.95998001098633
45,27.175676345825195
45,31.98025894165039
45,26.84160614013672
45,29.787784576416016
45,33.73379898071289
45,30.243566513061523
45,28.633907318115234
45,32.19118881225586
45,23.441225051879883
45,28.266172409057617
45,32.657222747802734
45,33.149497985839844
45,27.62332534790039
45,30.278209686279297
45,31.95321273803711
45,26.291927337646484
45,32.182762145996094
45,32.1180305480957
45,32.1264762878418
45,26.303611755371094
45,31.198261260986328
45,32.035255432128906
45,26.223251342773438
45,33.385772705078125
45,29.96891212463379
45,32.866249084472656
45,33.29274368286133
45,32.666786193847656
45,25.942686080932617
45,26.952556610107422
45,31.815542221069336
45,26.923978805541992
45,32.96919631958008
45,27.558162689208984
45,33.2683219909668
45,31.119035720825195
45,27.469614028930664
45,25.9689884185791
45,25.91301918029785
45,27.899364471435547
45,25.559101104736328
45,28.091657638549805
45,24.74547576904297
45,29.72682762145996
45,33.69517135620117
45,30.178600311279297
45,28.820377349853516
45,29.235809326171875
45,35.17607879638672
45,30.405046463012695
45,24.6552734375
45,32.32087326049805
45,23.41356658935547
45,31.15533447265625
45,32.79604721069336
45,32.09632873535156
45,30.816818237304688
45,33.25117492675781
45,31.041635513305664
45,25.465801239013672
45,24.113853454589844
45,32.97201919555664
45,33.556636810302734
45,25.174612045288086
45,26.806468963623047
45,25.641876220703125
45,35.68205261230469
45,35.196529388427734
45,28.46149444580078
45,32.55657958984375
45,28.017833709716797
45,28.382740020751953
45,33.99638748168945
45,24.87203598022461
45,26.090669631958008
45,30.65024757385254
45,33.344078063964844
45,27.1334228515625
45,33.107662200927734
45,25.80986785888672
45,32.55570602416992
45,27.650529861450195
45,34.387447357177734
45,28.507797241210938
45,27.542926788330078
45,32.97286605834961
45,27.452287673950195
45,24.14663314819336
45,31.877410888671875
45,29.571104049682617
45,33.200748443603516
45,29.196531295776367
45,30.404645919799805
45,27.551542282104492
45,32.813011169433594
45,28.120765686035156
45,27.943300247192383
45,25.177791595458984
45,27.142593383789062
45,34.54249954223633
45,25.25546646118164
45,35.678192138671875
45,24.939346313476562
45,26.556865692138672
45,33.98575973510742
45,24.65436363220215
45,24.231632232666016
45,32.84357833862305
45,31.852670669555664
45,28.4058780670166
45,29.19135284423828
45,32.92494201660156
45,33.880455017089844
45,32.840694427490234
45,25.17292022705078
45,27.17176628112793
45,24.23263931274414
45,24.773773193359375
45,31.625295639038086
45,27.664417266845703
45,24.934717178344727
45,32.04568099975586
45,30.99728012084961
45,29.337289810180664
45,34.46556854248047
45,33.01759719848633
45,29.586395263671875
45,34.33367156982422
45,29.41888427734375
45,36.13296890258789
45,31.765302658081055
45,25.062463760375977
45,28.357620239257812
45,27.061622619628906
45,27.565404891967773
45,27.863988876342773
45,30.144695281982422
45,30.11801528930664
45,29.52174949645996
45,31.23954200744629
45,28.990957260131836
45,27.583711624145508
45,25.288700103759766
45,29.17203712463379
45,34.57035827636719
45,27.088008880615234
45,28.40948486328125
45,27.289464950561523
45,28.008398056030273
45,30.96510124206543
45,31.44782066345215
45,24.75046157836914
45,28.256582260131836
45,32.53603744506836
45,28.12590789794922
45,33.348148345947266
45,26.627174377441406
45,24.779197692871094
45,28.520610809326172
45,25.326797485351562
45,26.831438064575195
45,25.30271339416504
45,24.075069427490234
45,29.558837890625
45,26.953594207763672
45,32.648399353027344
45,26.09280014038086
45,27.482952117919922
45,27.1793212890625
45,28.668519973754883
45,24.764429092407227
45,31.580472946166992
45,26.679269790649414
45,29.898841857910156
45,26.712553024291992
45,33.48979568481445
45,34.438926696777344
45,34.94624328613281
45,31.149593353271484
45,28.816802978515625
45,30.195575714111328
45,25.928760528564453
45,24.58669090270996
45,25.077800750732422
45,31.110275268554688
45,29.72714614868164
45,32.019317626953125
45,32.061058044433594
45,31.322065353393555
45,26.136343002319336
45,28.118928909301758
45,30.225439071655273
45,24.09332275390625
45,24.827638626098633
45,28.00489044189453
45,32.17421340942383
45,31.195362091064453
45,33.210262298583984
45,31.48345947265625
45,33.32052993774414
45,27.064376831054688
45,31.073888778686523
45,27.326927185058594
45,34.85417938232422
45,32.27227020263672
45,32.65095901489258
45,29.938081741333008
45,30.74044418334961
45,24.83554458618164
45,29.42283821105957
45,27.891267776489258
45,30.098630905151367
45,29.77239990234375
45,28.153907775878906
45,31.374591827392578
45,26.620359420776367
45,31.890966415405273
45,31.75583267211914
45,36.03182601928711
45,23.28349494934082
45,32.34211730957031
45,30.352291107177734
45,31.753435134887695
45,33.06026077270508
45,25.63787078857422
45,25.825956344604492
45,25.03239631652832
45,32.23698806762695
45,27.359561920166016
45,31.75005531311035
45,32.2911376953125
45,24.558889389038086
45,25.26418685913086
45,31.329038619995117
45,25.135204315185547
45,30.242599487304688
45,25.2413387298584
45,30.379051208496094
45,31.140642166137695
45,32.3055419921875
45,27.036165237426758
45,29.726041793823242
45,25.353376388549805
45,33.53065490722656
45,28.443252563476562
45,33.640968322753906
45,27.302186965942383
45,25.913904190063477
45,26.291017532348633
45,32.103363037109375
45,26.158056259155273
45,28.322105407714844
45,28.27797508239746
45,27.910167694091797
45,29.208539962768555
45,33.01163864135742
45,27.227619171142578
45,28.65277862548828
45,33.127376556396484
45,29.88858413696289
45,31.646364212036133
45,33.447265625
45,24.25164031982422
45,26.118669509887695
45,27.14805030822754
45,32.3652458190918
45,32.025291442871094
45,27.733232498168945
45,33.462791442871094
45,27.898983001708984
45,24.8784122467041
45,28.022048950195312
45,31.9638671875
45,32.45541000366211
45,35.65165710449219
45,32.212669372558594
45,30.605802536010742
45,33.212738037109375
45,32.62639236450195
45,31.838455200195312
45,29.63178253173828
45,34.302303314208984
45,34.647857666015625
45,33.720703125
45,28.669349670410156
45,33.31848907470703
45,27.04446029663086
45,34.24065017700195
45,24.31088638305664
45,32.928916931152344
45,24.3211612701416
45,26.42367172241211
45,30.952383041381836
45,30.317852020263672
45,28.96812629699707
45,29.4050235748291
45,24.34515953063965
45,27.98434829711914
45,32.582462310791016
45,28.686542510986328
45,31.9609317779541
45,27.578725814819336
45,33.686100006103516
45,27.351350784301758
45,25.18650245666504
45,29.734922409057617
45,27.938457489013672
45,24.334522247314453
45,28.839738845825195
45,31.991615295410156
45,33.981937408447266
45,27.663911819458008
45,25.596893310546875
45,33.13961410522461
45,24.714258193969727
45,26.196544647216797
45,31.73114013671875
45,26.158676147460938
45,33.94209289550781
45,28.313823699951172
45,25.03585433959961
45,24.293319702148438
45,26.57314682006836
45,25.18329429626465
45,29.84129524230957
45,27.753131866455078
45,30.906225204467773
45,25.508020401000977
45,32.94572448730469
45,25.16427230834961
45,33.696834564208984
45,27.094491958618164
45,33.454837799072266
45,33.06776428222656
45,25.276243209838867
45,31.857046127319336
45,27.88509178161621
45,33.39366912841797
45,24.56537628173828
45,29.66208839416504
45,28.00246238708496
45,28.091955184936523
45,32.66130065917969
45,30.506494522094727
45,35.16845703125
45,27.80389404296875
45,31.901330947875977
45,26.034494400024414
45,25.7037296295166
45,29.390317916870117
45,31.279945373535156
45,33.19807434082031
45,33.07920837402344
45,30.758289337158203
45,25.620885848999023
45,30.583492279052734
45,29.836139678955078
45,27.383426666259766
45,31.501720428466797
45,28.04569435119629
45,31.630634307861328
45,27.27604866027832
45,26.447195053100586
45,29.357908248901367
45,25.09850311279297
45,26.52008628845215
45,30.678295135498047
45,26.857860565185547
45,29.6196231842041
45,31.631216049194336
45,28.84529685974121
45,27.584272384643555
45,33.656402587890625
45,28.062000274658203
45,28.560150146484375
45,26.216381072998047
45,32.46678161621094
45,34.29819107055664
45,27.786401748657227
45,26.266910552978516
45,32.9163932800293
45,25.221689224243164
45,29.954917907714844
45,31.58850860595703
45,30.436656951904297
45,24.854618072509766
45,33.63618087768555
45,30.97745704650879
45,24.86481475830078
45,27.52025032043457
45,31.918861389160156
45,25.72941017150879
45,27.325218200683594
45,30.531147003173828
45,25.447595596313477
45,26.411165237426758
45,32.33115005493164
45,25.45463752746582
45,31.96078109741211
45,30.37602996826172
45,33.94456481933594
45,25.081838607788086
45,24.813344955444336
45,34.169517517089844
45,32.64082336425781
45,29.29265594482422
45,27.083866119384766
45,25.04011344909668
45,30.079261779785156
45,28.949932098388672
45,32.84425354003906
45,33.37545394897461
45,28.16657257080078
45,31.660322189331055
45,28.771223068237305
45,24.68470001220703
45,27.14749526977539
45,34.091243743896484
45,30.395885467529297
45,26.48705291748047
45,26.59856605529785
45,27.65834617614746
45,26.81454086303711
45,33.11260223388672
45,29.760635375976562
45,33.77095413208008
45,34.45521545410156
45,29.805646896362305
45,27.68756866455078
45,28.77466583251953
45,31.911102294921875
45,23.27018928527832
45,25.601726531982422
45,29.546796798706055
45,29.81177520751953
45,27.449800491333008
45,28.658926010131836
45,27.994123458862305
45,30.14719581604004
45,28.83850860595703
45,32.20332717895508
45,30.15999984741211
45,30.219449996948242
45,33.46464920043945
45,27.717187881469727
45,23.504241943359375
45,24.342979431152344
45,27.834430694580078
45,23.962379455566406
45,25.906728744506836
45,27.97897720336914
45,25.472089767456055
45,28.163774490356445
45,31.264034271240234
45,32.763362884521484
45,33.732521057128906
45,33.02345657348633
45,33.27457809448242
45,29.868558883666992
45,28.080867767333984
45,33.04157257080078
45,32.83740234375
45,32.27025604248047
45,27.671831130981445
45,24.374065399169922
45,33.486106872558594
45,24.645679473876953
45,30.878459930419922
45,24.68781280517578
45,24.812009811401367
45,28.885469436645508
45,27.58843231201172
45,27.567548751831055
45,26.337181091308594
45,29.971670150756836
45,32.58062744140625
45,33.72179412841797
45,29.951753616333008
45,31.820579528808594
45,33.20925521850586
45,28.08294677734375
45,32.462154388427734
45,27.384918212890625
45,30.674116134643555
45,29.535226821899414
45,29.41134262084961
45,29.306896209716797
45,25.295103073120117
45,24.68529510498047
45,29.01523208618164
45,28.65018081665039
45,30.670196533203125
45,32.487728118896484
45,30.803319931030273
45,32.34173583984375
45,32.66699981689453
45,31.20758056640625
45,32.926883697509766
45,33.682682037353516
45,25.70403480529785
45,33.23078155517578
45,31.68312644958496
45,30.990068435668945
45,32.04290771484375
45,26.295074462890625
45,32.465457916259766
45,35.0633430480957
45,27.94308090209961
45,24.793563842773438
45,31.228187561035156
45,25.063199996948242
45,27.03327751159668
45,29.62112045288086
45,29.236589431762695
45,27.119447708129883
45,24.413726806640625
45,31.56270980834961
45,29.522167205810547
45,27.86475372314453
45,33.01198196411133
45,28.083463668823242
45,24.725921630859375
45,31.309417724609375
45,33.05247497558594
45,22.8183650970459
45,32.05299758911133
45,25.46910858154297
45,29.199247360229492
45,30.130104064941406
45,29.75235939025879
45,25.098445892333984
45,27.485286712646484
45,32.19546890258789
45,25.666162490844727
45,30.681285858154297
45,30.388097763061523
45,25.158599853515625
45,26.357845306396484
45,27.700563430786133
45,26.918960571289062
45,31.35885238647461
45,35.599456787109375
45,25.76473617553711
45,32.543724060058594
45,33.980735778808594
45,29.942943572998047
45,24.229278564453125
45,31.171205520629883
45,32.81784439086914
45,34.74897384643555
45,34.445709228515625
45,29.07184600830078
45,28.960453033447266
45,32.576961517333984
45,28.018362045288086
45,26.097932815551758
45,31.47838020324707
45,31.754961013793945
45,24.944461822509766
45,32.462852478027344
45,24.5354061126709
45,25.959075927734375
45,26.629972457885742
45,29.733121871948242
45,27.750110626220703
45,30.260574340820312
45,31.449270248413086
45,25.086896896362305
45,32.92117691040039
45,29.43338394165039
45,28.02104377746582
45,32.38474655151367
45,29.904714584350586
45,24.53236961364746
45,30.793060302734375
45,28.422565460205078
45,23.564598083496094
45,26.617414474487305
45,31.120527267456055
45,33.08897399902344
45,23.68223762512207
45,27.587894439697266
45,29.162782669067383
45,33.12158203125
45,28.847431182861328
45,24.512983322143555
45,29.761503219604492
45,27.170621871948242
45,30.41264533996582
45,26.489604949951172
45,32.0372428894043
45,29.9908504486084
45,25.395689010620117
45,28.18703269958496
45,25.25190544128418
45,28.235084533691406
45,31.980073928833008
45,32.07223129272461
45,29.117900848388672
45,30.15469741821289
45,31.82621192932129
45,31.829574584960938
45,27.329038619995117
45,24.97559356689453
45,28.1358642578125
45,34.2338752746582
45,30.61739730834961
45,29.102542877197266
45,30.7054500579834
45,26.415767669677734
45,33.223304748535156
45,28.813249588012695
45,33.741947174072266
45,33.125816345214844
45,28.295730590820312
45,28.80978775024414
45,34.57463836669922
45,28.029048919677734
45,30.71685028076172
45,28.325824737548828
45,30.936391830444336
45,29.58322525024414
45,34.07670593261719
45,31.602962493896484
45,31.291419982910156
45,25.43377113342285
45,27.971574783325195
45,35.409828186035156
45,27.409578323364258
45,29.42266273498535
45,26.690996170043945
45,32.07648468017578
45,32.56808090209961
45,25.112895965576172
45,28.363502502441406
45,34.37675094604492
45,28.82491683959961
45,25.82840347290039
45,27.322370529174805
45,27.311031341552734
45,25.675716400146484
45,27.592578887939453
45,32.1904296875
45,28.254194259643555
45,26.908842086791992
45,28.088048934936523
45,31.7005558013916
45,29.671018600463867
45,24.947925567626953
45,30.296340942382812
45,24.64505958557129
45,29.86621856689453
45,27.92190933227539
45,28.6265926361084
45,30.38673973083496
45,25.113929748535156
45,29.114660263061523
45,33.62193298339844
45,30.586040496826172
45,30.43032455444336
45,26.262920379638672
45,30.10578155517578
45,28.12075424194336
45,25.306915283203125
45,31.619298934936523
45,32.71601867675781
45,26.28281593322754
45,29.441946029663086
45,26.262216567993164
45,29.38254165649414
45,28.17589569091797
45,29.26160430908203
45,30.64240074157715
45,27.614933013916016
45,29.928504943847656
45,24.509214401245117
45,27.86863899230957
45,26.69952392578125
45,24.164976119995117
45,31.930654525756836
45,28.018299102783203
45,27.13907241821289
45,23.438827514648438
45,28.059425354003906
45,27.688915252685547
45,27.937179565429688
45,30.327571868896484
45,28.258371353149414
45,34.835304260253906
45,29.922027587890625
45,32.29801559448242
45,23.456989288330078
45,33.0743293762207
45,28.19057273864746
45,31.782352447509766
45,29.070512771606445
45,35.40972137451172
45,33.01893997192383
45,24.639591217041016
45,28.618839263916016
45,31.59362030029297
45,31.401079177856445
45,28.599563598632812
45,33.3287467956543
45,34.450477600097656
45,30.85177993774414
45,27.819599151611328
45,28.827943801879883
45,30.036460876464844
45,28.101408004760742
45,25.752445220947266
45,26.3287410736084
45,32.51161575317383
45,25.82284164428711
45,27.12661361694336
45,31.49269676208496
45,25.28606605529785
45,26.37831687927246
45,25.052913665771484
45,27.952136993408203
45,29.513118743896484
45,33.59016036987305
45,30.90471649169922
45,34.945621490478516
45,29.594337463378906
45,23.68274688720703
45,32.38127899169922
45,25.2334041595459
45,25.25385856628418
45,32.92681884765625
45,32.782894134521484
45,25.143020629882812
45,27.860816955566406
45,32.3582763671875
45,34.24620819091797
45,32.926177978515625
45,30.03265953063965
45,34.9215202331543
45,28.114469528198242
45,29.081819534301758
45,30.634048461914062
45,27.45389747619629
45,31.372955322265625
45,24.571054458618164
45,34.01573944091797
45,32.133182525634766
45,31.855819702148438
45,26.804553985595703
45,32.58415603637695
45,26.42752456665039
45,28.3493595123291
45,26.08330726623535
45,29.421768188476562
45,33.03179168701172
45,24.228755950927734
45,33.308998107910156
45,27.65242576599121
45,26.395185470581055
45,28.472299575805664
45,26.62671661376953
45,30.55040168762207
45,24.746631622314453
45,33.41309356689453
45,25.08062744140625
45,31.268783569335938
45,29.56118392944336
45,25.201114654541016
45,30.636749267578125
45,33.391441345214844
45,30.876630783081055
45,34.41156768798828
45,23.875629425048828
45,29.118511199951172
45,32.596004486083984
45,24.47940444946289
45,32.33009719848633
45,31.652854919433594
45,24.66473388671875
45,26.623594284057617
45,28.642471313476562
45,25.29945945739746
45,28.028902053833008
45,33.653846740722656
45,30.228252410888672
45,27.24615478515625
45,27.822711944580078
45,31.832237243652344
45,30.746469497680664
45,29.797929763793945
45,30.645092010498047
45,34.03321838378906
45,26.25417709350586
45,29.661113739013672
45,30.095882415771484
45,31.091758728027344
45,27.475210189819336
45,30.64549446105957
45,26.42726707458496
45,25.05537986755371
45,33.45858383178711
45,25.30601692199707
45,33.75925064086914
45,33.85396957397461
45,24.832319259643555
45,28.480655670166016
45,32.23088073730469
45,26.73151969909668
45,27.822803497314453
45,28.312366485595703
45,29.76642608642578
45,29.210161209106445
45,33.642372131347656
45,29.06793212890625
45,32.8876838684082
45,31.095273971557617
45,31.783876419067383
45,27.493743896484375
45,31.267404556274414
45,32.39403533935547
45,29.301877975463867
45,25.244836807250977
45,26.659101486206055
45,32.00803756713867
45,28.841005325317383
45,32.7998046875
45,28.609310150146484
45,28.98986053466797
45,28.618452072143555
45,34.39313888549805
45,34.138092041015625
45,31.445953369140625
45,30.693504333496094
45,25.039386749267578
45,24.35830307006836
45,32.6639518737793
45,25.481735229492188
45,24.584003448486328
45,26.26817512512207
45,29.3539981842041
45,27.340524673461914
45,31.755462646484375
45,25.19114875793457
45,32.59689712524414
45,26.406570434570312
45,28.482025146484375
45,24.36450958251953
45,29.30716323852539
45,29.36668586730957
45,30.074731826782227
45,25.675487518310547
45,28.55345916748047
45,33.63691329956055
45,28.73244857788086
45,27.456214904785156
45,31.534276962280273
45,28.153596878051758
45,33.392738342285156
45,32.6334114074707
45,29.49201011657715
45,30.54766273498535
45,33.102821350097656
45,27.396038055419922
45,26.982463836669922
45,29.241939544677734
45,29.77887725830078
45,27.495525360107422
45,33.9154052734375
45,27.44094467163086
45,23.601362228393555
45,32.717018127441406
45,25.447124481201172
45,25.94149398803711
45,27.73575782775879
45,28.58342742919922
45,33.721351623535156
45,26.31410026550293
45,33.382694244384766
45,29.81853485107422
45,28.78434181213379
45,30.467763900756836
45,29.76054573059082
45,27.753950119018555
45,28.03168487548828
45,31.385395050048828
45,32.363197326660156
45,29.62225341796875
45,26.864337921142578
45,28.148399353027344
45,26.020618438720703
45,24.305862426757812
45,32.000831604003906
45,33.567909240722656
45,24.829986572265625
45,31.429481506347656
45,32.72346496582031
45,29.762357711791992
45,26.406370162963867
45,26.826183319091797
45,31.7730712890625
45,26.04825210571289
45,24.819496154785156
45,28.589200973510742
45,32.1990966796875
45,27.586511611938477
45,35.052391052246094
45,27.73633575439453
45,34.38996505737305
45,31.973175048828125
45,27.495115280151367
45,32.372802734375
45,33.18756866455078
45,24.71409797668457
45,31.345165252685547
45,32.316795349121094
45,31.733890533447266
45,29.88889503479004
45,27.75796890258789
45,30.66512680053711
45,28.280248641967773
45,30.972366333007812
45,29.141704559326172
45,33.72610855102539
45,27.73009490966797
45,26.1311092376709
45,31.584915161132812
45,30.10846710205078
45,27.979345321655273
45,27.98507308959961
45,31.927509307861328
45,30.417789459228516
45,26.64405059814453
45,26.170928955078125
45,29.762615203857422
45,24.855958938598633
45,25.49187660217285
45,31.8356990814209
45,29.77199935913086
45,29.043582916259766
45,26.48606300354004
45,24.116100311279297
45,32.18879699707031
45,27.51788902282715
45,33.86509704589844
45,24.09522247314453
45,31.877201080322266
45,24.26123046875
45,29.47007942199707
45,33.18935775756836
45,32.50341033935547
45,30.159177780151367
45,30.084936141967773
45,30.643701553344727
45,34.72120666503906
45,30.37985610961914
45,33.039127349853516
45,26.23303985595703
45,31.388031005859375
45,33.88622283935547
45,28.194791793823242
45,30.191987991333008
45,32.78485870361328
45,25.6727237701416
45,32.08125305175781
45,28.01321029663086
45,29.036924362182617
45,27.375978469848633
45,28.01691436767578
45,29.07921028137207
45,25.673437118530273
45,34.46443557739258
45,27.58787727355957
45,28.656482696533203
45,28.371723175048828
45,29.404285430908203
45,33.217960357666016
45,31.008394241333008
45,29.33794593811035
45,29.44929313659668
45,24.077943801879883
45,25.811742782592773
45,24.735340118408203
45,31.046817779541016
45,32.116783142089844
45,29.10403060913086
45,27.135683059692383
45,27.063579559326172
45,27.323434829711914
45,32.229591369628906
45,27.554019927978516
45,32.9447135925293
45,29.82297706604004
45,31.019567489624023
45,26.986988067626953
45,34.162391662597656
45,27.248868942260742
45,27.858386993408203
45,31.6119441986084
45,24.963205337524414
45,31.99846839904785
45,29.754438400268555
45,32.250946044921875
45,25.5333251953125
45,27.20293426513672
45,31.1851749420166
45,34.944297790527344
45,33.00676345825195
45,25.090829849243164
45,25.24997329711914
45,33.72821807861328
45,29.976524353027344
45,31.72494888305664
45,28.045419692993164
45,30.76240348815918
45,25.583324432373047
45,31.014551162719727
45,26.004301071166992
45,31.43398094177246
45,28.779098510742188
45,26.658870697021484
45,28.7327823638916
45,28.035486221313477
45,33.75148391723633
45,26.45808219909668
45,25.127939224243164
45,32.03194808959961
45,24.848169326782227
45,31.62277603149414
45,28.760190963745117
45,25.06367301940918
45,23.9505615234375
45,34.15608596801758
45,31.50218963623047
45,34.08601379394531
45,29.026329040527344
45,32.85564422607422
45,33.181251525878906
45,31.922868728637695
45,32.687255859375
45,32.20299530029297
45,32.98256301879883
45,28.446874618530273
45,33.14173126220703
45,27.798036575317383
45,31.14746856689453
45,31.103599548339844
45,29.615821838378906
45,28.35739517211914
45,23.401384353637695
45,31.619993209838867
45,26.707311630249023
45,31.673633575439453
45,25.56620216369629
45,31.510562896728516
45,29.10873794555664
45,29.070859909057617
45,32.996498107910156
45,27.235549926757812
45,32.775413513183594
45,29.105981826782227
45,31.867942810058594
45,32.47587966918945
45,26.876752853393555
45,33.039939880371094
45,29.519325256347656
45,31.61566925048828
45,27.67843246459961
45,26.450761795043945
45,24.15200424194336
45,31.87491798400879
45,33.026634216308594
45,29.29966926574707
45,26.562705993652344
45,31.00250816345215
45,32.46575927734375
45,27.9727725982666
45,29.301469802856445
45,33.84128189086914
45,32.26416778564453
45,33.11814880371094
45,32.415103912353516
45,30.77775001525879
45,30.782630920410156
45,34.10829162597656
45,26.044309616088867
45,31.27617835998535
45,34.480796813964844
45,28.879629135131836
45,29.203088760375977
45,28.061717987060547
45,32.558589935302734
45,25.818241119384766
45,30.93131446838379
45,28.620975494384766
45,25.90518569946289
45,33.38275909423828
45,24.387147903442383
45,28.108856201171875
45,23.696550369262695
45,25.804853439331055
45,22.66077423095703
45,31.15937042236328
45,32.580326080322266
45,32.915348052978516
45,26.58814811706543
45,29.998336791992188
45,28.320728302001953
45,32.40694046020508
45,27.974878311157227
45,27.091346740722656
45,32.45271301269531
45,32.83543395996094
45,27.222763061523438
45,29.361295700073242
45,32.86279296875
45,32.22877502441406
45,31.291706085205078
45,28.5942440032959
45,31.676870346069336
45,27.80016326904297
45,28.753549575805664
45,24.207504272460938
45,27.211585998535156
45,33.73295593261719
45,31.188264846801758
45,28.034732818603516
45,31.670846939086914
45,26.377002716064453
45,33.41400146484375
45,27.227445602416992
45,33.348846435546875
45,32.22883605957031
45,27.513629913330078
45,24.633520126342773
45,33.285343170166016
45,33.94489669799805
45,33.78779220581055
45,31.160917282104492
45,25.005767822265625
45,29.086021423339844
45,32.914772033691406
45,33.33606719970703
45,28.73196792602539
45,29.839187622070312
45,24.04328727722168
45,24.970430374145508
45,28.022680282592773
45,31.27732276916504
45,26.90260887145996
45,25.589324951171875
45,26.444360733032227
45,31.978679656982422
45,26.42943000793457
45,28.391305923461914
45,28.43082618713379
45,30.04435920715332
45,28.26456069946289
45,25.81304359436035
45,27.235490798950195
45,27.33159637451172
45,28.477025985717773
45,30.293508529663086
45,25.74403190612793
45,25.00951385498047
45,24.472414016723633
45,31.427162170410156
45,29.68796730041504
45,32.43073654174805
45,32.69578170776367
45,28.511598587036133
45,33.903472900390625
45,29.475555419921875
45,27.873868942260742
45,25.574161529541016
45,25.744029998779297
45,27.72962188720703
45,32.61474609375
45,29.04435920715332
45,26.176279067993164
45,26.635181427001953
45,27.9973201751709
45,26.156347274780273
45,29.208139419555664
45,34.24930191040039
45,26.766822814941406
45,28.08467674255371
45,32.02605056762695
45,35.21149826049805
45,28.928237915039062
45,31.88090705871582
45,25.566688537597656
45,32.790470123291016
45,33.23851776123047
45,34.96208572387695
45,26.907873153686523
45,25.43288803100586
45,31.956716537475586
45,32.610958099365234
45,31.47796630859375
45,31.880359649658203
45,27.998275756835938
45,27.843908309936523
45,26.099395751953125
45,26.10382080078125
45,27.351959228515625
45,25.618078231811523
45,31.821237564086914
45,26.080209732055664
45,33.516578674316406
45,32.589454650878906
45,32.420780181884766
45,31.416912078857422
45,24.32550811767578
45,26.602083206176758
45,24.553882598876953
45,27.340341567993164
45,26.16883087158203
45,29.47406768798828
45,31.98052406311035
45,24.431148529052734
45,27.015090942382812
45,30.784587860107422
45,27.541934967041016
45,29.04159164428711
45,34.836341857910156
45,28.338359832763672
45,24.7839412689209
45,27.015159606933594
45,27.651657104492188
45,28.420339584350586
45,26.271305084228516
45,27.965843200683594
45,31.299251556396484
45,31.789091110229492
45,34.9455451965332
45,27.596797943115234
45,32.654754638671875
45,25.349185943603516
45,27.100841522216797
45,27.353076934814453
45,29.86312484741211
45,27.19390296936035
45,25.435230255126953
45,25.178237915039062
45,31.305950164794922
45,28.23943519592285
45,25.254840850830078
45,29.002660751342773
45,26.899829864501953
45,27.753376007080078
45,27.545377731323242
45,33.177555084228516
45,33.57726287841797
45,31.4317626953125
45,26.28560447692871
45,24.695011138916016
45,32.09089660644531
45,35.04308319091797
45,24.17864418029785
45,30.08952522277832
45,26.420452117919922
45,30.303085327148438
45,24.581707000732422
45,25.161672592163086
45,25.244794845581055
45,24.469263076782227
45,29.461610794067383
45,29.31249237060547
45,31.14043426513672
45,32.27585983276367
45,26.22138214111328
45,25.487661361694336
45,31.416610717773438
45,24.19988441467285
45,24.272865295410156
45,29.571884155273438
45,32.74262619018555
45,24.85378074645996
45,31.905902862548828
45,26.088376998901367
45,24.46784210205078
45,32.633460998535156
45,25.645423889160156
45,33.31031799316406
45,24.9083251953125
45,30.424631118774414
45,29.03945541381836
45,25.454158782958984
45,32.53199768066406
45,26.027347564697266
45,31.160690307617188
45,30.723033905029297
45,27.2098388671875
45,28.01777458190918
45,29.727394104003906
45,32.07566452026367
45,27.625839233398438
45,31.432218551635742
45,34.85768127441406
45,35.1158332824707
45,34.83774948120117
45,25.43214988708496
45,24.19430160522461
45,26.253053665161133
45,27.472089767456055
45,28.42930030822754
45,31.733644485473633
45,28.242748260498047
45,26.645368576049805
45,33.236427307128906
45,34.55603790283203
45,33.86026382446289
45,31.386280059814453
45,32.29286193847656
45,33.27995681762695
45,28.207000732421875
45,24.78537368774414
45,24.772611618041992
45,29.047414779663086
45,30.347360610961914
45,31.252609252929688
45,29.293804168701172
45,24.435260772705078
45,27.01791763305664
45,29.881885528564453
45,31.427165985107422
45,28.466909408569336
45,31.37627410888672
45,28.662927627563477
45,34.55781936645508
45,27.082134246826172
45,26.9866886138916
45,26.084564208984375
45,30.178977966308594
45,34.921287536621094
45,31.83523178100586
45,27.944076538085938
45,25.29595184326172
45,33.215415954589844
45,32.317325592041016
45,26.868589401245117
45,32.77962875366211
45,26.78646469116211
45,30.53887176513672
45,33.46548843383789
45,28.94657325744629
45,28.517343521118164
45,28.51099395751953
45,24.563865661621094
45,26.126663208007812
45,33.28821563720703
45,31.610219955444336
45,27.90414810180664
45,29.834896087646484
45,26.930456161499023
45,29.135154724121094
45,24.714481353759766
45,32.183467864990234
45,27.786766052246094
45,30.636741638183594
45,27.842769622802734
45,29.697315216064453
45,27.992191314697266
45,24.626073837280273
45,30.120092391967773
45,27.587308883666992
45,26.324356079101562
45,32.32464599609375
45,28.30685043334961
45,31.782079696655273
45,25.716941833496094
45,29.435932159423828
45,24.49308967590332
45,34.278812408447266
45,32.69401931762695
45,32.483612060546875
45,31.315736770629883
45,34.50994110107422
45,30.166671752929688
45,29.872852325439453
45,27.673559188842773
45,24.02057647705078
45,27.872804641723633
45,25.84514617919922
45,34.041542053222656
45,32.1192512512207
45,31.705909729003906
45,28.70830726623535
45,30.635229110717773
45,27.695297241210938
45,26.89356231689453
45,27.75990867614746
45,26.948484420776367
45,27.492473602294922
45,33.494667053222656
45,25.35890769958496
45,29.13364028930664
45,33.223812103271484
45,32.28852844238281
45,27.656917572021484
45,24.688684463500977
45,29.629716873168945
45,29.72394371032715
45,31.751317977905273
45,27.873146057128906
45,26.290176391601562
45,28.99856948852539
45,27.97336196899414
45,27.463558197021484
45,27.109745025634766
45,36.02229309082031
45,33.326358795166016
45,24.592172622680664
45,34.698909759521484
45,32.42901611328125
45,26.610252380371094
45,30.693408966064453
45,26.144920349121094
45,25.448320388793945
45,32.64530563354492
45,33.04251480102539
45,33.35287094116211
45,31.778343200683594
45,25.631956100463867
45,32.201629638671875
45,31.774686813354492
45,32.0739860534668
45,23.74018669128418
45,27.886035919189453
45,27.071443557739258
45,32.645416259765625
45,28.695043563842773
45,26.028488159179688
45,26.6984806060791
45,31.793869018554688
45,27.417640686035156
45,31.251754760742188
45,27.13643455505371
45,28.403635025024414
45,27.17481803894043
45,31.57900047302246
45,32.74105453491211
45,30.27229881286621
45,33.05552291870117
45,29.2681827545166
45,26.05826187133789
45,28.638944625854492
45,35.377464294433594
45,28.976430892944336
45,26.343902587890625
45,31.484622955322266
45,32.44624710083008
45,29.485361099243164
45,31.061176300048828
45,27.967729568481445
45,28.151762008666992
45,25.916776657104492
45,33.93144989013672
45,24.866151809692383
45,34.84189224243164
45,24.953258514404297
45,28.401887893676758
45,33.313026428222656
45,29.943832397460938
45,26.5596981048584
45,29.497211456298828
45,29.545032501220703
45,29.404884338378906
45,27.70887565612793
45,24.7895450592041
45,29.79253387451172
45,24.92314338684082
45,28.852333068847656
45,27.47628402709961
45,27.488590240478516
45,25.40378761291504
45,26.788721084594727
45,33.345062255859375
45,30.587501525878906
45,31.306196212768555
45,32.88554382324219
45,30.990644454956055
45,31.260541915893555
45,29.257896423339844
45,31.15631866455078
45,33.582801818847656
45,30.76849365234375
45,26.799943923950195
45,34.89173126220703
45,33.046695709228516
45,24.990434646606445
45,28.3349666595459
45,32.882713317871094
45,31.973487854003906
45,29.4400691986084
45,32.9501953125
45,33.35892868041992
45,27.378015518188477
45,29.4168643951416
45,29.4208984375
45,32.5341796875
45,25.603012084960938
45,33.449615478515625
45,28.16586685180664
45,33.25359344482422
45,33.685081481933594
45,29.644460678100586
45,27.710067749023438
45,25.775041580200195
45,27.11897087097168
45,32.30801773071289
45,29.947973251342773
45,28.330434799194336
45,24.905559539794922
45,29.38913917541504
45,26.500349044799805
45,28.283584594726562
45,25.90243148803711
45,25.727535247802734
45,25.33429718017578
45,30.137115478515625
45,34.20883560180664
45,29.63544464111328
45,26.17362403869629
45,29.338056564331055
45,27.387256622314453
45,33.71649932861328
45,25.21321678161621
45,31.44341278076172
45,29.842151641845703
45,32.482635498046875
45,24.84075927734375
45,28.139986038208008
45,32.16072463989258
45,26.52848243713379
45,27.422832489013672
45,27.703140258789062
45,34.17557144165039
45,26.997817993164062
45,26.94093132019043
45,29.06386375427246
45,31.38231086730957
45,31.477886199951172
45,30.403018951416016
45,24.419286727905273
45,31.663494110107422
45,33.44105529785156
45,28.290143966674805
45,32.07697677612305
45,30.80026626586914
45,27.149036407470703
45,27.065837860107422
45,27.151424407958984
45,27.50600814819336
45,32.545204162597656
45,32.911380767822266
45,28.504430770874023
45,28.098655700683594
45,33.25141143798828
45,32.80066680908203
45,24.487455368041992
45,28.696035385131836
45,29.16208267211914
45,33.13031005859375
45,30.299604415893555
45,32.54050064086914
45,28.747339248657227
45,27.787490844726562
45,32.898441314697266
45,28.685035705566406
45,27.462610244750977
45,32.570762634277344
45,32.189598083496094
45,32.7243537902832
45,33.30975341796875
45,24.148563385009766
45,25.599002838134766
45,27.7359619140625
45,25.059213638305664
45,28.665456771850586
45,33.6978759765625
45,25.572452545166016
45,32.18716049194336
45,31.89403533935547
45,28.276018142700195
45,26.43954086303711
45,27.979389190673828
45,30.417192459106445
45,28.670495986938477
45,28.616350173950195
45,32.54508590698242
45,26.4914493560791
45,26.408506393432617
45,27.72585678100586
45,30.594602584838867
45,27.268474578857422
45,31.306964874267578
45,30.136764526367188
45,33.42827606201172
45,32.22842788696289
45,28.309555053710938
45,31.0916748046875
45,26.150774002075195
45,27.717432022094727
45,30.07410430908203
45,24.48621368408203
45,33.182132720947266
45,25.791261672973633
45,23.97051429748535
45,25.635557174682617
45,28.902055740356445
45,28.89312171936035
45,25.917999267578125
45,32.42109680175781
45,24.861419677734375
45,30.182575225830078
45,34.05885314941406
45,34.03680419921875
45,30.335737228393555
45,29.954835891723633
45,33.92454528808594
45,34.73810958862305
45,25.496463775634766
45,33.09897232055664
45,34.19805145263672
45,31.200904846191406
45,24.967256546020508
45,30.390905380249023
45,25.62224006652832
45,32.054927825927734
45,32.211669921875
45,27.287944793701172
45,26.626619338989258
45,30.909515380859375
45,25.16055679321289
45,31.990694046020508
45,35.252593994140625
45,26.647438049316406
45,28.11027717590332
45,31.20391845703125
45,32.7281608581543
45,33.81309127807617
45,27.423229217529297
45,25.831302642822266
45,24.856842041015625
45,27.442293167114258
45,23.926401138305664
45,27.402894973754883
45,32.9312858581543
45,28.31105613708496
45,27.542123794555664
45,32.8882942199707
45,29.309513092041016
45,28.35397720336914
45,30.578994750976562
45,31.105976104736328
45,29.34181785583496
45,28.05884552001953
45,27.406858444213867
45,28.828508377075195
45,30.202335357666016
45,26.376184463500977
45,27.395864486694336
45,33.1279182434082
45,28.582073211669922
45,25.35942268371582
45,31.19969940185547
45,29.128158569335938
45,33.56885528564453
45,30.29798698425293
45,29.11943244934082
45,30.597169876098633
45,26.964859008789062
45,32.490482330322266
45,32.106075286865234
45,26.9092960357666
45,25.214908599853516
45,28.11057472229004
45,23.966148376464844
45,28.454870223999023
45,32.79486083984375
45,27.572250366210938
45,26.83540153503418
45,24.439773559570312
45,26.55663299560547
45,26.390243530273438
45,28.419679641723633
45,34.048614501953125
45,32.18153762817383
45,27.03705406188965
45,29.02294158935547
45,28.70634651184082
45,25.488162994384766
45,28.505184173583984
45,28.731155395507812
45,25.842124938964844
45,31.706924438476562
45,29.05580711364746
45,32.13923645019531
45,32.16352844238281
45,29.937236785888672
45,33.60127258300781
45,25.306182861328125
45,26.683277130126953
45,27.433061599731445
45,26.37091636657715
45,26.966716766357422
45,28.223817825317383
45,32.577274322509766
45,25.347780227661133
45,25.326644897460938
45,31.080766677856445
45,24.1054630279541
45,27.281034469604492
45,28.501461029052734
45,28.35197639465332
45,30.379070281982422
45,29.761133193969727
45,26.316526412963867
45,30.944629669189453
45,32.251068115234375
45,31.74027442932129
45,28.35761833190918
45,24.62791633605957
45,29.435768127441406
45,28.6455078125
45,26.09157943725586
45,32.79083251953125
45,26.57007598876953
45,30.1518611907959
45,27.1654052734375
45,25.43646812438965
45,32.172725677490234
45,27.27484893798828
45,27.02772331237793
45,32.048763275146484
45,33.24648666381836
45,28.55611228942871
45,24.41546058654785
45,28.887500762939453
45,26.961597442626953
45,25.25300407409668
45,26.791181564331055
45,29.682199478149414
45,33.684669494628906
45,33.11991500854492
45,24.14590072631836
45,26.95659637451172
45,31.064741134643555
45,33.0626220703125
45,23.564462661743164
45,28.649124145507812
45,33.77572250366211
45,33.352378845214844
45,29.4875431060791
45,25.134305953979492
45,34.2241325378418
45,25.44088363647461
45,24.055500030517578
45,27.64665985107422
45,32.33192443847656
45,25.020856857299805
45,28.4598445892334
45,27.15818977355957
45,25.82769203186035
45,33.36195373535156
45,32.20842742919922
45,26.1965274810791
45,27.271652221679688
45,24.474533081054688
45,23.644657135009766
45,29.729787826538086
45,35.40715026855469
45,27.94640350341797
45,23.689470291137695
45,27.346542358398438
45,27.11924934387207
45,26.307931900024414
45,29.849449157714844
45,31.660011291503906
45,28.6607608795166
45,26.259931564331055
45,24.76272964477539
45,31.65732765197754
45,32.41095733642578
45,33.10686492919922
45,24.64393424987793
45,29.299701690673828
45,25.409746170043945
45,30.204612731933594
45,32.720375061035156
45,29.52969741821289
45,33.1553840637207
45,24.157917022705078
45,32.469749450683594
45,36.220829010009766
45,30.42261505126953
45,27.760107040405273
45,26.71921157836914
45,28.92694091796875
45,32.18581771850586
45,25.25341033935547
45,29.32916259765625
45,30.91538429260254
45,26.36921501159668
45,33.02964401245117
45,24.820043563842773
45,26.899229049682617
45,30.224401473999023
45,26.49658966064453
45,31.927886962890625
45,27.104564666748047
45,32.317100524902344
45,25.540451049804688
45,26.657926559448242
45,27.810110092163086
45,33.02424621582031
45,27.811397552490234
45,24.98126983642578
45,31.565330505371094
45,24.705629348754883
45,25.80994415283203
45,34.47528076171875
45,29.10706901550293
45,31.790225982666016
45,25.226154327392578
45,34.734710693359375
45,25.258983612060547
45,32.53065872192383
45,28.365901947021484
45,28.228897094726562
45,31.85787010192871
45,31.834033966064453
45,29.154537200927734
45,25.180187225341797
45,28.042926788330078
45,28.443479537963867
45,27.07659912109375
45,35.094482421875
45,32.99571990966797
45,31.985355377197266
45,32.77080535888672
45,33.112239837646484
45,32.17121124267578
45,28.822961807250977
45,28.78664207458496
45,27.16306495666504
45,24.03359603881836
45,33.741554260253906
45,34.88922119140625
45,29.215303421020508
45,28.303699493408203
45,30.8812198638916
45,26.803117752075195
45,25.13272476196289
45,32.689544677734375
45,27.451887130737305
45,31.336284637451172
45,33.33712387084961
45,32.06161880493164
45,32.505130767822266
45,29.827939987182617
45,31.55849266052246
45,31.570539474487305
45,30.758102416992188
45,27.186113357543945
45,25.969572067260742
45,33.68478012084961
45,28.96773338317871
45,33.925926208496094
45,28.066179275512695
45,26.386934280395508
45,29.10074806213379
45,28.0782527923584
45,28.06633949279785
45,33.15728759765625
45,24.206192016601562
45,34.28445053100586
45,27.434371948242188
45,33.20390319824219
45,30.442960739135742
45,33.608543395996094
45,33.906715393066406
45,32.21371078491211
45,25.83391761779785
45,31.485244750976562
45,28.382038116455078
45,29.696510314941406
45,31.926362991333008
45,31.18643569946289
45,33.2346305847168
45,32.9019660949707
45,27.814096450805664
45,29.1585636138916
45,28.695058822631836
45,32.68973922729492
45,28.571517944335938
45,30.4909725189209
45,29.0577392578125
45,27.182466506958008
45,25.47971534729004
45,27.643251419067383
45,29.58020782470703
45,26.33514976501465
45,27.835163116455078
45,26.689329147338867
45,27.48492431640625
45,25.963781356811523
45,31.766460418701172
45,27.769712448120117
45,27.483802795410156
45,27.193086624145508
45,33.41509246826172
45,27.820125579833984
45,29.467662811279297
45,29.377227783203125
45,28.674633026123047
45,32.08225631713867
45,26.82955551147461
45,31.458871841430664
45,26.31546974182129
45,31.57311248779297
45,34.75196838378906
45,28.026744842529297
45,32.17095184326172
45,34.07890319824219
45,28.559520721435547
45,35.9739990234375
45,29.45517921447754
45,32.09722900390625
45,28.483911514282227
45,29.16366958618164
45,25.75043487548828
45,27.09394645690918
45,25.940420150756836
45,28.217744827270508
45,25.202823638916016
45,29.551183700561523
45,27.405115127563477
45,30.872886657714844
45,31.96493911743164
45,33.87791061401367
45,28.460712432861328
45,34.958011627197266
45,24.600549697875977
45,28.370378494262695
45,31.821815490722656
45,27.300336837768555
45,32.9792594909668
45,30.377079010009766
45,30.701534271240234
45,29.045120239257812
45,25.490890502929688
45,29.0411376953125
45,32.75999450683594
45,25.500263214111328
45,29.599870681762695
45,26.722681045532227
45,32.14494705200195
45,29.701053619384766
45,26.896631240844727
45,23.939533233642578
45,27.501548767089844
45,24.137155532836914
45,32.77386474609375
45,27.401599884033203
45,24.196691513061523
45,28.63749122619629
45,27.86319351196289
45,32.38326644897461
45,25.79740333557129
45,24.7060546875
45,32.2852668762207
45,27.03914451599121
45,27.951475143432617
45,24.989118576049805
45,27.842384338378906
45,29.393678665161133
45,31.52585792541504
45,35.89835739135742
45,32.459041595458984
45,27.207626342773438
45,25.601200103759766
45,24.340578079223633
45,25.80439567565918
45,27.498682022094727
45,25.159414291381836
45,24.37068748474121
45,32.413997650146484
45,28.63006019592285
45,34.74428176879883
45,32.09990692138672
45,27.56218147277832
45,26.011075973510742
45,26.035755157470703
45,30.188461303710938
45,33.353515625
45,27.47003746032715
45,28.272598266601562
45,29.871509552001953
45,24.602882385253906
45,26.166791915893555
45,31.21629524230957
45,31.742237091064453
45,25.47901153564453
45,29.050601959228516
45,34.46141815185547
45,29.847496032714844
45,26.172496795654297
45,32.10652160644531
45,34.15684127807617
45,24.5292911529541
45,32.17143249511719
45,28.23880958557129
45,32.11745834350586
45,24.31023597717285
45,26.75333595275879
45,27.279756546020508
45,28.73990821838379
45,31.935997009277344
45,25.373077392578125
45,28.788753509521484
45,27.62169647216797
45,24.862112045288086
45,27.535961151123047
45,29.51506996154785
45,33.51979446411133
45,31.501558303833008
45,27.969406127929688
45,25.596576690673828
45,28.94139862060547
45,23.812829971313477
45,27.980562210083008
45,28.308704376220703
45,26.888484954833984
45,25.12188148498535
45,31.951215744018555
45,32.40946960449219
45,25.708654403686523
45,25.811691284179688
45,24.363754272460938
45,28.622323989868164
45,25.712608337402344
45,27.695451736450195
45,32.51260757446289
45,24.571269989013672
45,34.38074493408203
45,29.891559600830078
45,30.0136775970459
45,31.17565155029297
45,32.329261779785156
45,31.90269660949707
45,28.678462982177734
45,23.30963134765625
45,24.434659957885742
45,35.62266159057617
45,24.7908935546875
45,29.505796432495117
45,26.981708526611328
45,29.85723304748535
45,33.11636734008789
45,28.207042694091797
45,28.591419219970703
45,32.60890197753906
45,32.65409851074219
45,31.02211570739746
45,27.742263793945312
45,27.108545303344727
45,31.7139892578125
45,32.77987289428711
45,30.499650955200195
45,23.970138549804688
45,25.791688919067383
45,34.19828414916992
45,26.699443817138672
45,26.339344024658203
45,32.05496597290039
45,29.893095016479492
45,33.21868896484375
45,32.962890625
45,31.02016830444336
45,35.444725036621094
45,28.754159927368164
45,29.265777587890625
45,28.670364379882812
45,32.9542350769043
45,27.57632064819336
45,25.683895111083984
45,32.268394470214844
45,33.303428649902344
45,28.1795597076416
45,26.906940460205078
45,31.75267791748047
45,25.109294891357422
45,29.96879768371582
45,30.722091674804688
45,33.33207702636719
45,31.546085357666016
45,32.0617790222168
45,27.69541358947754
45,27.73192596435547
45,26.738784790039062
45,29.934022903442383
45,28.546005249023438
45,33.67277526855469
45,24.82354736328125
45,31.840002059936523
45,30.676403045654297
45,27.62407684326172
45,32.578338623046875
45,31.911298751831055
45,32.686302185058594
45,28.103164672851562
45,30.616621017456055
45,24.605152130126953
45,26.390501022338867
45,30.135690689086914
45,31.289989471435547
45,31.6997127532959
45,34.28327178955078
45,27.012157440185547
45,26.855981826782227
45,30.95176887512207
45,31.66680145263672
45,29.439071655273438
45,29.915027618408203
45,27.954103469848633
45,25.007417678833008
45,29.673912048339844
45,25.72695541381836
45,33.18589401245117
45,27.485454559326172
45,25.715333938598633
45,32.05689239501953
45,30.973268508911133
45,27.13752555847168
45,23.242115020751953
45,30.467384338378906
45,28.13970947265625
45,27.88970947265625
45,36.60663604736328
45,32.85950469970703
45,30.204065322875977
45,32.05266571044922
45,25.10967445373535
45,25.10890007019043
45,24.654809951782227
45,29.156312942504883
45,25.93047523498535
45,26.664907455444336
45,27.62899398803711
45,33.67005920410156
45,24.666179656982422
45,32.96527099609375
45,29.349449157714844
45,31.118213653564453
45,31.27202033996582
45,27.65102767944336
45,32.049530029296875
45,25.73700523376465
45,34.78499221801758
45,27.790264129638672
45,29.613210678100586
45,27.801925659179688
45,32.56309127807617
45,32.46067428588867
45,29.11844825744629
45,32.77283477783203
45,31.384305953979492
45,29.148447036743164
45,32.771278381347656
45,29.074264526367188
45,31.761428833007812
45,29.477203369140625
45,24.889217376708984
45,27.496135711669922
45,33.837249755859375
45,24.988433837890625
45,30.934982299804688
45,27.502334594726562
45,29.375802993774414
45,29.303518295288086
45,24.79974937438965
45,26.605018615722656
45,30.878192901611328
45,28.50826644897461
45,30.510631561279297
45,26.624391555786133
45,25.06992530822754
45,32.97793960571289
45,34.56609344482422
45,28.111248016357422
45,27.548812866210938
45,23.476619720458984
45,28.380111694335938
45,34.82981872558594
45,34.48154830932617
45,28.05315399169922
45,34.64179229736328
45,32.1126708984375
45,29.363014221191406
45,26.8582763671875
45,29.940696716308594
45,29.47765350341797
45,29.72024917602539
45,23.967632293701172
45,34.5345344543457
45,32.90864944458008
45,24.78411865234375
45,27.99611473083496
45,29.20229721069336
45,32.577388763427734
45,30.408021926879883
45,24.739185333251953
45,30.82511329650879
45,30.813190460205078
45,30.723779678344727
45,32.105716705322266
45,27.1405086517334
45,27.8222599029541
45,27.138408660888672
45,33.86639404296875
45,31.5430965423584
45,34.14318084716797
45,27.58242416381836
45,30.759414672851562
45,28.22089195251465
45,24.494333267211914
45,26.843673706054688
45,30.885719299316406
45,27.894744873046875
45,32.83457565307617
45,27.17536163330078
45,27.962797164916992
45,24.59994125366211
45,32.82878494262695
45,33.93693923950195
45,32.772457122802734
45,30.737445831298828
45,33.67121887207031
45,32.89685821533203
45,27.31748390197754
45,30.940553665161133
45,25.55076026916504
45,29.526891708374023
45,29.222492218017578
45,28.604206085205078
45,31.116321563720703
45,29.2198429107666
45,26.154315948486328
45,25.059518814086914
45,31.421300888061523
45,32.031097412109375
45,24.953893661499023
45,28.008403778076172
45,24.792407989501953
45,31.86693000793457
45,26.100746154785156
45,32.94538116455078
45,27.508296966552734
45,29.016014099121094
45,30.659046173095703
45,27.608112335205078
45,30.229202270507812
45,32.281402587890625
45,34.62379837036133
45,28.805940628051758
45,30.808330535888672
45,35.99838638305664
45,32.942596435546875
45,32.64805603027344
45,31.476238250732422
45,32.987003326416016
45,28.019882202148438
45,29.515361785888672
45,31.983129501342773
45,31.6756534576416
45,28.02289581298828
45,24.715030670166016
45,26.01740264892578
45,31.12131690979004
45,25.237638473510742
45,24.379390716552734
45,27.247764587402344
45,25.201953887939453
45,33.79420471191406
45,34.82035827636719
45,33.178260803222656
45,33.749839782714844
45,29.796281814575195
45,24.86029052734375
45,30.331579208374023
45,30.534475326538086
45,29.385547637939453
45,25.09619140625
45,29.73257064819336
45,31.982709884643555
45,31.64366912841797
45,26.98867416381836
45,32.288455963134766
45,24.0875244140625
45,33.20023727416992
45,27.636825561523438
45,32.232032775878906
45,33.61335754394531
45,28.011009216308594
45,30.707002639770508
45,27.3039493560791
45,31.126699447631836
45,29.746829986572266
45,34.67121505737305
45,32.03743362426758
45,33.5951042175293
45,27.622838973999023
45,25.535356521606445
45,25.505849838256836
45,27.798141479492188
45,34.99739074707031
45,32.71799850463867
45,27.732070922851562
45,29.202579498291016
45,31.77857208251953
45,24.957115173339844
45,34.5134162902832
45,32.01935577392578
45,26.651445388793945
45,32.561279296875
45,32.56800079345703
45,30.787979125976562
45,26.600788116455078
45,24.513835906982422
45,27.47926139831543
45,28.165470123291016
45,31.5863094329834
45,24.373291015625
45,27.78247833251953
45,29.2789363861084
45,33.14547348022461
45,30.699115753173828
45,29.32814598083496
45,31.842710494995117
45,34.29589080810547
45,32.89347457885742
45,24.716999053955078
45,32.3216438293457
45,27.89295768737793
45,32.42835235595703
45,27.497549057006836
45,33.27009963989258
45,30.6103515625
45,33.094215393066406
45,32.94220733642578
45,33.31920623779297
45,29.63630485534668
45,28.72482681274414
45,29.883106231689453
45,27.023273468017578
45,33.534629821777344
45,26.178890228271484
45,33.493431091308594
45,32.247154235839844
45,29.75965118408203
45,27.69309425354004
45,29.776348114013672
45,33.629722595214844
45,33.669246673583984
45,31.678848266601562
45,29.106094360351562
45,31.793607711791992
45,32.83333969116211
45,30.01785659790039
45,29.682714462280273
45,28.245515823364258
45,30.856536865234375
45,29.89309310913086
45,28.583568572998047
45,29.994815826416016
45,25.895751953125
45,35.13999557495117
45,29.10846710205078
45,31.858367919921875
45,29.13139533996582
45,31.863203048706055
45,26.959308624267578
45,33.332096099853516
45,32.675907135009766
45,27.475807189941406
45,27.68284034729004
45,30.842403411865234
45,24.202688217163086
45,32.62577438354492
45,32.81060028076172
45,27.10235023498535
45,31.51171112060547
45,26.771697998046875
45,32.35064697265625
45,26.600627899169922
45,32.599769592285156
45,29.99250030517578
45,31.8682918548584
45,27.347763061523438
45,30.796085357666016
45,28.519084930419922
45,26.512107849121094
45,30.92283821105957
45,30.169898986816406
45,29.48695945739746
45,27.60408592224121
45,28.854557037353516
45,30.651996612548828
45,26.222980499267578
45,31.372028350830078
45,28.83843994140625
45,31.131750106811523
45,24.41551971435547
45,34.85234069824219
45,25.539051055908203
45,24.384672164916992
45,30.283977508544922
45,32.10453796386719
45,30.025787353515625
45,25.030855178833008
45,29.49524688720703
45,31.770933151245117
45,33.85205078125
45,33.662742614746094
45,29.185590744018555
45,26.842267990112305
45,30.326169967651367
45,32.741146087646484
45,32.78987503051758
45,30.488019943237305
45,23.998210906982422
45,34.71349334716797
45,31.412124633789062
45,25.49074935913086
45,29.64667320251465
45,33.29447555541992
45,30.663578033447266
45,28.639652252197266
45,27.354738235473633
45,27.282533645629883
45,31.088285446166992
45,33.11293029785156
45,27.583942413330078
45,30.46196937561035
45,24.621320724487305
45,28.631572723388672
45,27.270713806152344
45,33.70036315917969
45,25.402666091918945
45,31.971406936645508
45,33.04096603393555
45,26.561826705932617
45,29.630823135375977
45,31.065595626831055
45,30.987964630126953
45,24.818838119506836
45,29.56160545349121
45,32.66374969482422
45,27.43769073486328
45,26.762422561645508
45,27.32030487060547
45,28.89887046813965
45,32.266624450683594
45,29.23185920715332
45,25.510862350463867
45,29.51626968383789
45,25.00670051574707
45,27.75194549560547
45,34.5842170715332
45,31.959081649780273
45,31.552976608276367
45,26.685596466064453
45,29.334266662597656
45,23.428171157836914
45,34.3488883972168
45,34.04568099975586
45,35.50889587402344
45,33.20444869995117
45,27.100086212158203
45,31.69981575012207
45,24.159473419189453
45,31.74285316467285
45,25.493820190429688
45,28.64039421081543
45,26.05454444885254
45,23.438220977783203
45,27.8834285736084
45,29.60476303100586
45,31.562875747680664
45,24.450632095336914
45,29.441120147705078
45,27.7979679107666
45,31.099506378173828
45,27.467510223388672
45,26.62999153137207
45,24.809581756591797
45,29.922027587890625
45,24.681060791015625
45,30.92685317993164
45,29.035879135131836
45,27.12137222290039
45,27.98991584777832
45,32.545284271240234
45,24.765005111694336
45,28.49797248840332
45,27.656620025634766
45,26.415348052978516
45,28.25262451171875
45,25.779714584350586
45,30.034700393676758
45,33.955108642578125
45,33.37070846557617
45,32.853878021240234
45,31.442535400390625
45,32.13022232055664
45,32.55530548095703
45,29.740636825561523
45,31.38636589050293
45,30.413515090942383
45,32.6698112487793
45,29.748563766479492
45,26.23940086364746
45,30.211345672607422
45,29.65760612487793
45,31.518213272094727
45,34.3544807434082
45,33.68827438354492
45,25.653614044189453
45,26.7277774810791
45,30.436485290527344
45,26.670669555664062
45,35.5722770690918
45,31.44717025756836
45,31.876440048217773
45,27.892070770263672
45,28.043136596679688
45,32.51115417480469
45,26.40116310119629
45,28.48084259033203
45,28.604990005493164
45,27.526214599609375
45,32.01877212524414
45,32.95481491088867
45,31.021434783935547
45,32.52009963989258
45,31.518468856811523
45,34.44429016113281
45,25.337142944335938
45,33.3995475769043
45,25.30931854248047
45,31.735595703125
45,26.506385803222656
45,32.860595703125
45,29.337493896484375
45,34.011844635009766
45,33.642578125
45,26.558971405029297
45,25.565967559814453
45,32.732696533203125
45,29.05626106262207
45,25.678924560546875
45,31.32050895690918
45,26.835905075073242
45,32.950111389160156
45,26.35544776916504
45,30.93425941467285
45,35.67567825317383
45,26.945064544677734
45,28.304956436157227
45,34.46151351928711
45,24.002824783325195
45,27.61594581604004
45,25.963825225830078
45,33.4490966796875
45,34.09905242919922
45,33.97290802001953
45,28.832725524902344
45,27.185821533203125
45,25.860301971435547
45,28.355003356933594
45,23.840492248535156
45,26.33371353149414
45,29.253028869628906
45,29.770174026489258
45,29.18807601928711
45,32.60321044921875
45,32.08258819580078
45,32.37282180786133
45,27.717174530029297
45,26.389007568359375
45,25.61025619506836
45,25.562211990356445
45,33.17185974121094
45,25.289241790771484
45,34.87014389038086
45,31.72665023803711
45,31.06713104248047
45,27.36235809326172
45,27.570585250854492
45,30.131080627441406
45,32.20729064941406
45,34.21650695800781
45,28.023290634155273
45,33.23172378540039
45,33.59092712402344
45,25.544845581054688
45,30.038246154785156
45,24.74468231201172
45,29.579345703125
45,31.910310745239258
45,27.240949630737305
45,34.281837463378906
45,34.231422424316406
45,26.780593872070312
45,36.11983871459961
45,28.393686294555664
45,28.432010650634766
45,31.314584732055664
45,25.114059448242188
45,25.31744384765625
45,30.98200035095215
45,30.490888595581055
45,31.369155883789062
45,28.328327178955078
45,30.481416702270508
45,29.530338287353516
45,33.19187927246094
45,27.89614486694336
45,26.119003295898438
45,24.651914596557617
45,32.52499771118164
45,28.851154327392578
45,35.13266372680664
45,28.220312118530273
45,27.329313278198242
45,30.73748779296875
45,24.791322708129883
45,23.870197296142578
45,27.379247665405273
45,24.431636810302734
45,28.946123123168945
45,25.143369674682617
45,32.88930892944336
45,31.217487335205078
45,27.09270477294922
45,31.640789031982422
45,33.36127853393555
45,32.541297912597656
45,27.445775985717773
45,25.880775451660156
45,32.553749084472656
45,26.35902976989746
45,30.50616455078125
45,26.83539581298828
45,26.603557586669922
45,31.71651840209961
45,28.896751403808594
45,24.09815216064453
45,25.60685157775879
45,33.39973068237305
45,29.096961975097656
45,31.820947647094727
45,26.18549346923828
45,31.767616271972656
45,32.982666015625
45,33.837432861328125
45,34.0313720703125
45,34.996498107910156
45,33.25358200073242
45,33.68248748779297
45,30.157489776611328
45,29.813064575195312
45,24.30865478515625
45,31.155664443969727
45,29.065383911132812
45,28.96216583251953
45,27.152008056640625
45,29.204814910888672
45,25.43132972717285
45,26.97822380065918
45,34.19101333618164
45,27.765108108520508
45,24.940950393676758
45,31.843013763427734
45,28.605215072631836
45,27.51436424255371
45,28.108991622924805
45,30.545902252197266
45,27.975032806396484
45,29.79730987548828
45,27.208629608154297
45,26.14824676513672
45,28.223337173461914
45,31.19779396057129
45,32.36966323852539
45,26.52791976928711
45,26.175025939941406
45,28.149629592895508
45,29.63786506652832
45,33.642818450927734
45,27.851694107055664
45,26.391599655151367
45,31.9611873626709
45,26.523174285888672
45,26.411808013916016
45,28.997772216796875
45,24.95282745361328
45,29.436429977416992
45,27.860593795776367
45,24.823476791381836
45,24.76953125
45,31.22644805908203
45,25.31378936767578
45,25.63425636291504
45,34.20469284057617
45,30.7759952545166
45,34.640926361083984
45,31.43086051940918
45,33.538814544677734
45,30.854875564575195
45,25.207271575927734
45,27.096384048461914
45,27.16767692565918
45,31.3370304107666
45,30.22517967224121
45,28.821012496948242
45,29.397384643554688
45,26.479785919189453
45,26.98281478881836
45,29.255308151245117
45,30.07132339477539
45,30.09219741821289
45,33.067466735839844
45,24.982885360717773
45,30.49031639099121
45,26.819299697875977
45,25.389923095703125
45,32.45642852783203
45,31.754501342773438
45,33.77210235595703
45,30.373945236206055
45,29.81728172302246
45,34.14311981201172
45,34.370872497558594
45,24.544662475585938
45,27.95150375366211
45,30.666765213012695
45,34.72605514526367
45,27.634939193725586
45,28.07547378540039
45,25.854957580566406
45,27.054609298706055
45,27.727806091308594
45,32.84170913696289
45,32.18368148803711
45,35.17644119262695
45,23.766559600830078
45,31.371305465698242
45,33.445945739746094
45,32.37858581542969
45,29.129865646362305
45,28.615026473999023
45,27.195968627929688
45,28.25554847717285
45,29.800996780395508
45,27.013248443603516
45,32.12015151977539
45,30.38359260559082
45,24.638147354125977
45,31.78427505493164
45,24.60000228881836
45,33.747230529785156
45,31.495962142944336
45,26.131635665893555
45,28.102882385253906
45,29.854190826416016
45,28.24758529663086
45,27.64960289001465
45,32.81903839111328
45,31.388164520263672
45,24.039873123168945
45,24.275039672851562
45,26.91044807434082
45,32.359344482421875
45,31.711896896362305
45,29.53943634033203
45,28.683908462524414
45,32.88600540161133
45,29.423250198364258
45,27.86737060546875
45,32.02828598022461
45,34.96281433105469
45,31.274703979492188
45,32.41523361206055
45,25.90352439880371
45,29.577533721923828
45,32.89089584350586
45,32.27030563354492
45,33.62455368041992
45,27.788183212280273
45,28.07097053527832
45,24.96528434753418
45,32.79600524902344
45,25.81805419921875
45,30.30738067626953
45,30.07050323486328
45,29.473234176635742
45,31.673280715942383
45,30.51072120666504
45,26.699769973754883
45,25.052898406982422
45,34.83924865722656
45,32.25225830078125
45,34.193153381347656
45,29.01820182800293
45,32.23784637451172
45,33.08495330810547
45,31.814220428466797
45,25.193618774414062
45,27.093971252441406
45,27.036649703979492
45,26.05773162841797
45,32.418087005615234
45,34.70994567871094
45,29.869638442993164
45,24.630165100097656
45,25.128263473510742
45,26.726318359375
45,31.387470245361328
45,32.70460891723633
45,31.737173080444336
45,33.69259262084961
45,33.74016189575195
45,33.123260498046875
45,26.797758102416992
45,24.65595245361328
45,32.164573669433594
45,27.3258056640625
45,33.10441589355469
45,32.72612762451172
45,32.39808654785156
45,33.20979309082031
45,25.864498138427734
45,28.619997024536133
45,23.521312713623047
45,25.125743865966797
45,23.967975616455078
45,28.805233001708984
45,24.953369140625
45,29.22350311279297
45,31.1182861328125
45,25.87592315673828
45,25.573732376098633
45,33.241355895996094
45,27.297739028930664
45,33.142208099365234
45,30.09248924255371
45,26.852195739746094
45,26.80937957763672
45,32.646446228027344
45,28.4486141204834
45,25.21568489074707
45,32.97181701660156
45,27.952987670898438
45,29.005115509033203
45,26.724628448486328
45,31.259166717529297
45,24.76226234436035
45,27.31243133544922
45,24.51517105102539
45,27.40224266052246
45,32.25892639160156
45,28.13119888305664
45,34.28855895996094
45,23.676115036010742
45,24.96389389038086
45,32.067291259765625
45,29.386695861816406
45,27.649490356445312
45,32.82221221923828
45,35.6517333984375
45,25.691356658935547
45,33.44502258300781
45,28.702823638916016
45,33.36662292480469
45,29.171762466430664
45,27.591964721679688
45,25.52194595336914
45,27.639663696289062
45,30.37869644165039
45,28.015180587768555
45,27.177082061767578
45,24.839338302612305
45,31.160627365112305
45,31.459461212158203
45,32.70098876953125
45,25.58683967590332
45,28.797189712524414
45,27.778085708618164
45,33.404510498046875
45,32.5948371887207
45,26.917505264282227
45,24.190649032592773
45,34.848201751708984
45,27.9818115234375
45,31.20005989074707
45,24.432750701904297
45,26.07419204711914
45,31.626319885253906
45,31.70943832397461
45,34.11804962158203
45,29.77228546142578
45,27.893199920654297
45,33.37700653076172
45,28.385635375976562
45,29.415891647338867
45,29.84173583984375
45,35.56739044189453
45,28.09336280822754
45,25.323780059814453
45,33.38490295410156
45,31.3898983001709
45,26.21440315246582
45,28.10649299621582
45,33.30419921875
45,33.02530288696289
45,31.876747131347656
45,24.055667877197266
45,34.601158142089844
45,24.236961364746094
45,26.463472366333008
45,31.1769962310791
45,31.65552520751953
45,33.231388092041016
45,26.45221710205078
45,33.55823516845703
45,28.377981185913086
45,27.14373207092285
45,26.787500381469727
45,26.480567932128906
45,32.91617202758789
45,28.93064308166504
45,28.784282684326172
45,26.22432518005371
45,28.054298400878906
45,26.126853942871094
45,32.57590866088867
45,27.082799911499023
45,29.764562606811523
45,26.501306533813477
48,28.164756774902344
48,27.424854278564453
48,27.022933959960938
48,33.29557418823242
48,24.27560806274414
48,33.008663177490234
48,33.28890609741211
48,32.908790588378906
48,29.894025802612305
48,30.05507469177246
48,26.566268920898438
48,33.79217529296875
48,29.980396270751953
48,29.40629005432129
48,30.37233543395996
48,26.190505981445312
48,32.2450065612793
48,32.94084930419922
48,28.59697723388672
48,32.17080307006836
48,28.366535186767578
48,32.61231231689453
48,27.85190773010254
48,32.20248031616211
48,31.247516632080078
48,30.354080200195312
48,27.327199935913086
48,26.24484634399414
48,34.74168395996094
48,33.296363830566406
48,33.677955627441406
48,24.096158981323242
48,32.24252700805664
48,30.07662582397461
48,30.887882232666016
48,28.17952537536621
48,34.0947265625
48,24.098051071166992
48,32.438358306884766
48,24.253957748413086
48,30.124858856201172
48,32.913055419921875
48,33.90938949584961
48,33.955848693847656
48,35.251644134521484
48,25.261503219604492
48,32.57836151123047
48,30.429243087768555
48,30.57415008544922
48,25.069122314453125
48,26.944822311401367
48,27.988441467285156
48,29.428306579589844
48,31.03938102722168
48,25.059871673583984
48,30.223371505737305
48,29.53150177001953
48,30.157711029052734
48,28.43398666381836
48,26.96238136291504
48,33.72087860107422
48,33.07388687133789
48,27.48701286315918
48,30.2170467376709
48,28.113893508911133
48,30.25467872619629
48,29.31366539001465
48,26.401559829711914
48,30.340587615966797
48,32.79936599731445
48,30.00698471069336
48,24.19759750366211
48,27.604917526245117
48,29.512948989868164
48,27.412595748901367
48,32.57622146606445
48,33.69683837890625
48,28.177099227905273
48,35.88615036010742
48,26.5933837890625
48,24.77853012084961
48,32.96088409423828
48,31.69367027282715
48,31.221925735473633
48,29.729515075683594
48,26.174104690551758
48,26.012447357177734
48,25.6766414642334
48,29.19875144958496
48,31.42099380493164
48,23.518787384033203
48,27.833471298217773
48,28.681821823120117
48,28.537322998046875
48,32.576175689697266
48,29.14320945739746
48,30.21263885498047
48,32.238304138183594
48,25.172119140625
48,24.528636932373047
48,27.37700653076172
48,32.706642150878906
48,32.050960540771484
48,33.69550704956055
48,26.032339096069336
48,28.8402156829834
48,31.984830856323242
48,31.87211799621582
48,32.84690475463867
48,30.618839263916016
48,24.600753784179688
48,25.45327377319336
48,29.513717651367188
48,28.658903121948242
48,29.79526710510254
48,31.202537536621094
48,24.19976234436035
48,27.309171676635742
48,28.456087112426758
48,28.139848709106445
48,32.253074645996094
48,27.836397171020508
48,27.136306762695312
48,34.08965301513672
48,28.289470672607422
48,33.53117370605469
48,35.0042724609375
48,27.16873550415039
48,34.77452087402344
48,25.484567642211914
48,26.523651123046875
48,33.07964324951172
48,25.98529815673828
48,30.69253158569336
48,25.706113815307617
48,32.23453903198242
48,30.613340377807617
48,32.424705505371094
48,29.698110580444336
48,26.270952224731445
48,28.06801414489746
48,23.773666381835938
48,28.225618362426758
48,29.296287536621094
48,32.83723831176758
48,25.096532821655273
48,26.972322463989258
48,32.44352340698242
48,32.01177215576172
48,26.257959365844727
48,29.512617111206055
48,25.29889678955078
48,33.39771270751953
48,28.818614959716797
48,34.540889739990234
48,25.02121353149414
48,27.307479858398438
48,32.077945709228516
48,24.850645065307617
48,30.006750106811523
48,33.40057373046875
48,24.753467559814453
48,28.107391357421875
48,33.75150680541992
48,26.739009857177734
48,27.589679718017578
48,26.45623016357422
48,24.795289993286133
48,29.609697341918945
48,26.46380615234375
48,29.111921310424805
48,32.792266845703125
48,31.950210571289062
48,28.157564163208008
48,34.18889617919922
48,24.83091926574707
48,26.941898345947266
48,25.751710891723633
48,27.56299591064453
48,28.088726043701172
48,32.645469665527344
48,31.46267318725586
48,29.205848693847656
48,28.6369686126709
48,27.99825668334961
48,32.62311935424805
48,32.68540573120117
48,26.36275291442871
48,32.13430404663086
48,34.884822845458984
48,24.408920288085938
48,31.894115447998047
48,33.26852035522461
48,28.038782119750977
48,25.699953079223633
48,29.099428176879883
48,27.916240692138672
48,30.881223678588867
48,26.93801498413086
48,34.56461715698242
48,28.075716018676758
48,32.481781005859375
48,32.39065170288086
48,31.706331253051758
48,30.63258934020996
48,27.76975440979004
48,28.88362693786621
48,23.570037841796875
48,24.850311279296875
48,25.263288497924805
48,31.635873794555664
48,28.98159408569336
48,24.45363998413086
48,28.491561889648438
48,33.35102081298828
48,27.561580657958984
48,34.45140075683594
48,28.776124954223633
48,29.87433624267578
48,26.806541442871094
48,29.558927536010742
48,24.10474395751953
48,28.05185317993164
48,34.57828903198242
48,26.21475601196289
48,34.67319869995117
48,31.715482711791992
48,26.003931045532227
48,31.644908905029297
48,34.647953033447266
48,31.986299514770508
48,31.045246124267578
48,30.57954978942871
48,34.81203842163086
48,33.02938461303711
48,28.338422775268555
48,33.596073150634766
48,25.353126525878906
48,24.479936599731445
48,23.706626892089844
48,25.51380729675293
48,25.208566665649414
48,32.777835845947266
48,29.401941299438477
48,24.609119415283203
48,31.47688865661621
48,26.358951568603516
48,32.0843391418457
48,28.59202003479004
48,34.0303840637207
48,32.75178527832031
48,32.296260833740234
48,26.38046646118164
48,24.699832916259766
48,25.617637634277344
48,25.443326950073242
48,27.747905731201172
48,32.412025451660156
48,26.490306854248047
48,27.225149154663086
48,35.43028259277344
48,24.536869049072266
48,32.54558181762695
48,27.04070472717285
48,30.26416778564453
48,24.39541244506836
48,31.115785598754883
48,33.29234313964844
48,27.077228546142578
48,31.668350219726562
48,31.943857192993164
48,25.310951232910156
48,24.396753311157227
48,31.018632888793945
48,30.35588264465332
48,31.476402282714844
48,34.73228073120117
48,24.69192123413086
48,27.74992561340332
48,33.448307037353516
48,33.52716827392578
48,25.477811813354492
48,28.496013641357422
48,34.06155776977539
48,31.508760452270508
48,24.64702606201172
48,25.037334442138672
48,32.082496643066406
48,29.000686645507812
48,26.112415313720703
48,31.13954734802246
48,25.982316970825195
48,31.453981399536133
48,27.99655532836914
48,29.921741485595703
48,29.831056594848633
48,29.37240219116211
48,29.7177734375
48,33.537193298339844
48,26.08051300048828
48,25.874536514282227
48,29.73988914489746
48,34.5179557800293
48,25.702959060668945
48,32.52427291870117
48,28.927846908569336
48,30.323957443237305
48,30.054981231689453
48,29.161561965942383
48,32.73048400878906
48,28.23723793029785
48,24.524024963378906
48,32.460235595703125
48,24.723554611206055
48,33.39463424682617
48,25.182050704956055
48,31.232967376708984
48,30.23256492614746
48,32.01013946533203
48,25.057863235473633
48,27.093624114990234
48,31.856822967529297
48,32.34019088745117
48,29.358715057373047
48,32.209110260009766
48,27.540380477905273
48,30.40793800354004
48,32.5783576965332
48,26.34326171875
48,28.84824562072754
48,33.17957305908203
48,33.90007019042969
48,32.65211486816406
48,30.457218170166016
48,28.918224334716797
48,32.61824417114258
48,29.397092819213867
48,28.964345932006836
48,31.291519165039062
48,32.35799026489258
48,24.614246368408203
48,27.500078201293945
48,31.081113815307617
48,31.595542907714844
48,33.078399658203125
48,30.35424041748047
48,29.30152702331543
48,32.329463958740234
48,32.49756622314453
48,31.376863479614258
48,24.99060821533203
48,24.449125289916992
48,27.477264404296875
48,32.96968460083008
48,24.955753326416016
48,25.201053619384766
48,34.895442962646484
48,33.802764892578125
48,25.63890266418457
48,32.69538879394531
48,24.65679168701172
48,35.040828704833984
48,33.830955505371094
48,26.646621704101562
48,32.556114196777344
48,32.6682014465332
48,30.085725784301758
48,26.25139045715332
48,32.382789611816406
48,28.148958206176758
48,32.73855972290039
48,24.346155166625977
48,24.44009780883789
48,24.82004737854004
48,32.59171676635742
48,30.802637100219727
48,25.984987258911133
48,24.27277374267578
48,29.438692092895508
48,31.30641746520996
48,32.56831741333008
48,32.28289031982422
48,33.6583251953125
48,26.308834075927734
48,27.704591751098633
48,25.09498405456543
48,28.047224044799805
48,33.94807434082031
48,32.9903450012207
48,32.36557388305664
48,24.97808837890625
48,32.326290130615234
48,27.828582763671875
48,28.465314865112305
48,32.692359924316406
48,33.55828094482422
48,24.3192138671875
48,31.61577033996582
48,27.19094467163086
48,29.084754943847656
48,32.30018997192383
48,32.51578903198242
48,26.171276092529297
48,28.198375701904297
48,26.386615753173828
48,31.449155807495117
48,26.796045303344727
48,25.54651641845703
48,32.56899642944336
48,28.592214584350586
48,26.515066146850586
48,27.623218536376953
48,31.465255737304688
48,26.426523208618164
48,33.908836364746094
48,32.31180191040039
48,24.127906799316406
48,24.473114013671875
48,27.759563446044922
48,25.015928268432617
48,32.87789535522461
48,32.869850158691406
48,29.72026824951172
48,27.916275024414062
48,31.495250701904297
48,27.788288116455078
48,26.244707107543945
48,28.332639694213867
48,30.027034759521484
48,29.684913635253906
48,30.132869720458984
48,26.297338485717773
48,27.173416137695312
48,25.28654670715332
48,24.090675354003906
48,26.12909507751465
48,25.921594619750977
48,33.70977020263672
48,31.73963165283203
48,26.422836303710938
48,27.365936279296875
48,29.12908935546875
48,32.96876525878906
48,23.61486053466797
48,26.343494415283203
48,23.85175895690918
48,33.580223083496094
48,32.373573303222656
48,31.208942413330078
48,26.417673110961914
48,27.7852840423584
48,28.127201080322266
48,31.852872848510742
48,32.004661560058594
48,28.452051162719727
48,27.43239974975586
48,31.522315979003906
48,25.014190673828125
48,30.27643585205078
48,25.704647064208984
48,28.923715591430664
48,32.34714889526367
48,33.1461296081543
48,26.97735023498535
48,28.95365333557129
48,26.96401596069336
48,34.14799118041992
48,26.40818214416504
48,34.35353469848633
48,24.579011917114258
48,28.825368881225586
48,24.156494140625
48,33.230674743652344
48,28.182519912719727
48,26.66529655456543
48,29.73956298828125
48,30.13275909423828
48,24.8353271484375
48,31.801773071289062
48,30.066312789916992
48,29.987415313720703
48,32.74417495727539
48,27.93006706237793
48,23.988117218017578
48,24.644662857055664
48,29.435449600219727
48,28.924118041992188
48,29.817827224731445
48,33.23548889160156
48,30.313936233520508
48,25.887802124023438
48,24.531103134155273
48,31.85871696472168
48,27.199981689453125
48,24.02093505859375
48,29.893709182739258
48,25.47832679748535
48,26.088930130004883
48,31.277507781982422
48,29.05893898010254
48,26.243968963623047
48,24.108190536499023
48,25.218292236328125
48,31.219379425048828
48,30.431617736816406
48,29.113679885864258
48,33.102027893066406
48,27.0584716796875
48,27.738073348999023
48,25.464359283447266
48,30.58966827392578
48,30.395723342895508
48,32.279327392578125
48,25.320077896118164
48,28.05841064453125
48,31.19394874572754
48,34.26030731201172
48,33.05217742919922
48,31.595752716064453
48,28.00350570678711
48,26.732379913330078
48,29.074127197265625
48,34.01633834838867
48,29.51807403564453
48,33.48115921020508
48,32.271202087402344
48,32.147621154785156
48,29.384326934814453
48,30.486068725585938
48,29.011796951293945
48,29.511777877807617
48,33.347740173339844
48,27.01289939880371
48,27.08628273010254
48,27.027862548828125
48,26.837055206298828
48,29.844907760620117
48,30.847890853881836
48,35.120201110839844
48,29.699371337890625
48,30.89742660522461
48,31.372695922851562
48,26.23741912841797
48,25.30288314819336
48,24.933250427246094
48,25.00201988220215
48,28.75986099243164
48,32.71649169921875
48,34.33165740966797
48,30.294599533081055
48,31.091629028320312
48,29.341419219970703
48,33.069908142089844
48,30.266386032104492
48,33.65486145019531
48,34.074893951416016
48,31.651752471923828
48,24.337480545043945
48,28.948040008544922
48,28.008495330810547
48,28.311813354492188
48,32.947505950927734
48,32.2078857421875
48,28.352025985717773
48,30.4788818359375
48,28.54155731201172
48,34.52762985229492
48,32.51862716674805
48,32.43754959106445
48,25.394155502319336
48,31.848102569580078
48,30.335559844970703
48,30.67927360534668
48,30.829143524169922
48,25.069576263427734
48,30.947765350341797
48,27.896747589111328
48,32.577632904052734
48,25.634309768676758
48,24.679237365722656
48,26.130788803100586
48,31.231075286865234
48,27.60546112060547
48,27.377948760986328
48,24.2442626953125
48,34.48939895629883
48,24.447498321533203
48,33.7148323059082
48,32.54602813720703
48,31.729827880859375
48,26.479257583618164
48,29.882701873779297
48,32.60342788696289
48,31.675607681274414
48,30.316993713378906
48,32.94521713256836
48,29.669818878173828
48,23.388423919677734
48,30.04562759399414
48,29.02144432067871
48,28.41394805908203
48,34.11796188354492
48,32.968379974365234
48,32.8432731628418
48,33.65133285522461
48,32.03407287597656
48,27.131118774414062
48,34.02869415283203
48,31.468238830566406
48,32.562416076660156
48,25.23505210876465
48,32.56489944458008
48,27.446353912353516
48,33.607147216796875
48,30.89178466796875
48,31.17424201965332
48,29.121105194091797
48,26.05480194091797
48,31.71133041381836
48,28.29212188720703
48,29.95732879638672
48,29.722705841064453
48,33.48719787597656
48,32.988868713378906
48,33.00428771972656
48,29.17344093322754
48,27.931184768676758
48,27.096681594848633
48,24.534332275390625
48,29.29147720336914
48,28.96815299987793
48,33.86886978149414
48,25.241653442382812
48,32.53520584106445
48,25.323869705200195
48,31.83317756652832
48,24.330224990844727
48,28.085683822631836
48,29.73520851135254
48,29.080726623535156
48,31.196565628051758
48,23.794076919555664
48,33.327857971191406
48,30.205533981323242
48,32.054988861083984
48,34.222862243652344
48,29.97669792175293
48,27.75278663635254
48,34.90914535522461
48,25.101266860961914
48,27.374021530151367
48,31.04987335205078
48,29.03462791442871
48,28.18294906616211
48,32.0815315246582
48,28.4547061920166
48,30.651824951171875
48,30.952133178710938
48,29.486387252807617
48,34.33213806152344
48,27.548734664916992
48,33.8525390625
48,25.237306594848633
48,26.993444442749023
48,29.862266540527344
48,26.720233917236328
48,23.956647872924805
48,27.46973991394043
48,27.714357376098633
48,28.529964447021484
48,28.52315902709961
48,28.666362762451172
48,31.889724731445312
48,33.90742492675781
48,29.31805419921875
48,26.8944091796875
48,27.625062942504883
48,25.986425399780273
48,33.30844497680664
48,28.226594924926758
48,25.14808464050293
48,30.20650291442871
48,24.808095932006836
48,29.750652313232422
48,26.38887596130371
48,31.444616317749023
48,26.42102813720703
48,27.605615615844727
48,30.622642517089844
48,28.42154312133789
48,25.962820053100586
48,31.5704345703125
48,28.060144424438477
48,28.232276916503906
48,26.130783081054688
48,31.724327087402344
48,25.985267639160156
48,27.993066787719727
48,24.925777435302734
48,24.953702926635742
48,27.3022403717041
48,28.489765167236328
48,26.512374877929688
48,28.830406188964844
48,29.32491683959961
48,27.94974708557129
48,32.08890151977539
48,34.65785217285156
48,31.514646530151367
48,29.78903579711914
48,24.635467529296875
48,28.06328010559082
48,24.76094627380371
48,33.42409133911133
48,32.3154296875
48,31.89794921875
48,31.249168395996094
48,24.176572799682617
48,32.96599578857422
48,36.015289306640625
48,24.16978645324707
48,30.730432510375977
48,34.40241622924805
48,25.767452239990234
48,32.24689483642578
48,31.349706649780273
48,25.17665672302246
48,28.548877716064453
48,27.815847396850586
48,29.758161544799805
48,24.795013427734375
48,26.621543884277344
48,25.9512996673584
48,29.048959732055664
48,25.382728576660156
48,33.18568420410156
48,30.57956886291504
48,24.83993148803711
48,27.17252540588379
48,27.28207015991211
48,30.750574111938477
48,30.369260787963867
48,29.52622413635254
48,26.54281997680664
48,34.87778091430664
48,31.039295196533203
48,26.744766235351562
48,32.81578826904297
48,32.742889404296875
48,33.89685821533203
48,25.856172561645508
48,27.027067184448242
48,26.035037994384766
48,31.04165267944336
48,27.618432998657227
48,33.11337661743164
48,30.431629180908203
48,28.578468322753906
48,29.798046112060547
48,33.51446533203125
48,28.103042602539062
48,30.830934524536133
48,23.307693481445312
48,31.14206886291504
48,30.500961303710938
48,33.886253356933594
48,31.879465103149414
48,30.197187423706055
48,31.86614227294922
48,28.953603744506836
48,24.96084976196289
48,32.341495513916016
48,24.511669158935547
48,25.79094886779785
48,26.6629581451416
48,31.260387420654297
48,24.53543472290039
48,27.080284118652344
48,25.719356536865234
48,24.65797996520996
48,28.65468978881836
48,29.543859481811523
48,26.83582878112793
48,31.762500762939453
48,25.611825942993164
48,28.001895904541016
48,25.69925308227539
48,32.34226989746094
48,26.37356185913086
48,27.055377960205078
48,31.89651107788086
48,25.295644760131836
48,32.91179656982422
48,28.542707443237305
48,28.76409912109375
48,29.234121322631836
48,26.423351287841797
48,29.450702667236328
48,32.30305862426758
48,28.72733497619629
48,34.08548355102539
48,25.64777946472168
48,27.95246696472168
48,26.776729583740234
48,32.08462142944336
48,34.02518844604492
48,29.506425857543945
48,24.27811050415039
48,26.798887252807617
48,25.305068969726562
48,27.527164459228516
48,29.096614837646484
48,25.095264434814453
48,25.962854385375977
48,25.332233428955078
48,29.67479705810547
48,29.662933349609375
48,25.054298400878906
48,29.64766502380371
48,24.598430633544922
48,33.86003875732422
48,31.242307662963867
48,30.126068115234375
48,27.869943618774414
48,28.554088592529297
48,30.621047973632812
48,26.126781463623047
48,29.896644592285156
48,31.849872589111328
48,24.272462844848633
48,30.907930374145508
48,27.959840774536133
48,32.62710952758789
48,30.478914260864258
48,32.89512634277344
48,28.886783599853516
48,28.959304809570312
48,28.501131057739258
48,30.019763946533203
48,30.47407341003418
48,24.9437198638916
48,25.188047409057617
48,27.20669937133789
48,30.405376434326172
48,32.87687683105469
48,33.47329330444336
48,24.05144691467285
48,33.291568756103516
48,29.44489860534668
48,25.17551040649414
48,32.85311508178711
48,27.517223358154297
48,29.841218948364258
48,35.25656509399414
48,25.60103988647461
48,28.994678497314453
48,23.724275588989258
48,26.209308624267578
48,29.269798278808594
48,28.011241912841797
48,29.26932144165039
48,27.074684143066406
48,33.966552734375
48,29.14965057373047
48,29.822711944580078
48,31.40436363220215
48,29.502370834350586
48,29.448566436767578
48,32.27128601074219
48,27.909603118896484
48,27.91473388671875
48,24.929018020629883
48,26.00900650024414
48,34.074684143066406
48,33.001258850097656
48,33.47681427001953
48,30.04439353942871
48,30.245607376098633
48,30.3372802734375
48,27.34929084777832
48,30.58852767944336
48,23.601802825927734
48,35.48674011230469
48,25.609743118286133
48,35.09001541137695
48,31.918607711791992
48,30.575130462646484
48,31.772953033447266
48,33.765235900878906
48,32.56645965576172
48,31.121740341186523
48,33.79060363769531
48,23.415246963500977
48,32.95433044433594
48,31.661664962768555
48,25.4926700592041
48,26.120342254638672
48,30.0504207611084
48,26.601722717285156
48,32.246681213378906
48,26.004146575927734
48,30.580503463745117
48,23.63215446472168
48,28.02257537841797
48,25.50914764404297
48,28.628387451171875
48,29.056055068969727
48,26.007291793823242
48,31.82162857055664
48,25.375097274780273
48,24.513992309570312
48,24.770917892456055
48,27.22835350036621
48,27.564611434936523
48,25.834516525268555
48,25.39464569091797
48,26.956642150878906
48,29.82762908935547
48,29.382978439331055
48,28.93537712097168
48,25.145170211791992
48,33.21711730957031
48,30.48163414001465
48,25.795623779296875
48,26.41063690185547
48,34.34919738769531
48,33.629920959472656
48,24.585721969604492
48,27.388446807861328
48,31.35173988342285
48,33.694766998291016
48,27.478153228759766
48,31.70452880859375
48,32.31952667236328
48,32.71303176879883
48,34.214454650878906
48,32.64955139160156
48,26.971843719482422
48,27.470605850219727
48,32.90810012817383
48,26.12508773803711
48,24.69991683959961
48,25.276409149169922
48,30.551116943359375
48,26.986488342285156
48,27.92518424987793
48,27.327213287353516
48,30.105207443237305
48,27.700538635253906
48,31.399293899536133
48,34.62873077392578
48,33.18129348754883
48,27.516408920288086
48,29.010883331298828
48,27.07448387145996
48,32.32367706298828
48,28.63887596130371
48,25.39375877380371
48,33.713890075683594
48,28.523386001586914
48,30.953208923339844
48,24.770835876464844
48,26.698829650878906
48,22.75007438659668
48,28.9024600982666
48,26.52295684814453
48,25.873693466186523
48,28.155500411987305
48,27.991260528564453
48,29.548568725585938
48,27.36472511291504
48,24.61545753479004
48,27.279428482055664
48,25.83682632446289
48,35.26934051513672
48,30.184417724609375
48,28.981813430786133
48,30.550016403198242
48,32.85959243774414
48,27.751361846923828
48,32.30719757080078
48,24.416175842285156
48,29.74834632873535
48,34.9779167175293
48,31.608848571777344
48,27.274200439453125
48,33.094444274902344
48,29.728763580322266
48,32.03730773925781
48,25.823619842529297
48,26.684263229370117
48,31.52487564086914
48,25.236066818237305
48,30.60242462158203
48,31.03605079650879
48,24.475404739379883
48,33.100399017333984
48,23.858959197998047
48,32.22677993774414
48,27.53050422668457
48,26.88554573059082
48,32.43854522705078
48,30.6613826751709
48,28.0944766998291
48,23.922767639160156
48,28.47427749633789
48,27.633066177368164
48,31.63546371459961
48,31.67446517944336
48,25.442398071289062
48,26.135574340820312
48,24.597455978393555
48,29.164886474609375
48,24.711856842041016
48,28.076940536499023
48,32.62454605102539
48,28.593536376953125
48,24.03094482421875
48,31.5649356842041
48,25.06793975830078
48,34.17546081542969
48,33.330322265625
48,32.97230911254883
48,34.490028381347656
48,29.838359832763672
48,32.06320571899414
48,33.30253601074219
48,27.17741584777832
48,24.912147521972656
48,33.84662628173828
48,27.284942626953125
48,24.450481414794922
48,26.719078063964844
48,33.1890983581543
48,33.19840621948242
48,27.175724029541016
48,23.939239501953125
48,24.695295333862305
48,34.43266677856445
48,26.41554069519043
48,29.718381881713867
48,32.7860107421875
48,31.060766220092773
48,32.386898040771484
48,27.00739097595215
48,30.97389793395996
48,33.72429656982422
48,30.987836837768555
48,31.74775505065918
48,25.234899520874023
48,28.56627655029297
48,33.75918960571289
48,28.381122589111328
48,31.96721649169922
48,30.2186222076416
48,29.046432495117188
48,29.2017879486084
48,28.67279624938965
48,28.567115783691406
48,29.39170265197754
48,31.4228458404541
48,30.970407485961914
48,25.064876556396484
48,26.265544891357422
48,27.96797752380371
48,31.981006622314453
48,28.721609115600586
48,32.70118713378906
48,31.614261627197266
48,35.12175369262695
48,26.053564071655273
48,27.874786376953125
48,32.61972427368164
48,30.6165828704834
48,31.33744239807129
48,28.02662467956543
48,36.34600830078125
48,27.828519821166992
48,30.374034881591797
48,25.57218360900879
48,24.894948959350586
48,33.92953109741211
48,31.452163696289062
48,25.726959228515625
48,31.185043334960938
48,25.450593948364258
48,25.128053665161133
48,25.849998474121094
48,26.327199935913086
48,32.46366882324219
48,27.230985641479492
48,27.8625545501709
48,33.482421875
48,25.434036254882812
48,27.875513076782227
48,31.84698486328125
48,31.859554290771484
48,29.954072952270508
48,31.176532745361328
48,26.755115509033203
48,26.932228088378906
48,29.395919799804688
48,27.629995346069336
48,27.530710220336914
48,27.415830612182617
48,28.4835147857666
48,33.741722106933594
48,28.934547424316406
48,28.81967544555664
48,24.67876434326172
48,29.024375915527344
48,28.70172691345215
48,34.58723068237305
48,30.881153106689453
48,32.57894515991211
48,30.46233367919922
48,31.504884719848633
48,32.174503326416016
48,27.352294921875
48,25.173667907714844
48,25.094432830810547
48,27.152956008911133
48,28.807144165039062
48,29.19597625732422
48,27.458860397338867
48,28.756868362426758
48,28.691789627075195
48,30.18926239013672
48,26.52271270751953
48,30.174598693847656
48,33.580135345458984
48,32.02757263183594
48,27.487218856811523
48,29.815673828125
48,24.371532440185547
48,31.879058837890625
48,33.101890563964844
48,28.11534881591797
48,33.21439743041992
48,29.74912452697754
48,25.161785125732422
48,28.471006393432617
48,29.67770004272461
48,27.572282791137695
48,32.04667282104492
48,33.23506546020508
48,24.675975799560547
48,28.433963775634766
48,32.49529266357422
48,32.66611099243164
48,30.14997100830078
48,33.379058837890625
48,28.716888427734375
48,26.3680477142334
48,26.88776397705078
48,33.911865234375
48,36.912269592285156
48,31.41796112060547
48,29.302595138549805
48,32.672576904296875
48,26.90850830078125
48,30.206165313720703
48,30.000720977783203
48,26.48253059387207
48,28.737388610839844
48,26.235801696777344
48,29.63731575012207
48,33.06254577636719
48,34.90815734863281
48,32.93419647216797
48,32.27641677856445
48,23.962635040283203
48,29.442974090576172
48,31.125835418701172
48,32.0480842590332
48,32.61476516723633
48,30.09656524658203
48,23.9721736907959
48,25.311250686645508
48,30.87741470336914
48,31.786598205566406
48,26.22464370727539
48,28.714752197265625
48,27.45834732055664
48,24.32334327697754
48,27.64523696899414
48,33.865116119384766
48,28.303312301635742
48,26.82258415222168
48,27.0175838470459
48,24.01886558532715
48,27.38951301574707
48,27.425037384033203
48,31.49514389038086
48,24.85407829284668
48,31.3819580078125
48,30.290813446044922
48,25.58099365234375
48,33.81847381591797
48,32.506710052490234
48,33.620941162109375
48,29.379623413085938
48,31.1298770904541
48,26.952011108398438
48,26.25566291809082
48,34.13398361206055
48,30.066818237304688
48,23.72806739807129
48,30.175491333007812
48,32.84876251220703
48,32.78668212890625
48,32.14213180541992
48,29.82918930053711
48,26.857933044433594
48,30.461000442504883
48,35.75004959106445
48,30.598867416381836
48,24.601289749145508
48,26.20133399963379
48,31.744140625
48,26.909021377563477
48,33.015235900878906
48,32.42274475097656
48,28.625152587890625
48,25.779808044433594
48,26.872156143188477
48,30.644033432006836
48,29.709457397460938
48,29.820463180541992
48,31.49942398071289
48,24.484790802001953
48,31.489755630493164
48,24.881629943847656
48,27.803712844848633
48,31.998388290405273
48,28.049468994140625
48,33.224761962890625
48,27.09217071533203
48,25.485157012939453
48,30.814245223999023
48,27.571807861328125
48,28.915773391723633
48,32.065643310546875
48,32.36378479003906
48,33.73512268066406
48,35.70970153808594
48,34.347721099853516
48,24.935829162597656
48,25.117860794067383
48,27.948291778564453
48,32.638832092285156
48,24.46613883972168
48,24.2376708984375
48,33.673072814941406
48,32.688785552978516
48,29.265344619750977
48,27.408802032470703
48,24.577667236328125
48,33.500892639160156
48,28.140625
48,31.630216598510742
48,33.42261505126953
48,31.85072898864746
48,31.845258712768555
48,31.559070587158203
48,30.212350845336914
48,29.513134002685547
48,27.03583526611328
48,24.486797332763672
48,28.919700622558594
48,33.19157028198242
48,26.434669494628906
48,24.08087730407715
48,34.778350830078125
48,28.507497787475586
48,27.714292526245117
48,30.303936004638672
48,33.70773696899414
48,26.781095504760742
48,25.503915786743164
48,27.654848098754883
48,32.03423309326172
48,26.77723503112793
48,31.909582138061523
48,23.828889846801758
48,31.020845413208008
48,28.35777473449707
48,28.895099639892578
48,32.58378601074219
48,32.33234786987305
48,30.28983497619629
48,27.521163940429688
48,25.63828468322754
48,27.313745498657227
48,28.548490524291992
48,26.79817008972168
48,29.73800277709961
48,28.228097915649414
48,30.107208251953125
48,25.74272918701172
48,28.83456802368164
48,24.58176040649414
48,30.307193756103516
48,23.593486785888672
48,31.396907806396484
48,24.631492614746094
48,27.355501174926758
48,30.00661277770996
48,30.171995162963867
48,29.773456573486328
48,29.764812469482422
48,27.934419631958008
48,33.8375129699707
48,25.28516960144043
48,30.660444259643555
48,25.03723907470703
48,31.79505729675293
48,28.239009857177734
48,25.612518310546875
48,32.93183517456055
48,30.275432586669922
48,33.177406311035156
48,24.620853424072266
48,31.592700958251953
48,29.169179916381836
48,31.823740005493164
48,32.686744689941406
48,31.59852409362793
48,32.132503509521484
48,33.19023513793945
48,25.293132781982422
48,33.491188049316406
48,30.773778915405273
48,27.42330551147461
48,30.53481674194336
48,27.76532554626465
48,30.48261260986328
48,32.86184310913086
48,26.51940155029297
48,29.65232276916504
48,31.033462524414062
48,33.898048400878906
48,31.108415603637695
48,23.1502685546875
48,27.415531158447266
48,34.19230651855469
48,33.357723236083984
48,32.63432312011719
48,28.7454891204834
48,33.40890884399414
48,33.65256881713867
48,24.781150817871094
48,28.22467041015625
48,29.478178024291992
48,32.969932556152344
48,31.95529556274414
48,25.772674560546875
48,34.112998962402344
48,31.73236846923828
48,25.948698043823242
48,29.063478469848633
48,32.95465850830078
48,28.36913299560547
48,27.658342361450195
48,28.437692642211914
48,24.563739776611328
48,26.649717330932617
48,30.3710994720459
48,30.032379150390625
48,32.420654296875
48,28.662878036499023
48,34.75222396850586
48,25.48091697692871
48,30.961894989013672
48,31.413297653198242
48,24.747699737548828
48,27.886314392089844
48,27.673871994018555
48,27.570405960083008
48,26.904830932617188
48,28.790311813354492
48,27.884626388549805
48,27.6405029296875
48,26.0382137298584
48,29.077547073364258
48,28.951431274414062
48,34.945823669433594
48,33.49485778808594
48,31.93084716796875
48,31.65203285217285
48,32.37150573730469
48,34.50026321411133
48,32.93863296508789
48,32.0317497253418
48,24.808317184448242
48,29.93442153930664
48,26.873668670654297
48,31.510358810424805
48,28.854537963867188
48,24.454410552978516
48,32.3585090637207
48,26.211746215820312
48,32.32002639770508
48,30.43004608154297
48,25.236482620239258
48,28.687477111816406
48,29.309349060058594
48,34.692596435546875
48,29.059783935546875
48,30.32888412475586
48,27.494108200073242
48,26.776634216308594
48,33.778602600097656
48,29.57611083984375
48,30.714008331298828
48,29.84410285949707
48,33.58390808105469
48,26.834794998168945
48,30.27080535888672
48,27.68117332458496
48,28.14067840576172
48,24.367145538330078
48,26.73508644104004
48,33.038021087646484
48,32.543487548828125
48,28.23072052001953
48,29.882915496826172
48,29.700929641723633
48,27.58793830871582
48,28.675769805908203
48,29.65856170654297
48,26.403173446655273
48,24.800029754638672
48,27.070960998535156
48,28.88614845275879
48,26.386106491088867
48,33.07197189331055
48,32.44001770019531
48,26.429845809936523
48,25.88346290588379
48,24.38391876220703
48,27.46074676513672
48,27.993005752563477
48,32.245609283447266
48,25.995759963989258
48,32.04790496826172
48,34.079803466796875
48,26.832746505737305
48,30.508983612060547
48,28.734493255615234
48,34.3672981262207
48,28.48973274230957
48,25.370515823364258
48,31.004228591918945
48,28.021390914916992
48,27.97381019592285
48,29.193683624267578
48,32.05537796020508
48,27.928421020507812
48,28.545841217041016
48,24.719398498535156
48,27.22366714477539
48,30.261640548706055
48,32.81208038330078
48,27.79824447631836
48,31.07427406311035
48,32.70931625366211
48,26.191879272460938
48,26.08322525024414
48,26.701810836791992
48,25.927734375
48,29.2023868560791
48,27.426334381103516
48,27.634931564331055
48,28.95957374572754
48,34.08298873901367
48,30.298282623291016
48,28.792146682739258
48,32.937355041503906
48,32.16815948486328
48,25.853315353393555
48,27.361000061035156
48,31.15974998474121
48,33.20267105102539
48,31.79935073852539
48,24.46524429321289
48,29.878625869750977
48,33.78634262084961
48,30.906757354736328
48,29.69595718383789
48,27.224611282348633
48,25.75108528137207
48,24.659215927124023
48,26.505617141723633
48,25.805984497070312
48,31.26633644104004
48,27.637664794921875
48,33.536834716796875
48,33.07964324951172
48,27.5417537689209
48,31.92323112487793
48,25.45424461364746
48,30.08758544921875
48,28.364036560058594
48,26.751811981201172
48,27.322797775268555
48,28.799541473388672
48,27.727394104003906
48,31.665241241455078
48,24.62924575805664
48,35.13727951049805
48,32.2855339050293
48,33.924072265625
48,31.01171112060547
48,27.04570770263672
48,27.737232208251953
48,33.479026794433594
48,31.808744430541992
48,31.740455627441406
48,33.94253921508789
48,34.016387939453125
48,32.513763427734375
48,29.898075103759766
48,33.693870544433594
48,27.804792404174805
48,32.925655364990234
48,33.612918853759766
48,32.302337646484375
48,26.794084548950195
48,29.1917781829834
48,29.50535774230957
48,34.066200256347656
48,33.15093994140625
48,28.708589553833008
48,31.79006004333496
48,30.179391860961914
48,33.27351379394531
48,23.00193977355957
48,28.1848201751709
48,32.14754867553711
48,27.848962783813477
48,24.2120418548584
48,33.665794372558594
48,34.01771926879883
48,29.771663665771484
48,31.063703536987305
48,25.12299919128418
48,26.9949951171875
48,28.152206420898438
48,26.507701873779297
48,32.638206481933594
48,31.704072952270508
48,25.45803451538086
48,30.609798431396484
48,27.136985778808594
48,26.3262996673584
48,32.00569152832031
48,28.24781036376953
48,29.967641830444336
48,33.72840118408203
48,24.860872268676758
48,33.037689208984375
48,25.586551666259766
48,34.12388610839844
48,24.623798370361328
48,33.26148986816406
48,31.454086303710938
48,31.563579559326172
48,25.041629791259766
48,26.261926651000977
48,24.946990966796875
48,26.762670516967773
48,31.943492889404297
48,33.88590621948242
48,24.693838119506836
48,33.51890182495117
48,32.19200134277344
48,32.63725280761719
48,29.88846206665039
48,24.392152786254883
48,31.82147216796875
48,27.926010131835938
48,29.255146026611328
48,32.61344528198242
48,30.55425453186035
48,28.404701232910156
48,30.237449645996094
48,25.054744720458984
48,30.805179595947266
48,27.56549644470215
48,28.778743743896484
48,27.298349380493164
48,31.469554901123047
48,26.118694305419922
48,25.69207191467285
48,26.02043914794922
48,28.010217666625977
48,31.011337280273438
48,27.92416000366211
48,28.282997131347656
48,32.01232147216797
48,25.164356231689453
48,26.48360252380371
48,32.15363693237305
48,29.337499618530273
48,33.166358947753906
48,28.343568801879883
48,25.53268051147461
48,35.374107360839844
48,32.459014892578125
48,24.088865280151367
48,32.84541320800781
48,27.15151023864746
48,25.186893463134766
48,27.204662322998047
48,26.450218200683594
48,24.489789962768555
48,28.952112197875977
48,28.6076717376709
48,26.19178009033203
48,29.266202926635742
48,26.761075973510742
48,25.133737564086914
48,32.50178909301758
48,32.59477996826172
48,29.39590072631836
48,29.812334060668945
48,27.83549690246582
48,29.875524520874023
48,32.925907135009766
48,28.46001625061035
48,25.278995513916016
48,29.65050506591797
48,27.32322883605957
48,33.181068420410156
48,31.762292861938477
48,32.004058837890625
48,28.956314086914062
48,26.345802307128906
48,32.261356353759766
48,30.773330688476562
48,28.43606948852539
48,28.053436279296875
48,26.720354080200195
48,29.16678810119629
48,27.39827537536621
48,26.140491485595703
48,28.87537384033203
48,26.05421257019043
48,32.84230422973633
48,26.48338508605957
48,29.542343139648438
48,25.673267364501953
48,29.655414581298828
48,29.800525665283203
48,27.404720306396484
48,31.506975173950195
48,27.27886390686035
48,31.912330627441406
48,28.02813720703125
48,25.14356231689453
48,25.364185333251953
48,30.326030731201172
48,24.82427978515625
48,31.192970275878906
48,24.45629119873047
48,25.435068130493164
48,32.837745666503906
48,30.943965911865234
48,29.445125579833984
48,31.01007080078125
48,27.179109573364258
48,27.78620719909668
48,29.818710327148438
48,28.337203979492188
48,26.891878128051758
48,25.6109619140625
48,24.56170082092285
48,35.19630813598633
48,26.982601165771484
48,25.921478271484375
48,25.960214614868164
48,25.07476234436035
48,29.65663719177246
48,28.90083885192871
48,24.020843505859375
48,32.9307746887207
48,31.511978149414062
48,33.17317199707031
48,27.925703048706055
48,32.48033905029297
48,33.463417053222656
48,25.52743911743164
48,30.404603958129883
48,31.728107452392578
48,34.19659423828125
48,33.0280647277832
48,29.151460647583008
48,27.11765480041504
48,29.124469757080078
48,32.75861740112305
48,27.60346221923828
48,28.597707748413086
48,33.959964752197266
48,31.184560775756836
48,29.951204299926758
48,28.929637908935547
48,33.58938217163086
48,32.16127395629883
48,26.38437271118164
48,31.973155975341797
48,33.584712982177734
48,28.618072509765625
48,24.62444305419922
48,32.13884735107422
48,27.061351776123047
48,31.091150283813477
48,33.069942474365234
48,28.523807525634766
48,31.41807746887207
48,32.822052001953125
48,24.859569549560547
48,25.734176635742188
48,32.60544967651367
48,32.5347900390625
48,27.08045768737793
48,27.324918746948242
48,29.4685115814209
48,33.66913604736328
48,28.87171745300293
48,24.544191360473633
48,27.79075813293457
48,24.971202850341797
48,24.63017463684082
48,32.30663299560547
48,35.81403350830078
48,30.319854736328125
48,31.959314346313477
48,35.06023406982422
48,27.519317626953125
48,33.729740142822266
48,24.82364273071289
48,26.525754928588867
48,25.00865936279297
48,31.683141708374023
48,28.61827850341797
48,29.27387237548828
48,25.883642196655273
48,33.60051727294922
48,24.11600112915039
48,29.598264694213867
48,24.22892951965332
48,28.888423919677734
48,33.85858917236328
48,33.21339797973633
48,27.821836471557617
48,28.355802536010742
48,33.1519775390625
48,31.189186096191406
48,31.722179412841797
48,27.949325561523438
48,27.90804672241211
48,30.276432037353516
48,27.662107467651367
48,28.625398635864258
48,32.344642639160156
48,28.535497665405273
48,26.318557739257812
48,30.782848358154297
48,32.105743408203125
48,32.1668586730957
48,28.780593872070312
48,31.798154830932617
48,24.46828269958496
48,33.814083099365234
48,30.124000549316406
48,29.927928924560547
48,27.396400451660156
48,32.85423278808594
48,30.771459579467773
48,31.59650993347168
48,23.862741470336914
48,30.173519134521484
48,27.68165397644043
48,33.633827209472656
48,29.77472496032715
48,25.97176170349121
48,30.041179656982422
48,28.653711318969727
48,25.08449935913086
48,29.30170249938965
48,33.21653366088867
48,26.436847686767578
48,35.40077209472656
48,25.076231002807617
48,34.14137268066406
48,31.645788192749023
48,29.03316879272461
48,31.532470703125
48,25.35624885559082
48,29.274431228637695
48,27.66227912902832
48,25.071735382080078
48,26.500886917114258
48,27.443838119506836
48,24.847618103027344
48,30.4711971282959
48,28.966184616088867
48,26.05508804321289
48,31.200044631958008
48,31.567541122436523
48,27.620567321777344
48,33.49385452270508
48,28.781356811523438
48,31.84606170654297
48,25.167566299438477
48,29.780794143676758
48,29.163476943969727
48,25.443599700927734
48,33.670310974121094
48,33.73505783081055
48,24.340959548950195
48,27.700899124145508
48,30.739173889160156
48,25.618518829345703
48,24.565528869628906
48,27.85839080810547
48,31.950210571289062
48,28.1953182220459
48,34.68463897705078
48,28.97156524658203
48,25.060272216796875
48,31.751678466796875
48,31.227157592773438
48,32.858604431152344
48,32.11545944213867
48,31.880571365356445
48,31.714099884033203
48,31.850034713745117
48,34.48194885253906
48,29.802112579345703
48,24.44932746887207
48,27.83232879638672
48,34.44340515136719
48,28.357868194580078
48,24.82625961303711
48,32.80510711669922
48,30.80605697631836
48,27.536664962768555
48,27.856821060180664
48,25.890716552734375
48,27.966020584106445
48,27.806177139282227
48,32.157997131347656
48,32.069454193115234
48,26.59294319152832
48,27.18463706970215
48,27.6650390625
48,31.03008270263672
48,28.06006622314453
48,27.457365036010742
48,26.33193588256836
48,31.0489444732666
48,27.782983779907227
48,24.980140686035156
48,30.39670181274414
48,28.428024291992188
48,30.556339263916016
48,30.7426815032959
48,28.069494247436523
48,33.77872085571289
48,25.021244049072266
48,32.54662322998047
48,33.726318359375
48,32.552101135253906
48,24.549867630004883
48,31.26923370361328
48,31.023635864257812
48,31.401065826416016
48,24.700725555419922
48,29.544321060180664
48,30.27560043334961
48,34.206974029541016
48,29.014442443847656
48,29.556333541870117
48,26.024394989013672
48,30.66297149658203
48,25.234100341796875
48,28.431560516357422
48,27.649818420410156
48,31.764217376708984
48,27.63536834716797
48,25.390974044799805
48,26.98543930053711
48,27.170133590698242
48,32.21710968017578
48,35.69137954711914
48,30.646133422851562
48,33.26093292236328
48,27.078956604003906
48,31.336647033691406
48,32.876243591308594
48,28.16121482849121
48,28.901399612426758
48,32.83949661254883
48,24.62836456298828
48,32.596439361572266
48,25.984243392944336
48,25.47796630859375
48,28.719030380249023
48,29.642732620239258
48,26.441396713256836
48,33.0341682434082
48,33.204280853271484
48,29.172473907470703
48,27.652917861938477
48,29.481643676757812
48,27.24638557434082
48,29.928464889526367
48,34.12968063354492
48,27.095008850097656
48,24.619413375854492
48,27.938844680786133
48,32.29953384399414
48,32.04304885864258
48,29.50815200805664
48,28.40583610534668
48,30.38129234313965
48,29.645118713378906
48,31.840097427368164
48,33.46129608154297
48,30.666610717773438
48,29.277782440185547
48,28.09014320373535
48,26.103309631347656
48,32.53406524658203
48,30.983745574951172
48,25.13793182373047
48,28.0079402923584
48,28.731836318969727
48,24.7713623046875
48,29.42869758605957
48,28.865726470947266
48,23.691516876220703
48,31.94914436340332
48,32.98617172241211
48,24.78339385986328
48,29.237030029296875
48,24.420995712280273
48,32.94609069824219
48,29.554319381713867
48,24.513017654418945
48,25.96161651611328
48,24.58170509338379
48,32.86703109741211
48,24.423816680908203
48,27.281352996826172
48,32.83354949951172
48,29.824209213256836
48,30.27806854248047
48,29.815242767333984
48,24.772403717041016
48,30.159801483154297
48,27.544466018676758
48,25.70888328552246
48,24.4913330078125
48,34.84758377075195
48,28.61346435546875
48,32.669639587402344
48,24.77281379699707
48,31.405349731445312
48,25.878559112548828
48,34.12789535522461
48,34.49638366699219
48,25.349334716796875
48,25.256900787353516
48,33.01656723022461
48,29.123374938964844
48,27.232311248779297
48,35.114845275878906
48,26.845176696777344
48,29.01397132873535
48,28.55491065979004
48,27.486188888549805
48,28.663990020751953
48,29.86025047302246
48,28.956201553344727
48,32.5314826965332
48,30.228443145751953
48,32.252403259277344
48,33.25410842895508
48,33.6876106262207
48,30.26586151123047
48,25.826000213623047
48,26.743133544921875
48,32.26836395263672
48,25.533056259155273
48,26.789403915405273
48,25.31453514099121
48,26.90967559814453
48,32.907501220703125
48,32.233299255371094
48,26.32265853881836
48,32.060855865478516
48,29.067739486694336
48,35.00143051147461
48,25.185510635375977
48,29.345075607299805
48,31.126102447509766
48,24.318893432617188
48,30.830963134765625
48,28.50896453857422
48,30.40393829345703
48,29.296777725219727
48,32.208282470703125
48,27.49850082397461
48,28.02338409423828
48,24.425426483154297
48,30.924177169799805
48,28.33171844482422
48,31.512775421142578
48,27.004297256469727
48,25.873058319091797
48,29.886552810668945
48,24.400999069213867
48,25.662460327148438
48,32.78268051147461
48,27.598745346069336
48,33.46018981933594
48,25.0141544342041
48,32.591148376464844
48,31.903564453125
48,30.23674201965332
48,25.348094940185547
48,25.025121688842773
48,31.4438419342041
48,28.012731552124023
48,29.986907958984375
48,25.515544891357422
48,31.30001449584961
48,26.767101287841797
48,27.4243106842041
48,24.620914459228516
48,26.92791175842285
48,24.623613357543945
48,29.88894271850586
48,26.87089729309082
48,33.5181884765625
48,31.96096420288086
48,32.231689453125
48,26.827234268188477
48,25.595075607299805
48,28.842031478881836
48,23.900836944580078
48,31.448450088500977
48,33.5987663269043
48,24.58993911743164
48,30.742046356201172
48,32.95689392089844
48,32.87472152709961
48,32.48115921020508
48,27.67624282836914
48,24.65387535095215
48,31.98259735107422
48,26.018285751342773
48,32.63883590698242
48,26.729869842529297
48,27.331594467163086
48,31.16961669921875
48,26.440927505493164
48,34.405860900878906
48,29.03956413269043
48,29.66139793395996
48,34.56484603881836
48,25.08889389038086
48,32.01830291748047
48,29.746461868286133
48,33.63693618774414
48,29.449565887451172
48,27.039894104003906
48,28.29428482055664
48,29.221189498901367
48,31.734432220458984
48,26.948179244995117
48,27.216394424438477
48,27.40436363220215
48,26.190446853637695
48,31.96466827392578
48,31.462066650390625
48,32.880615234375
48,32.47703170776367
48,30.63212776184082
48,34.37218475341797
48,26.03813934326172
48,33.276451110839844
48,33.05836868286133
48,23.736021041870117
48,29.917499542236328
48,29.458194732666016
48,26.948318481445312
48,25.766496658325195
48,32.55312728881836
48,24.263893127441406
48,28.07444953918457
48,29.259424209594727
48,31.139253616333008
48,23.70578956604004
48,34.80070495605469
48,33.42414093017578
48,30.82383155822754
48,28.010095596313477
48,29.97811508178711
48,32.072898864746094
48,33.18798828125
48,25.246315002441406
48,29.246299743652344
48,30.73142433166504
48,33.04616928100586
48,24.206100463867188
48,24.248443603515625
48,28.285961151123047
48,32.709686279296875
48,27.852598190307617
48,24.375804901123047
48,25.039688110351562
48,25.783950805664062
48,27.011127471923828
48,30.322265625
48,24.648351669311523
48,24.746685028076172
48,34.36357116699219
48,24.79767417907715
48,32.83132553100586
48,28.44814682006836
48,24.908483505249023
48,30.586851119995117
48,32.33479309082031
48,30.2786808013916
48,26.41414451599121
48,30.25858497619629
48,33.64653396606445
48,28.890621185302734
48,31.107011795043945
48,24.598054885864258
48,28.986814498901367
48,24.193819046020508
48,30.852256774902344
48,24.770193099975586
48,33.373287200927734
48,33.24260330200195
48,31.973590850830078
48,31.359634399414062
48,25.858949661254883
48,26.971853256225586
48,24.322263717651367
48,27.28419303894043
48,28.66354751586914
48,27.838619232177734
48,24.519886016845703
48,30.188032150268555
48,27.130117416381836
48,24.694242477416992
48,28.145259857177734
48,33.225215911865234
48,27.281015396118164
48,33.807308197021484
48,29.559173583984375
48,28.743785858154297
48,30.821762084960938
48,25.75605010986328
48,29.386343002319336
48,29.149730682373047
48,30.429542541503906
48,34.606510162353516
48,24.404329299926758
48,32.51567077636719
48,27.617902755737305
48,28.160245895385742
48,35.191429138183594
48,29.833526611328125
48,28.17900276184082
48,32.74195098876953
48,28.47403335571289
48,26.127059936523438
48,24.988821029663086
48,27.9033203125
48,25.665979385375977
48,24.366552352905273
48,34.00819396972656
48,33.735782623291016
48,34.090599060058594
48,25.96832847595215
48,32.35691833496094
48,30.165246963500977
48,29.391069412231445
48,32.50794219970703
48,31.448354721069336
48,24.2607364654541
48,31.42510223388672
48,24.84664535522461
48,29.72492218017578
48,33.34822463989258
48,33.49711608886719
48,33.56742858886719
48,30.052936553955078
48,26.18381118774414
48,29.129850387573242
48,23.192678451538086
48,29.12175750732422
48,28.925004959106445
48,29.149208068847656
48,29.020307540893555
48,33.556339263916016
48,27.123085021972656
48,25.884571075439453
48,25.229907989501953
48,31.41324806213379
48,25.791061401367188
48,30.78302574157715
48,31.48506736755371
48,32.020877838134766
48,33.46636199951172
48,28.372407913208008
48,32.31492614746094
48,31.458053588867188
48,25.78815460205078
48,24.278120040893555
48,31.766189575195312
48,23.4486026763916
48,29.084320068359375
48,28.990785598754883
48,26.405725479125977
48,33.63056564331055
48,31.869098663330078
48,34.643768310546875
48,24.88977813720703
48,32.03877258300781
48,33.53915023803711
48,24.959665298461914
48,26.14836883544922
48,29.09191131591797
48,26.264514923095703
48,27.436737060546875
48,31.942089080810547
48,28.699420928955078
48,27.06740379333496
48,24.70005226135254
48,28.7142391204834
48,35.1065559387207
48,32.134979248046875
48,29.06551170349121
48,31.393836975097656
48,29.87712860107422
48,23.98540496826172
48,33.35086441040039
48,29.137800216674805
48,31.92727279663086
48,29.24066734313965
48,32.21990203857422
48,28.67161750793457
48,26.241046905517578
48,32.06501388549805
48,31.7174072265625
48,32.18293380737305
48,25.251344680786133
48,24.245899200439453
48,29.07124137878418
48,33.926334381103516
48,31.726131439208984
48,28.933107376098633
48,25.49262237548828
48,26.79328155517578
48,32.442596435546875
48,28.113866806030273
48,27.587352752685547
48,29.72079849243164
48,29.424705505371094
48,25.75026512145996
48,24.566173553466797
48,30.560518264770508
48,26.984336853027344
48,33.49334716796875
48,27.224414825439453
48,29.806697845458984
48,34.72801208496094
48,26.908775329589844
48,25.51512336730957
48,29.479665756225586
48,29.175113677978516
48,26.762229919433594
48,32.71247863769531
48,28.05191421508789
48,35.05482482910156
48,23.730823516845703
48,27.782407760620117
48,28.385162353515625
48,30.372949600219727
48,26.4020938873291
48,25.408470153808594
48,28.540515899658203
48,28.000606536865234
48,27.542675018310547
48,28.79324722290039
48,27.603897094726562
48,25.304357528686523
48,32.74149703979492
48,29.13393211364746
48,30.175811767578125
48,32.03123474121094
48,34.40337371826172
48,28.063833236694336
48,28.19226837158203
48,32.50862121582031
48,27.602336883544922
48,32.47665786743164
48,28.333274841308594
48,25.290536880493164
48,30.967147827148438
48,32.19548797607422
48,32.11566925048828
48,32.53024673461914
48,32.8652229309082
48,25.57534408569336
48,30.057390213012695
48,31.834909439086914
48,25.02351188659668
48,29.622785568237305
48,30.694679260253906
48,29.21832847595215
48,31.658979415893555
48,34.30815124511719
48,24.853191375732422
48,30.95191192626953
48,27.73497200012207
48,25.19623565673828
48,32.79878616333008
48,25.763690948486328
48,26.6604061126709
48,27.852359771728516
48,33.43389129638672
48,25.282047271728516
48,32.700340270996094
48,32.44892883300781
48,32.65663528442383
48,28.89873695373535
48,25.086050033569336
48,25.471132278442383
48,31.436281204223633
48,32.392372131347656
48,26.2045841217041
48,33.34662628173828
48,28.72358512878418
48,29.396656036376953
48,30.279029846191406
48,28.45883560180664
48,26.827465057373047
48,30.077274322509766
48,32.81280517578125
48,28.704195022583008
48,32.73249435424805
48,27.983356475830078
48,23.59909439086914
48,25.028953552246094
48,31.7044734954834
48,27.776554107666016
48,25.98518943786621
48,29.683279037475586
48,28.75648307800293
48,26.97413444519043
48,27.790132522583008
48,31.42852210998535
48,33.080055236816406
48,27.881725311279297
48,33.02729797363281
48,27.37454605102539
48,33.77162551879883
48,26.900737762451172
48,34.01411819458008
48,27.278362274169922
48,27.685091018676758
48,33.027130126953125
48,27.128446578979492
48,30.13591957092285
48,27.93296241760254
48,31.324270248413086
48,30.222309112548828
48,33.2059326171875
48,31.112659454345703
48,25.950956344604492
48,27.34245491027832
48,27.3388614654541
48,30.08955955505371
48,28.256078720092773
48,32.04283142089844
48,29.78791046142578
48,31.344945907592773
48,33.221988677978516
48,30.784421920776367
48,34.415279388427734
48,32.33938217163086
48,28.40764045715332
48,27.33758544921875
48,27.75419807434082
48,28.13817596435547
48,26.386322021484375
48,33.781131744384766
48,29.311172485351562
48,27.79517364501953
48,25.546062469482422
48,31.711362838745117
48,25.981647491455078
48,32.63481521606445
48,27.494747161865234
48,26.52134132385254
48,33.19997024536133
48,31.26780128479004
48,27.67466163635254
48,33.85307312011719
48,32.9840202331543
48,28.380308151245117
48,25.768518447875977
48,30.093595504760742
48,32.31491470336914
48,33.136226654052734
48,29.45433807373047
48,31.246089935302734
48,31.756649017333984
48,32.397525787353516
48,31.751968383789062
48,32.538902282714844
48,29.822906494140625
48,28.026037216186523
48,27.22525978088379
48,29.49956512451172
48,30.131065368652344
48,31.323041915893555
48,32.43812561035156
48,27.224990844726562
48,35.24248504638672
48,30.45903205871582
48,33.710567474365234
48,26.511676788330078
48,28.625045776367188
48,27.362899780273438
48,35.12117004394531
48,32.2657585144043
48,30.03315544128418
48,33.16167068481445
48,30.655067443847656
48,25.484432220458984
48,28.26829719543457
48,31.47473907470703
48,30.023500442504883
48,29.285175323486328
48,32.202247619628906
48,34.761775970458984
48,31.68306541442871
48,32.89991760253906
48,34.728214263916016
48,30.078289031982422
48,28.41509246826172
48,31.896385192871094
48,26.39092254638672
48,26.967586517333984
48,32.88152313232422
48,33.94940948486328
48,31.10860824584961
48,28.979673385620117
48,28.36907196044922
48,28.098878860473633
48,31.32781219482422
48,25.784460067749023
48,31.991214752197266
48,33.14476013183594
48,26.124954223632812
48,29.362674713134766
48,27.6899356842041
48,32.02322006225586
48,26.19174575805664
48,25.36781120300293
48,24.15198516845703
48,26.929147720336914
48,33.09553146362305
48,28.577438354492188
48,27.878475189208984
48,24.849809646606445
48,28.92828369140625
48,27.650033950805664
48,30.646432876586914
48,27.596847534179688
48,27.17208480834961
48,30.199966430664062
48,31.282756805419922
48,29.56537437438965
48,32.191219329833984
48,31.39456558227539
48,24.728618621826172
48,29.427701950073242
48,27.045068740844727
48,32.58128356933594
48,32.04384994506836
48,26.819246292114258
48,33.057884216308594
48,28.12042999267578
48,30.85547637939453
48,26.397043228149414
48,32.081459045410156
48,30.62644386291504
48,26.981813430786133
48,32.292091369628906
48,27.535810470581055
48,26.263471603393555
48,34.91789245605469
48,32.35047149658203
48,26.679353713989258
48,26.48470687866211
48,25.559133529663086
48,29.389169692993164
48,32.199520111083984
48,31.688663482666016
48,27.944446563720703
48,29.440921783447266
48,29.27071762084961
48,30.834421157836914
48,25.36153793334961
48,32.01300048828125
48,27.935256958007812
48,32.363460540771484
48,29.026134490966797
48,26.11650276184082
48,34.432865142822266
48,32.500770568847656
48,24.758941650390625
48,27.754552841186523
48,31.15751838684082
48,31.243499755859375
48,24.18843650817871
48,34.42206573486328
48,27.429052352905273
48,32.94260787963867
48,24.46974754333496
48,28.620746612548828
48,25.7895565032959
48,32.99000930786133
48,27.347230911254883
48,33.411251068115234
48,26.551868438720703
48,33.19512176513672
48,32.192203521728516
48,32.681495666503906
48,33.07855224609375
48,29.926294326782227
48,33.91498565673828
48,27.715917587280273
48,27.024141311645508
48,32.39039611816406
48,25.96984100341797
48,31.354270935058594
48,32.93503189086914
48,31.845319747924805
48,30.687097549438477
48,31.043230056762695
48,27.63631248474121
48,27.194469451904297
48,32.25360107421875
48,30.816978454589844
48,25.758018493652344
48,32.10910415649414
48,30.78980255126953
48,25.577341079711914
48,28.565223693847656
48,31.66695785522461
48,28.186988830566406
48,24.598587036132812
48,30.847755432128906
48,24.267494201660156
48,28.22256851196289
48,25.461484909057617
48,25.72195816040039
48,31.43417739868164
48,29.977985382080078
48,24.963836669921875
48,31.89444351196289
48,32.35272216796875
48,26.59705352783203
48,34.171573638916016
48,28.6364803314209
48,28.9566593170166
48,29.136104583740234
48,25.397132873535156
48,28.457143783569336
48,27.913461685180664
48,29.63338851928711
48,33.85111618041992
48,30.26381492614746
48,30.60441780090332
48,32.2781982421875
48,32.01171112060547
48,28.817352294921875
48,28.854833602905273
48,32.336753845214844
48,24.47930145263672
48,32.67559051513672
48,25.241548538208008
48,24.860736846923828
48,28.347993850708008
48,29.348526000976562
48,31.978939056396484
48,26.416006088256836
48,31.2535457611084
48,28.748788833618164
48,27.57771110534668
48,33.517921447753906
48,27.41460418701172
48,29.989852905273438
48,32.32457733154297
48,29.69921112060547
48,24.813310623168945
48,33.159645080566406
48,29.624570846557617
48,28.30049705505371
48,32.4400520324707
48,30.47074317932129
48,33.17040252685547
48,25.41580581665039
48,27.084413528442383
48,30.050291061401367
48,27.809894561767578
48,34.12058639526367
48,29.3372859954834
48,29.04746437072754
48,27.763839721679688
48,33.386714935302734
48,29.910846710205078
48,30.01302146911621
48,33.39035415649414
48,29.651447296142578
48,26.250764846801758
48,24.505577087402344
48,26.579845428466797
48,33.50154495239258
48,27.542469024658203
48,32.95415496826172
48,27.705821990966797
48,24.143415451049805
48,27.917686462402344
48,29.698373794555664
48,26.788612365722656
48,32.45592498779297
48,29.179166793823242
48,26.239070892333984
48,31.589454650878906
48,29.09073829650879
48,26.47852325439453
48,28.933752059936523
48,32.531097412109375
48,31.966466903686523
48,31.029272079467773
48,25.050487518310547
48,26.177536010742188
48,25.366954803466797
48,24.917911529541016
48,25.19484519958496
48,28.497034072875977
48,34.55621337890625
48,33.813926696777344
48,25.237157821655273
48,25.956775665283203
48,28.33464241027832
48,27.038619995117188
48,26.585981369018555
48,25.304275512695312
48,23.724740982055664
48,30.160343170166016
48,31.44774627685547
48,27.18839454650879
48,25.422744750976562
48,29.504201889038086
48,27.00988006591797
48,32.28165817260742
48,33.176025390625
48,28.795137405395508
48,29.404296875
48,27.99319839477539
48,27.84102439880371
48,23.933204650878906
48,33.890403747558594
48,27.75405502319336
48,30.176841735839844
48,28.930269241333008
48,31.525569915771484
48,33.757389068603516
48,34.064910888671875
48,32.42717742919922
48,31.247493743896484
48,32.656219482421875
48,27.597204208374023
48,34.106143951416016
48,25.18023109436035
48,25.110469818115234
48,26.675466537475586
48,30.267589569091797
48,27.415546417236328
48,24.079736709594727
48,29.407024383544922
48,31.548921585083008
48,31.691375732421875
48,33.19507598876953
48,29.58472442626953
48,31.360910415649414
48,26.465065002441406
48,33.59474182128906
48,32.0658073425293
48,31.88850975036621
48,32.494300842285156
48,30.157495498657227
48,31.049951553344727
48,30.390745162963867
48,28.50602912902832
48,30.919090270996094
48,30.063249588012695
48,27.32435417175293
48,30.50217056274414
48,27.604047775268555
48,34.98920822143555
48,32.667564392089844
48,25.1793155670166
48,24.70352554321289
48,28.600828170776367
48,27.47682762145996
48,33.5073356628418
48,26.930585861206055
48,25.42793846130371
48,33.078880310058594
48,30.463220596313477
48,26.05318832397461
48,33.56596374511719
48,23.94536018371582
48,26.995386123657227
48,33.09489059448242
48,28.938859939575195
48,24.78462028503418
48,24.748428344726562
48,34.28380584716797
48,25.71530532836914
48,25.814788818359375
48,33.30870056152344
48,29.180362701416016
48,29.87580108642578
48,29.834665298461914
48,28.92670440673828
48,31.280397415161133
48,30.49724578857422
48,24.399106979370117
48,31.082706451416016
48,33.458213806152344
48,32.284141540527344
48,26.667509078979492
48,31.42732048034668
48,26.890722274780273
48,32.36359786987305
48,31.43511199951172
48,33.57537078857422
48,24.89903450012207
48,29.54267692565918
48,26.510459899902344
48,26.386096954345703
48,25.146808624267578
48,32.928470611572266
48,32.306095123291016
48,28.01784324645996
48,26.652507781982422
48,26.67270851135254
48,31.92203712463379
48,25.115093231201172
48,34.524112701416016
48,28.281158447265625
48,24.41948699951172
48,28.615312576293945
48,34.13383483886719
48,29.2049617767334
48,33.86259460449219
48,27.78362464904785
48,25.107324600219727
48,26.2315673828125
48,24.464202880859375
48,31.466405868530273
48,29.029560089111328
48,26.519771575927734
48,34.264835357666016
48,27.2430362701416
48,24.408050537109375
48,27.11396026611328
48,30.864112854003906
48,24.47677993774414
48,24.274322509765625
48,33.51919937133789
48,32.0465087890625
48,26.884540557861328
48,24.50754737854004
48,29.72452163696289
48,32.923683166503906
48,27.57827377319336
48,27.958219528198242
48,32.210044860839844
48,26.888595581054688
48,24.00200080871582
48,30.54492950439453
48,29.343324661254883
48,32.650238037109375
48,28.176862716674805
48,24.67369270324707
48,24.674545288085938
48,33.0260009765625
48,28.003833770751953
48,24.972063064575195
48,24.060863494873047
48,24.72327423095703
48,27.015480041503906
48,26.16030502319336
48,30.159883499145508
48,26.377887725830078
48,29.308374404907227
48,24.28252410888672
48,29.74666976928711
48,32.687278747558594
48,34.126583099365234
48,24.503816604614258
48,26.945472717285156
48,30.257429122924805
48,32.946388244628906
48,31.75765609741211
48,33.09180450439453
48,27.188396453857422
48,32.44537353515625
48,30.14411163330078
48,33.983619689941406
48,29.60587501525879
48,25.150005340576172
48,30.029373168945312
48,26.77591323852539
48,26.55552864074707
48,24.59454917907715
48,26.26581573486328
48,29.292070388793945
48,23.67243194580078
48,31.39447784423828
48,32.21563720703125
48,30.8507080078125
48,28.15976333618164
48,26.449039459228516
48,31.50417709350586
48,30.822694778442383
48,29.734338760375977
48,32.246822357177734
48,31.879880905151367
48,25.22568130493164
48,24.812572479248047
48,31.17201805114746
48,34.39583206176758
48,32.27796936035156
48,32.422157287597656
48,30.677465438842773
48,29.022565841674805
48,32.2256965637207
48,33.3125
48,27.694244384765625
48,30.660640716552734
48,29.633386611938477
48,32.47862243652344
48,30.746187210083008
48,26.5159969329834
48,30.002666473388672
48,28.573719024658203
48,31.139678955078125
48,28.52645492553711
48,27.355379104614258
48,28.625118255615234
48,30.954086303710938
48,31.948486328125
48,28.36256980895996
48,33.14131164550781
48,24.665843963623047
48,34.04209899902344
48,32.24501419067383
48,23.826107025146484
48,30.180166244506836
48,33.23558807373047
48,33.33636474609375
48,27.48650360107422
48,34.11875534057617
48,32.052268981933594
48,26.009765625
48,31.41265296936035
48,34.1964111328125
48,24.291303634643555
48,27.35161590576172
48,33.31119918823242
48,33.07777404785156
48,31.098661422729492
48,29.51691246032715
48,28.860754013061523
48,29.778194427490234
48,25.999109268188477
48,30.484567642211914
48,29.4732608795166
48,28.85908317565918
48,28.89150047302246
48,24.505252838134766
48,26.54574203491211
48,25.728384017944336
48,30.822036743164062
48,25.924318313598633
48,28.74193572998047
48,27.90513038635254
48,28.3062801361084
48,28.130651473999023
48,27.259075164794922
48,30.145313262939453
48,31.783893585205078
48,26.67984962463379
48,35.47030258178711
48,32.05588150024414
48,31.020782470703125
48,31.82733154296875
48,26.35248374938965
48,34.30036163330078
48,32.100555419921875
48,32.08329391479492
48,23.805347442626953
48,30.000104904174805
48,32.874332427978516
48,28.090024948120117
48,28.20315170288086
48,27.710315704345703
48,31.251501083374023
48,29.241453170776367
48,31.622655868530273
48,30.973085403442383
48,27.068239212036133
48,33.64195251464844
48,27.504058837890625
48,26.230518341064453
48,31.749492645263672
48,28.619434356689453
48,30.492395401000977
48,28.645692825317383
48,25.52473258972168
48,28.774545669555664
48,30.308382034301758
48,30.162094116210938
48,25.01026725769043
48,32.27505111694336
48,25.544570922851562
48,28.31208610534668
48,30.182666778564453
48,24.55536651611328
48,26.216482162475586
48,27.082998275756836
48,31.959413528442383
48,33.09040451049805
48,27.3848876953125
48,29.95328712463379
48,25.747236251831055
48,34.94004440307617
48,27.929128646850586
48,27.936328887939453
48,30.858417510986328
48,32.59206771850586
48,34.930782318115234
48,24.639484405517578
48,32.282249450683594
48,28.696918487548828
48,32.33098602294922
48,35.153724670410156
48,27.558805465698242
48,30.022737503051758
48,29.102880477905273
48,27.47272491455078
48,34.567413330078125
48,33.18907165527344
48,29.645235061645508
48,27.291221618652344
48,27.01194953918457
48,26.4321231842041
48,27.312156677246094
48,31.332544326782227
48,27.57756233215332
48,25.66276741027832
48,33.52410888671875
48,29.042997360229492
48,32.43708419799805
48,26.00124740600586
48,27.122783660888672
48,29.165571212768555
48,33.05976104736328
48,28.287841796875
48,27.542407989501953
48,28.482040405273438
48,27.984651565551758
48,33.667091369628906
48,32.26154708862305
48,33.23549270629883
48,30.424226760864258
48,28.10873794555664
48,31.448299407958984
48,26.479175567626953
48,27.527986526489258
48,33.78426742553711
48,27.14475440979004
48,26.88187026977539
48,29.657367706298828
48,28.951845169067383
48,32.45659255981445
48,24.918771743774414
48,27.1214542388916
48,30.98277473449707
48,33.622047424316406
48,36.75384521484375
48,30.029998779296875
48,28.357681274414062
48,31.894916534423828
48,32.38319396972656
48,30.455703735351562
48,31.13365364074707
48,32.99897003173828
48,27.223617553710938
48,33.372684478759766
48,33.3203239440918
48,25.12085723876953
48,26.410566329956055
48,30.522563934326172
48,32.95882797241211
48,34.398109436035156
48,28.232177734375
48,30.0596923828125
48,36.53994369506836
48,29.3493709564209
48,27.095701217651367
48,27.043682098388672
48,27.82918357849121
48,29.883272171020508
48,28.190425872802734
48,28.179794311523438
48,30.504486083984375
48,28.03837776184082
48,30.162139892578125
48,27.01216697692871
48,27.154808044433594
48,31.085227966308594
48,34.468505859375
48,30.8516902923584
48,27.287681579589844
48,28.72661781311035
48,24.83218765258789
48,30.763431549072266
48,26.601762771606445
48,27.043781280517578
48,29.07291030883789
48,29.793441772460938
48,27.66878318786621
48,29.099456787109375
48,31.70182991027832
48,28.144617080688477
48,27.85175895690918
48,32.444793701171875
48,33.66628646850586
48,25.515151977539062
48,33.219635009765625
48,26.564781188964844
48,32.24346923828125
48,27.048776626586914
48,30.714466094970703
48,33.495460510253906
48,24.99896812438965
48,29.37599754333496
48,27.07672119140625
48,27.950429916381836
48,24.87439727783203
48,25.16258430480957
48,27.999452590942383
48,24.789447784423828
48,25.731557846069336
48,30.48967742919922
48,24.866262435913086
48,24.17137908935547
48,24.54048728942871
48,31.806907653808594
48,27.927125930786133
48,31.87240219116211
48,28.83609962463379
48,26.48502540588379
48,24.91044044494629
48,33.09905242919922
48,23.587074279785156
48,34.82658767700195
48,27.25742530822754
48,31.54592514038086
48,33.286495208740234
48,29.413232803344727
48,28.682546615600586
48,29.176748275756836
48,27.090686798095703
48,30.85136604309082
48,33.95185852050781
48,28.479557037353516
48,25.07754898071289
48,33.0869255065918
48,28.90329360961914
48,26.128875732421875
48,25.57022476196289
48,26.62390899658203
48,26.691116333007812
48,31.050689697265625
48,30.89741325378418
48,30.058652877807617
48,27.558744430541992
48,32.59933090209961
48,24.170732498168945
48,34.30605697631836
48,29.727781295776367
48,28.008649826049805
48,29.380786895751953
48,26.65864372253418
48,33.118751525878906
48,33.556419372558594
48,32.68764114379883
48,26.04988670349121
48,28.455373764038086
48,34.86648178100586
48,27.643720626831055
48,28.744035720825195
48,28.405744552612305
48,32.42528533935547
48,29.36122703552246
48,29.848384857177734
48,26.2138614654541
48,30.41398811340332
48,30.196046829223633
48,32.72767639160156
48,30.247211456298828
48,32.00464630126953
48,29.549102783203125
48,28.6468505859375
48,31.070878982543945
48,26.991830825805664
48,23.675918579101562
48,33.233150482177734
48,24.570568084716797
48,25.097761154174805
48,32.81319046020508
48,30.145349502563477
48,28.68214988708496
48,34.24490737915039
48,32.99663162231445
48,26.648752212524414
48,25.942794799804688
48,27.201377868652344
48,27.055492401123047
48,32.933109283447266
48,33.91221237182617
48,24.479761123657227
48,25.817827224731445
48,30.599761962890625
48,26.287717819213867
48,32.99238204956055
48,27.823972702026367
48,28.863887786865234
48,24.35626983642578
48,25.681453704833984
48,29.217317581176758
48,33.2564697265625
48,28.333044052124023
48,27.470748901367188
48,32.994625091552734
48,32.663204193115234
48,31.868099212646484
48,28.891162872314453
48,30.98595428466797
48,31.08243751525879
48,27.796995162963867
48,26.606542587280273
48,25.535259246826172
48,29.20238494873047
48,32.03499221801758
48,24.623220443725586
48,29.285158157348633
48,33.856651306152344
48,25.207693099975586
48,29.687013626098633
48,31.767820358276367
48,32.24584197998047
48,28.508140563964844
48,30.903669357299805
48,26.88738250732422
48,30.299203872680664
48,26.56601333618164
48,27.394868850708008
48,26.653207778930664
48,33.24824523925781
48,31.048429489135742
48,23.339353561401367
48,25.15350341796875
48,34.45367431640625
48,28.23130226135254
48,28.607669830322266
48,24.704782485961914
48,24.361610412597656
48,29.874502182006836
48,25.359275817871094
48,33.371437072753906
48,25.041719436645508
48,32.66889953613281
48,29.91796875
48,35.0771369934082
48,27.89328956604004
48,25.360824584960938
48,30.08810043334961
48,34.713401794433594
48,25.289825439453125
48,30.20313835144043
48,28.50678825378418
48,28.087919235229492
48,25.490903854370117
48,25.452627182006836
48,25.293392181396484
48,32.127315521240234
48,33.39966583251953
48,33.11184310913086
48,27.707687377929688
48,24.444133758544922
48,31.919261932373047
48,30.07085418701172
48,27.663759231567383
48,34.17032241821289
48,29.274221420288086
48,30.180871963500977
48,28.147869110107422
48,33.328880310058594
48,31.37818145751953
48,30.0230712890625
48,32.22561264038086
48,34.6309928894043
48,29.392017364501953
48,27.334985733032227
48,29.20117950439453
48,29.09089469909668
48,25.421104431152344
48,33.36384201049805
48,32.328880310058594
48,24.835994720458984
48,34.645511627197266
48,29.943817138671875
48,32.556427001953125
48,34.61283874511719
48,27.514421463012695
48,33.738548278808594
48,33.092529296875
48,27.129657745361328
48,23.86464500427246
48,31.361507415771484
48,33.16213607788086
48,29.06591033935547
48,30.645898818969727
48,24.430177688598633
48,28.924901962280273
48,24.650156021118164
48,34.00283432006836
48,27.389789581298828
48,33.72362518310547
48,29.8349552154541
48,33.27011489868164
48,31.130962371826172
48,27.610321044921875
48,28.099632263183594
48,28.01470184326172
48,26.05223274230957
48,32.84117889404297
48,30.8017578125
48,25.224454879760742
48,30.44205093383789
48,28.528247833251953
48,29.23892593383789
48,28.706787109375
48,26.09203338623047
48,32.660888671875
48,31.324111938476562
48,23.7768497467041
48,33.2828483581543
48,29.509798049926758
48,28.272029876708984
48,25.908309936523438
48,28.907794952392578
48,26.85385513305664
48,25.381072998046875
48,32.153587341308594
48,32.34126281738281
48,26.948911666870117
48,29.65418243408203
48,26.723020553588867
48,33.343685150146484
48,32.23790740966797
48,32.849918365478516
48,35.8755989074707
48,32.84954071044922
48,25.42404556274414
48,30.017284393310547
48,33.44396209716797
48,31.64706802368164
48,24.361963272094727
48,25.021751403808594
48,24.2065372467041
48,27.276609420776367
48,28.1050968170166
48,33.43536376953125
48,31.337190628051758
48,32.73725891113281
48,32.555824279785156
48,31.895429611206055
48,30.573902130126953
48,26.701587677001953
48,32.54077911376953
48,26.684797286987305
48,25.88447380065918
48,33.79380798339844
48,27.238229751586914
48,34.92481994628906
48,27.104772567749023
48,26.59697723388672
48,33.43438720703125
48,28.335905075073242
48,28.9578800201416
48,30.448612213134766
48,33.21271514892578
48,30.05719566345215
48,30.271272659301758
48,26.654827117919922
48,33.61704635620117
48,28.478538513183594
48,28.09068489074707
48,31.615787506103516
48,30.44318199157715
48,33.584957122802734
48,33.51887130737305
48,30.14383888244629
48,24.739286422729492
48,27.842554092407227
48,34.5776252746582
48,28.269941329956055
48,27.56020736694336
48,33.53166198730469
48,25.696880340576172
48,29.478191375732422
48,29.85013771057129
48,33.864437103271484
48,26.339902877807617
48,26.716262817382812
48,28.609416961669922
48,30.303924560546875
48,30.081165313720703
48,31.73946189880371
48,31.962799072265625
48,23.359315872192383
48,34.897830963134766
48,28.673681259155273
48,24.36829376220703
48,30.64586639404297
48,31.491809844970703
48,29.58755874633789
48,24.583709716796875
48,34.2815055847168
48,33.29343795776367
48,29.117666244506836
48,25.94709014892578
48,28.90639877319336
48,26.155546188354492
48,26.67097282409668
48,27.4222412109375
48,31.044546127319336
48,23.775840759277344
48,30.00385284423828
48,34.903785705566406
48,31.55618667602539
48,29.15240478515625
48,29.448997497558594
48,28.407670974731445
48,28.300273895263672
48,27.51952362060547
48,29.304536819458008
48,26.563888549804688
48,25.40800666809082
48,29.032306671142578
48,28.870223999023438
48,30.8955078125
48,26.768905639648438
48,27.89863395690918
48,33.06831359863281
48,33.32380294799805
48,29.209989547729492
48,24.57906723022461
48,32.77039337158203
48,30.47357177734375
48,28.76841926574707
48,28.657297134399414
48,32.6335563659668
48,35.24542236328125
48,35.07154846191406
48,25.908601760864258
48,26.667247772216797
48,31.77648162841797
48,32.327110290527344
48,34.63752746582031
48,27.679243087768555
48,27.132701873779297
48,27.082149505615234
48,25.8233585357666
48,33.850425720214844
48,29.35020637512207
48,26.85548210144043
48,34.0799446105957
48,25.577392578125
48,28.68949317932129
48,30.276172637939453
48,29.94916534423828
48,27.81254005432129
48,28.466840744018555
48,28.6488094329834
48,27.568201065063477
48,28.189428329467773
48,29.992393493652344
48,28.151792526245117
48,29.259702682495117
48,30.432247161865234
48,27.56316375732422
48,26.7805233001709
48,31.15252113342285
48,31.868473052978516
48,26.582368850708008
48,27.849180221557617
48,28.12044906616211
48,24.892181396484375
48,25.176673889160156
48,27.16244125366211
48,26.67919158935547
48,25.850248336791992
48,29.394189834594727
48,25.62993621826172
48,32.20726776123047
48,24.793167114257812
48,29.94863510131836
48,24.972370147705078
48,27.006267547607422
48,26.427104949951172
48,29.517601013183594
48,33.38896942138672
48,25.665218353271484
48,24.45054054260254
48,29.055082321166992
48,31.222169876098633
48,27.081710815429688
48,29.27862548828125
48,34.436622619628906
48,34.447574615478516
48,27.16655731201172
48,30.44184684753418
48,32.596641540527344
48,28.70085906982422
48,27.121042251586914
48,25.125761032104492
48,27.067401885986328
48,26.440109252929688
48,30.731739044189453
48,31.32918357849121
48,25.57771110534668
48,29.724355697631836
48,26.35083770751953
48,32.17915725708008
48,30.26668930053711
48,31.517532348632812
48,31.825838088989258
48,31.878013610839844
48,33.38787078857422
48,28.249948501586914
48,34.21065139770508
48,33.80699157714844
48,33.28150177001953
48,32.00753402709961
48,25.03858184814453
48,26.947036743164062
48,31.83969497680664
48,26.827560424804688
48,24.968875885009766
48,31.995046615600586
48,29.163963317871094
48,29.34070587158203
48,31.209630966186523
48,25.316696166992188
48,28.301450729370117
48,31.44012451171875
48,34.24226379394531
48,25.9079532623291
48,31.07363510131836
48,32.8934326171875
48,29.879810333251953
48,28.9834041595459
48,28.436933517456055
48,27.729951858520508
48,26.300146102905273
48,26.548309326171875
48,30.91753578186035
48,30.866348266601562
48,27.166318893432617
48,27.169631958007812
48,28.12344741821289
48,24.181377410888672
48,32.05866241455078
48,27.321481704711914
48,23.971525192260742
48,28.012248992919922
48,24.152080535888672
48,24.908493041992188
48,25.975374221801758
48,29.124103546142578
48,27.237123489379883
48,28.080703735351562
48,29.777082443237305
48,27.292287826538086
48,26.525924682617188
48,33.40179443359375
48,34.77400588989258
48,24.6988525390625
48,30.100940704345703
48,29.281930923461914
48,34.30542755126953
48,28.63105583190918
48,33.27019119262695
48,28.39790916442871
48,25.223026275634766
48,25.05583381652832
48,29.445592880249023
48,28.10662078857422
48,28.042335510253906
48,34.39179611206055
48,23.400306701660156
48,31.36996078491211
48,28.189367294311523
48,27.72500991821289
48,28.682645797729492
48,28.302675247192383
48,24.926376342773438
48,28.163219451904297
48,28.751693725585938
48,32.369625091552734
48,27.133432388305664
48,25.48522186279297
48,24.722564697265625
48,24.27463150024414
48,28.54193687438965
48,24.479604721069336
48,27.608890533447266
48,30.98816680908203
48,31.720888137817383
48,31.35375213623047
48,28.14230728149414
48,24.386430740356445
48,25.12851905822754
48,25.840133666992188
48,25.101715087890625
48,29.718477249145508
48,30.734474182128906
48,25.1861515045166
48,35.39854049682617
48,24.19228744506836
48,26.115684509277344
48,27.24981117248535
48,29.1093807220459
48,27.040672302246094
48,27.616456985473633
48,26.605411529541016
48,33.83631134033203
48,26.39763832092285
48,27.331844329833984
48,34.36149597167969
48,28.94778060913086
48,29.150205612182617
48,34.46937942504883
48,29.096155166625977
48,29.09510040283203
48,28.677448272705078
48,26.045068740844727
48,33.366859436035156
48,31.262523651123047
48,27.697412490844727
48,28.901933670043945
48,24.74501609802246
48,27.76322364807129
48,24.509185791015625
48,27.739229202270508
48,31.73802947998047
48,28.30401039123535
48,31.597318649291992
48,30.202898025512695
48,31.039424896240234
48,33.161643981933594
48,28.024381637573242
48,31.3514404296875
48,32.468021392822266
48,32.5470085144043
48,28.557695388793945
48,31.948089599609375
48,27.297203063964844
48,25.5598201751709
48,26.63542938232422
48,30.315576553344727
48,30.385202407836914
48,26.500152587890625
48,33.39297103881836
48,25.28847885131836
48,25.577810287475586
48,31.172550201416016
48,32.55499267578125
48,31.92947006225586
48,34.017921447753906
48,25.50396728515625
48,31.890146255493164
48,30.870834350585938
48,24.946331024169922
48,32.315521240234375
48,32.83444595336914
48,28.938392639160156
48,27.058786392211914
48,27.646371841430664
48,28.050487518310547
48,32.96824645996094
48,27.612972259521484
48,32.84635925292969
48,33.33922576904297
48,26.48578643798828
48,30.01413345336914
48,28.634057998657227
48,25.00640106201172
48,28.717714309692383
48,28.416667938232422
48,23.850269317626953
48,25.63610076904297
48,24.90284538269043
48,34.423458099365234
48,31.541645050048828
48,23.83305549621582
48,32.359493255615234
48,29.887210845947266
48,32.53315734863281
48,27.917430877685547
48,26.60051155090332
48,26.81321144104004
48,29.02960968017578
48,30.751882553100586
48,31.614261627197266
48,24.971261978149414
48,28.130260467529297
48,27.392656326293945
48,26.399229049682617
48,23.593965530395508
48,32.74725341796875
48,26.26431655883789
48,27.452133178710938
48,30.607995986938477
48,29.88941764831543
48,23.985023498535156
48,34.683570861816406
48,32.509307861328125
48,33.08485794067383
48,30.09218978881836
48,23.822477340698242
48,25.33222198486328
48,32.38090896606445
48,26.835979461669922
48,29.183910369873047
48,34.096580505371094
48,25.73087501525879
48,27.15748405456543
48,28.013940811157227
48,31.587553024291992
48,33.360069274902344
48,32.90165328979492
48,31.89504051208496
48,31.280912399291992
48,24.463481903076172
48,34.07718276977539
48,24.162036895751953
48,30.0396785736084
48,33.031639099121094
48,29.517074584960938
48,27.36065673828125
48,35.41221237182617
48,33.799644470214844
48,27.625141143798828
48,25.422365188598633
48,31.67041778564453
48,33.55085754394531
48,26.226957321166992
48,25.73727035522461
48,24.87407684326172
48,26.084348678588867
48,34.217525482177734
48,26.185802459716797
48,29.3664493560791
48,31.201133728027344
48,32.66289520263672
48,30.960363388061523
48,28.951313018798828
48,33.615989685058594
48,32.15922927856445
48,26.03803825378418
48,24.771099090576172
48,25.352447509765625
48,26.8136043548584
48,26.850257873535156
48,30.415708541870117
48,32.73857116699219
48,24.75772476196289
48,28.792980194091797
48,35.54914855957031
48,25.836088180541992
48,30.147281646728516
48,31.45783233642578
48,31.90546989440918
48,32.32617950439453
48,27.640493392944336
48,33.57820129394531
48,28.34567642211914
48,30.279756546020508
48,25.418987274169922
48,27.47130584716797
48,27.43651008605957
48,31.915191650390625
48,27.71163558959961
48,30.82827377319336
48,28.432514190673828
48,33.296234130859375
48,35.033241271972656
48,28.801023483276367
48,33.18990707397461
48,25.154666900634766
48,32.51530075073242
48,32.48854064941406
48,24.702709197998047
48,30.432945251464844
48,30.330947875976562
48,33.47828674316406
48,25.082904815673828
48,32.042991638183594
48,24.701749801635742
48,34.08708953857422
48,29.917591094970703
48,27.19951820373535
48,26.38040542602539
48,24.657278060913086
48,27.895742416381836
48,33.410621643066406
48,29.254655838012695
48,23.957014083862305
48,27.00733757019043
48,27.273120880126953
48,33.42708969116211
48,26.050201416015625
48,33.72323226928711
48,33.54602813720703
48,29.035852432250977
48,26.229610443115234
48,30.549118041992188
48,29.92542839050293
48,28.895061492919922
48,28.66082191467285
48,27.260271072387695
48,26.03337287902832
48,26.395322799682617
48,27.166677474975586
48,31.355051040649414
48,24.563560485839844
48,30.243303298950195
48,34.51490783691406
48,28.3717041015625
48,29.09466552734375
48,29.66506576538086
48,30.42812728881836
48,27.347312927246094
48,33.59117126464844
48,35.07408142089844
48,25.214664459228516
48,27.853424072265625
48,30.835020065307617
48,27.37812614440918
48,27.51255226135254
48,23.913818359375
48,29.06096649169922
48,25.404876708984375
48,30.159053802490234
48,30.171733856201172
48,33.6553955078125
48,32.08654022216797
48,34.607093811035156
48,29.415029525756836
48,26.692401885986328
48,32.78752899169922
48,30.759967803955078
48,26.24945640563965
48,30.15602684020996
48,28.8549861907959
48,24.5252685546875
48,25.144933700561523
48,28.67108154296875
48,27.642013549804688
48,29.27604103088379
48,23.732694625854492
48,31.94065284729004
48,29.772090911865234
48,31.947349548339844
48,30.58419418334961
48,28.92124366760254
48,30.74482536315918
48,24.550247192382812
48,24.821346282958984
48,35.36619567871094
48,23.62848663330078
48,25.506887435913086
48,28.30483627319336
48,34.411964416503906
48,26.798866271972656
48,24.16110610961914
48,29.594629287719727
48,32.6257438659668
48,25.603641510009766
48,24.68954849243164
48,30.94179916381836
48,29.161775588989258
48,32.214969635009766
48,33.407684326171875
48,28.000850677490234
48,29.121448516845703
48,29.830228805541992
48,28.50994300842285
48,32.66563415527344
48,23.765310287475586
48,31.37544822692871
48,31.154401779174805
48,31.410297393798828
48,24.774497985839844
48,28.148662567138672
48,25.921144485473633
48,32.145668029785156
48,32.536109924316406
48,34.24911880493164
48,25.258459091186523
48,28.788681030273438
48,27.491466522216797
48,29.830669403076172
48,28.220117568969727
48,30.589975357055664
48,23.17643165588379
48,32.33798599243164
48,33.303863525390625
48,29.262248992919922
48,35.97491455078125
48,29.39219856262207
48,24.397666931152344
48,28.62079620361328
48,28.1908016204834
48,24.599462509155273
48,33.24938201904297
48,25.110261917114258
48,28.225805282592773
48,33.0855712890625
48,25.528186798095703
48,32.260414123535156
48,32.8726921081543
48,32.802513122558594
48,29.787254333496094
48,33.07159423828125
48,30.283939361572266
48,24.48878288269043
48,27.705642700195312
48,31.171152114868164
48,34.17233657836914
48,28.16758918762207
48,31.727943420410156
48,32.46142578125
48,25.926280975341797
48,24.749893188476562
48,31.556602478027344
48,34.27555847167969
48,27.965576171875
48,25.43334197998047
48,33.01434326171875
48,32.92289352416992
48,28.389917373657227
48,27.15909194946289
48,25.816097259521484
48,23.609630584716797
48,28.962879180908203
48,28.927209854125977
48,32.87305450439453
48,23.972692489624023
48,32.51232147216797
48,24.897920608520508
48,26.315486907958984
48,31.749971389770508
48,25.795543670654297
48,27.67593002319336
48,27.877099990844727
48,26.06951332092285
48,29.48161506652832
48,29.281827926635742
48,32.028472900390625
48,27.68162727355957
48,32.88826370239258
48,25.279470443725586
48,32.871376037597656
48,34.1801872253418
48,27.50389862060547
48,29.578697204589844
48,28.272127151489258
48,24.436878204345703
48,34.61922836303711
48,28.168006896972656
48,29.05945587158203
48,33.50752639770508
48,31.73371696472168
48,31.912986755371094
48,29.168432235717773
48,24.79026985168457
48,33.17198944091797
48,29.889734268188477
48,35.05118942260742
48,33.386436462402344
48,31.38764762878418
48,27.365747451782227
48,30.228178024291992
48,32.34479522705078
48,33.55048370361328
48,25.884387969970703
48,29.920608520507812
48,25.167984008789062
48,32.58531188964844
48,24.7464599609375
48,25.83806610107422
48,28.137008666992188
48,24.777236938476562
48,27.504058837890625
48,33.229366302490234
48,32.33689498901367
48,28.62849235534668
48,32.970481872558594
48,28.62027931213379
48,29.532758712768555
48,25.02811050415039
48,24.195695877075195
48,30.162338256835938
48,27.68153190612793
48,32.198387145996094
48,33.3292121887207
48,33.08176040649414
48,27.78441047668457
48,32.46455764770508
48,30.19744110107422
48,27.574954986572266
48,33.4246711730957
48,29.156986236572266
48,23.86745834350586
48,31.17964744567871
48,35.841468811035156
48,31.01596450805664
48,27.25714874267578
48,26.304702758789062
48,28.04203224182129
48,25.031726837158203
48,28.42613983154297
48,34.136226654052734
48,33.016319274902344
48,32.34689712524414
48,34.73755645751953
48,32.757354736328125
48,28.918514251708984
48,29.006574630737305
48,35.25774002075195
48,28.692527770996094
48,28.96428108215332
48,24.876644134521484
48,31.548601150512695
48,29.036413192749023
48,32.65095138549805
48,31.94623374938965
48,28.259521484375
48,31.51289176940918
48,26.077037811279297
48,31.727161407470703
48,29.20561981201172
48,32.191062927246094
48,26.89466667175293
48,25.080108642578125
48,29.479293823242188
48,24.8142147064209
48,24.256637573242188
48,27.2650203704834
48,27.229406356811523
48,32.10127258300781
48,24.917993545532227
48,29.83633041381836
48,28.936059951782227
48,29.95465087890625
48,33.817176818847656
48,29.920225143432617
48,33.40644454956055
48,34.261695861816406
48,32.56534194946289
48,25.34964370727539
48,26.681575775146484
48,31.12736701965332
48,30.378223419189453
48,27.43018341064453
48,34.72292709350586
48,25.205713272094727
48,31.886484146118164
48,28.463714599609375
48,34.697086334228516
48,29.386281967163086
48,26.198925018310547
48,24.93955421447754
48,30.509571075439453
48,29.360427856445312
48,31.280498504638672
48,30.995908737182617
48,28.9932918548584
48,24.130685806274414
48,33.42274856567383
48,28.026615142822266
48,27.719722747802734
48,26.81520652770996
48,24.300817489624023
48,31.77818489074707
48,29.47987174987793
48,27.655946731567383
48,28.240121841430664
48,24.548095703125
48,34.76795196533203
48,28.709728240966797
48,29.957368850708008
48,32.35650634765625
48,28.67241859436035
48,30.02679443359375
48,25.782012939453125
48,24.382827758789062
48,28.212696075439453
48,25.413230895996094
48,29.18791961669922
48,31.952939987182617
48,34.24905776977539
48,27.227981567382812
48,28.130895614624023
48,29.251140594482422
48,29.875539779663086
48,31.468801498413086
48,27.88596534729004
48,32.63438034057617
48,28.743881225585938
48,31.009244918823242
48,28.542999267578125
48,28.259994506835938
48,25.844520568847656
48,30.253528594970703
48,32.97415542602539
48,27.132707595825195
48,25.241731643676758
48,28.82619285583496
48,27.426977157592773
48,31.057392120361328
48,32.3883056640625
48,28.887592315673828
48,29.984609603881836
48,25.148025512695312
48,32.82035446166992
48,24.797502517700195
48,27.704877853393555
48,33.59081268310547
48,29.468704223632812
48,24.737232208251953
48,34.10043716430664
48,32.317806243896484
48,27.475122451782227
48,27.475191116333008
48,23.75050163269043
48,31.28593635559082
48,33.7901725769043
48,28.387645721435547
48,28.54911231994629
48,31.45773696899414
48,25.041515350341797
48,32.45729064941406
48,27.52646255493164
48,25.97116470336914
48,25.998491287231445
48,25.462787628173828
48,24.68956756591797
48,29.11429214477539
48,30.868011474609375
48,27.83149528503418
48,32.762855529785156
48,27.412702560424805
48,31.961650848388672
48,32.894596099853516
48,33.95326232910156
48,24.66649627685547
48,24.670352935791016
48,28.042667388916016
48,26.184513092041016
48,34.84426498413086
48,32.48015594482422
48,30.51579475402832
48,24.30048370361328
48,34.92341613769531
48,30.00518035888672
48,29.803598403930664
48,33.15288162231445
48,32.016849517822266
48,28.73420524597168
48,28.19495391845703
48,28.317625045776367
48,27.76624298095703
48,34.64883041381836
48,27.390148162841797
48,30.290203094482422
48,29.224679946899414
48,23.848779678344727
48,32.674983978271484
48,24.800609588623047
48,25.328380584716797
48,31.431825637817383
48,32.18959426879883
48,29.012588500976562
48,24.984790802001953
48,32.10538101196289
48,28.028650283813477
48,31.140277862548828
48,28.04891014099121
48,33.40084457397461
48,27.146255493164062
48,32.7288818359375
48,32.85197448730469
48,29.262569427490234
48,27.237810134887695
48,25.769630432128906
48,27.384183883666992
48,28.686115264892578
48,26.85747718811035
48,31.55303192138672
48,24.544727325439453
48,26.74456214904785
48,28.131193161010742
48,32.41935729980469
48,24.773653030395508
48,30.495376586914062
48,30.998136520385742
48,29.6396541595459
48,28.203399658203125
48,30.77982521057129
48,33.72224044799805
48,34.6366081237793
48,33.274600982666016
48,28.839492797851562
48,31.25813102722168
48,25.068077087402344
48,31.523855209350586
48,27.594987869262695
48,29.78501319885254
48,26.31698226928711
48,24.99178123474121
48,24.383411407470703
48,25.606395721435547
48,31.761314392089844
48,32.28032302856445
48,28.61597442626953
48,27.616029739379883
48,24.18278694152832
48,30.763391494750977
48,31.721651077270508
48,32.89469909667969
48,25.600860595703125
48,31.455354690551758
48,33.32048034667969
48,28.989290237426758
48,29.07457160949707
48,31.90998077392578
48,24.473350524902344
48,28.152097702026367
48,24.882219314575195
48,27.9771728515625
48,32.84748458862305
48,29.201940536499023
48,34.47203826904297
48,34.057525634765625
48,26.21454620361328
48,28.584503173828125
48,29.873395919799805
48,27.539260864257812
48,30.817716598510742
48,33.36671447753906
48,27.831785202026367
48,26.50221061706543
48,34.663848876953125
48,25.340486526489258
48,29.97496795654297
48,24.837942123413086
48,26.611968994140625
48,24.659130096435547
48,25.759056091308594
48,24.79924964904785
48,23.63458251953125
48,32.46133804321289
48,25.262155532836914
48,26.761276245117188
48,35.69087600708008
48,25.203725814819336
48,29.52886199951172
48,33.697059631347656
48,27.812484741210938
48,28.917898178100586
48,25.699159622192383
48,28.831024169921875
48,25.07419776916504
48,25.48859405517578
48,27.975812911987305
48,25.618677139282227
48,26.90519142150879
48,32.77805709838867
48,25.160812377929688
48,24.554773330688477
48,29.662185668945312
48,30.7218017578125
48,31.03742790222168
48,34.386688232421875
48,28.042335510253906
48,29.93061637878418
48,26.27483367919922
48,25.178979873657227
48,26.40523338317871
48,30.225629806518555
48,27.229312896728516
48,31.424325942993164
48,33.888282775878906
48,32.59223556518555
48,27.552021026611328
48,30.711936950683594
48,26.98565673828125
48,26.739213943481445
48,30.667339324951172
48,24.44676971435547
48,26.980667114257812
48,25.815919876098633
48,26.81909942626953
48,33.62505340576172
48,28.817535400390625
48,33.19153594970703
48,26.9884033203125
48,33.90627670288086
48,31.101844787597656
48,29.260196685791016
48,28.114538192749023
48,28.123380661010742
48,29.4355411529541
48,31.563875198364258
48,27.132539749145508
48,26.652978897094727
48,26.424253463745117
48,26.748533248901367
48,31.207395553588867
48,30.358409881591797
48,31.650535583496094
48,30.880855560302734
48,25.570093154907227
48,24.913976669311523
48,29.534690856933594
48,28.290929794311523
48,30.450590133666992
48,28.3099422454834
48,31.98804473876953
48,28.044185638427734
48,31.380300521850586
48,26.350955963134766
48,34.483375549316406
48,27.736316680908203
48,31.0185546875
48,28.603281021118164
48,25.99294662475586
48,25.490692138671875
48,27.97544288635254
48,26.62469482421875
48,33.08814239501953
48,27.624038696289062
48,25.728544235229492
48,29.976680755615234
48,33.796512603759766
48,32.01282501220703
48,24.839868545532227
48,27.89762306213379
48,27.266319274902344
48,29.78786849975586
48,25.39670753479004
48,31.66655921936035
48,29.201753616333008
48,25.729347229003906
48,31.422212600708008
48,28.472875595092773
48,32.48194122314453
48,26.828445434570312
48,25.050527572631836
48,32.18001937866211
48,26.64986228942871
48,23.340618133544922
48,31.53693199157715
48,33.676612854003906
48,28.182966232299805
48,23.7096004486084
48,32.02090072631836
48,31.024850845336914
48,34.24846267700195
48,31.362018585205078
48,33.365657806396484
48,25.715320587158203
48,32.21982955932617
48,31.074560165405273
48,27.89552116394043
48,30.361793518066406
48,33.40814971923828
48,26.577695846557617
48,31.980487823486328
48,31.66111946105957
48,33.36185073852539
48,28.737913131713867
48,26.83292579650879
48,32.13882827758789
48,31.836591720581055
48,26.862272262573242
48,34.00556182861328
48,28.264528274536133
48,31.082494735717773
48,31.160539627075195
48,34.113243103027344
48,27.424734115600586
48,30.782869338989258
48,26.833791732788086
48,30.27715492248535
48,28.22970962524414
48,23.799219131469727
48,27.776268005371094
48,27.62230110168457
48,26.660728454589844
48,27.937402725219727
48,25.271615982055664
48,32.63589096069336
48,28.23488998413086
48,29.571544647216797
48,32.14910888671875
48,24.522523880004883
48,32.20005416870117
48,26.580310821533203
48,24.701799392700195
48,28.964447021484375
48,29.93271255493164
48,32.70634841918945
48,28.41496467590332
48,30.986276626586914
48,27.926876068115234
48,29.178224563598633
48,25.79015350341797
48,24.615863800048828
48,28.406797409057617
48,31.24735450744629
48,24.02617645263672
48,29.6397705078125
48,33.71763610839844
48,32.394588470458984
48,25.80777931213379
48,29.03950309753418
48,31.827634811401367
48,24.232166290283203
48,25.822126388549805
48,29.195960998535156
48,28.31156349182129
48,26.859825134277344
48,27.982967376708984
48,28.317407608032227
48,28.934926986694336
48,27.044231414794922
48,32.23405075073242
48,29.574569702148438
48,33.6074104309082
48,27.34660530090332
48,28.231666564941406
48,31.09499168395996
48,24.246910095214844
48,31.11871910095215
48,27.823604583740234
48,31.84895896911621
48,32.760643005371094
48,30.355072021484375
48,31.4029483795166
48,31.51677703857422
48,27.10179901123047
48,28.18723487854004
48,31.417436599731445
48,29.03445816040039
48,32.589996337890625
48,25.966487884521484
48,32.59368896484375
48,25.789888381958008
48,25.84612464904785
48,29.67803192138672
48,27.608470916748047
48,26.942533493041992
48,26.91777229309082
48,29.456912994384766
48,28.997514724731445
48,29.853633880615234
48,30.4374942779541
48,30.303882598876953
48,31.30501937866211
48,32.876949310302734
48,24.699575424194336
48,29.599014282226562
48,29.422996520996094
48,32.76919937133789
48,32.73167037963867
48,31.576980590820312
48,31.550992965698242
48,28.810510635375977
48,30.243799209594727
48,31.299909591674805
48,31.627958297729492
48,29.163711547851562
48,34.9130744934082
48,30.352813720703125
48,24.313125610351562
48,24.81788444519043
48,29.43746566772461
48,24.98584747314453
48,31.844768524169922
48,24.715614318847656
48,29.691638946533203
48,27.57539939880371
48,27.462116241455078
48,31.692873001098633
48,30.35848045349121
48,24.97908592224121
48,25.109586715698242
48,28.522809982299805
48,26.71200942993164
48,32.33916091918945
48,27.259796142578125
48,24.840038299560547
48,26.23007583618164
48,31.29391098022461
48,26.109403610229492
48,35.13325500488281
48,26.452938079833984
48,24.827672958374023
48,24.546146392822266
48,31.566192626953125
48,34.447635650634766
48,30.441272735595703
48,24.732574462890625
48,28.5704345703125
48,33.34635925292969
48,29.34882926940918
48,30.571252822875977
48,24.628353118896484
48,27.324295043945312
48,25.59518814086914
48,29.586088180541992
48,30.4952392578125
48,33.018348693847656
48,27.46633529663086
48,31.937822341918945
48,28.473644256591797
48,27.412227630615234
48,24.679237365722656
48,33.0296745300293
48,31.54155158996582
48,29.66560173034668
48,25.32387924194336
48,28.66385841369629
48,25.433595657348633
48,30.010154724121094
48,25.946056365966797
48,30.40113067626953
48,33.573150634765625
48,24.849876403808594
48,33.464202880859375
48,28.69032859802246
48,34.229618072509766
48,24.81639289855957
48,26.46038818359375
48,32.10050964355469
48,27.562339782714844
48,25.730117797851562
48,30.21532440185547
48,27.803022384643555
48,25.727291107177734
48,28.348602294921875
48,33.528202056884766
48,28.272857666015625
48,24.35172462463379
48,25.584266662597656
48,24.885095596313477
48,32.12394332885742
48,26.074935913085938
48,24.42323875427246
48,27.518007278442383
48,24.675331115722656
48,30.886505126953125
48,33.401756286621094
48,32.172306060791016
48,34.309410095214844
48,31.469738006591797
48,32.774253845214844
48,27.875858306884766
48,24.756460189819336
48,31.249492645263672
48,30.85285186767578
48,35.841522216796875
48,24.78949737548828
48,28.292329788208008
48,33.242401123046875
48,24.424571990966797
48,25.991928100585938
48,25.26532745361328
48,34.07757568359375
48,27.395753860473633
48,32.53880310058594
48,26.90618896484375
48,31.30101776123047
48,27.844711303710938
48,23.953264236450195
48,24.62108612060547
48,34.71341323852539
48,32.709014892578125
48,26.668874740600586
48,26.906280517578125
48,31.56794548034668
48,28.457496643066406
48,33.51633071899414
48,30.540672302246094
48,31.80881118774414
48,26.863399505615234
48,33.766666412353516
48,24.85641860961914
48,32.13507080078125
48,29.31791877746582
48,28.119638442993164
48,24.026641845703125
48,28.472497940063477
48,32.158538818359375
48,32.12284851074219
48,27.97180938720703
48,27.889751434326172
48,29.058387756347656
48,32.75619125366211
48,33.014549255371094
48,33.91386795043945
48,31.480911254882812
48,30.19855499267578
48,26.766935348510742
48,28.595434188842773
48,24.86151885986328
48,28.04488754272461
48,26.2642822265625
48,32.22053909301758
48,24.77657699584961
48,25.625818252563477
48,22.96005630493164
48,25.689115524291992
48,34.03474426269531
48,27.822460174560547
48,27.843570709228516
48,32.341285705566406
48,32.738990783691406
48,30.70758056640625
48,28.904094696044922
48,32.51121520996094
48,33.7807502746582
48,27.483386993408203
48,29.73845672607422
48,29.329648971557617
48,25.417617797851562
48,30.247159957885742
48,27.343482971191406
48,30.150218963623047
48,32.00185012817383
48,26.133228302001953
48,31.144561767578125
48,30.187076568603516
48,28.50432014465332
48,29.02858543395996
48,30.552059173583984
48,29.259029388427734
48,25.705331802368164
48,34.80083465576172
48,31.225526809692383
48,25.823558807373047
48,28.02130126953125
48,31.782154083251953
48,32.43028259277344
48,24.386518478393555
48,31.88840675354004
48,32.79855728149414
48,29.928598403930664
48,32.52815246582031
48,34.487953186035156
48,30.213275909423828
48,28.135766983032227
48,33.06549835205078
48,31.570438385009766
48,30.68320655822754
48,27.729276657104492
48,24.87456703186035
48,25.44374656677246
48,25.59998321533203
48,32.61121368408203
48,29.174423217773438
48,36.027740478515625
48,24.846216201782227
48,27.104156494140625
48,32.86389923095703
48,26.3527889251709
48,32.06854248046875
48,24.36786460876465
48,27.48090362548828
48,28.479145050048828
48,29.454687118530273
48,30.34803009033203
48,26.82846450805664
48,28.004844665527344
48,33.41029357910156
48,31.146841049194336
48,32.11623764038086
48,32.083251953125
48,30.429813385009766
48,24.585121154785156
48,34.210601806640625
48,28.189302444458008
48,32.694786071777344
48,30.47353172302246
48,32.2123908996582
48,24.90837287902832
48,28.3038272857666
48,23.68239974975586
48,31.08624267578125
48,32.48851013183594
48,24.2575740814209
48,32.79895782470703
48,25.080364227294922
48,27.695114135742188
48,27.710920333862305
48,32.19749450683594
48,33.34767150878906
48,34.45512771606445
48,26.254486083984375
48,24.722501754760742
48,25.679847717285156
48,25.252883911132812
48,25.207456588745117
48,26.466798782348633
48,30.325271606445312
48,32.41035461425781
48,32.16385269165039
48,32.19013977050781
48,27.757633209228516
48,27.60194206237793
48,29.617929458618164
48,29.71796989440918
48,27.584823608398438
48,33.6446533203125
48,24.010570526123047
48,32.91325378417969
48,26.69002342224121
48,25.76457405090332
48,30.725990295410156
48,28.206083297729492
48,35.33306884765625
48,28.088729858398438
48,29.321611404418945
48,30.772184371948242
48,28.31973648071289
48,24.371341705322266
48,26.86688804626465
48,33.143287658691406
48,31.330883026123047
48,25.170368194580078
48,32.410255432128906
48,25.914628982543945
48,28.896564483642578
48,27.959653854370117
48,27.86143684387207
48,27.333768844604492
48,34.06522750854492
48,24.47939682006836
48,26.685487747192383
48,32.023258209228516
48,29.22102928161621
48,28.72551918029785
48,28.63728904724121
48,30.933853149414062
48,32.44554138183594
48,29.05583953857422
48,33.41085433959961
48,33.08680725097656
48,29.3596248626709
48,34.794960021972656
48,30.069019317626953
48,25.318889617919922
48,24.69672966003418
48,28.540002822875977
48,29.044729232788086
48,31.63719367980957
48,26.982830047607422
48,32.320167541503906
48,32.91253662109375
48,27.852619171142578
48,32.24626922607422
48,33.572025299072266
48,29.259363174438477
48,32.00661849975586
48,26.03713035583496
48,26.232666015625
48,31.94773292541504
48,28.3846492767334
48,31.476646423339844
48,31.08451271057129
48,25.086061477661133
48,28.712007522583008
48,29.76030158996582
48,28.618980407714844
48,30.87281608581543
48,26.97006607055664
48,30.060461044311523
48,31.69342613220215
48,30.742094039916992
48,25.93507194519043
48,26.583236694335938
48,28.83424949645996
48,27.15558624267578
48,33.153900146484375
48,28.890560150146484
48,26.883880615234375
48,31.831071853637695
48,28.605436325073242
48,29.56215476989746
48,26.43350601196289
48,23.92545509338379
48,32.84858322143555
48,27.321760177612305
48,27.225189208984375
48,30.69904136657715
48,28.50972557067871
48,28.76698112487793
48,32.583824157714844
48,29.75718116760254
48,28.08679962158203
48,25.758031845092773
48,31.611177444458008
48,31.53072166442871
48,33.06902313232422
48,31.839200973510742
48,28.818225860595703
48,24.13870620727539
48,28.08590316772461
48,27.789653778076172
48,32.4234504699707
48,29.618946075439453
48,30.025074005126953
48,24.91558265686035
48,31.27545738220215
48,29.537385940551758
48,28.722278594970703
48,31.58190155029297
48,30.577251434326172
48,25.639131546020508
48,25.80888557434082
48,34.52036666870117
48,30.644123077392578
48,29.213363647460938
48,33.08502197265625
48,29.379552841186523
48,26.100967407226562
48,31.492168426513672
48,31.065279006958008
48,25.618167877197266
48,29.043010711669922
48,31.317033767700195
48,33.863250732421875
48,26.519027709960938
48,32.95283889770508
48,30.874921798706055
48,28.066736221313477
48,29.795902252197266
48,30.0640926361084
48,27.349151611328125
48,27.492767333984375
48,27.947216033935547
48,31.01458740234375
48,31.577451705932617
48,32.36799621582031
48,33.79033660888672
48,25.329586029052734
48,33.14888381958008
48,29.470382690429688
48,27.412260055541992
48,35.482452392578125
48,28.440502166748047
48,27.669570922851562
48,28.11405372619629
48,29.569091796875
48,30.484865188598633
48,23.91904640197754
48,26.56387710571289
48,26.440448760986328
48,24.01661491394043
48,30.920578002929688
48,31.149009704589844
48,30.676559448242188
48,30.15784454345703
48,29.281700134277344
48,33.45713424682617
48,31.080406188964844
48,25.375144958496094
48,26.684650421142578
48,27.90142822265625
48,33.438209533691406
48,29.76602554321289
48,29.851388931274414
48,25.89699363708496
48,32.330116271972656
48,24.188472747802734
48,31.253089904785156
48,33.1552619934082
48,25.644760131835938
48,27.979568481445312
48,29.08033561706543
48,29.40460205078125
48,33.299095153808594
48,29.86455535888672
48,28.121511459350586
48,26.477033615112305
48,28.748289108276367
48,24.69797134399414
48,34.24385070800781
48,27.135038375854492
48,26.131567001342773
48,25.153644561767578
48,31.598865509033203
48,27.857540130615234
48,28.836088180541992
48,26.204975128173828
48,28.39390754699707
48,27.318359375
48,29.60756492614746
48,30.52815818786621
48,32.157833099365234
48,26.0798282623291
48,26.830232620239258
48,26.383031845092773
48,33.45000457763672
48,27.728036880493164
48,24.33285140991211
48,30.758302688598633
48,26.10805320739746
48,32.06488037109375
48,28.82723617553711
48,29.14604949951172
48,24.898517608642578
48,33.71249771118164
48,26.401634216308594
48,26.53545379638672
48,25.117576599121094
48,24.418739318847656
48,28.66792869567871
48,30.245595932006836
48,25.444021224975586
48,31.275455474853516
48,31.560657501220703
48,27.81114959716797
48,26.62651824951172
48,31.24603271484375
48,30.732135772705078
48,33.078548431396484
48,30.336727142333984
48,26.39870834350586
48,30.126527786254883
48,29.479551315307617
48,27.70748519897461
48,31.42447280883789
48,24.09931755065918
48,28.90764808654785
48,24.569231033325195
48,31.362071990966797
48,25.97859001159668
48,30.659183502197266
48,28.00956153869629
48,30.122379302978516
48,33.79152297973633
48,24.166309356689453
48,25.600921630859375
48,34.21187210083008
48,28.838932037353516
48,23.081016540527344
48,33.6126708984375
48,27.75019073486328
48,29.163949966430664
48,31.012107849121094
48,26.03061294555664
48,27.731555938720703
48,32.39063262939453
48,26.70967674255371
48,31.149017333984375
48,23.958343505859375
48,25.275476455688477
48,34.70878982543945
48,27.110549926757812
48,27.440074920654297
48,31.616085052490234
48,25.6921443939209
48,30.619001388549805
48,30.541318893432617
48,31.53666114807129
48,28.139480590820312
48,29.08833885192871
48,24.250484466552734
48,33.008182525634766
48,27.410179138183594
48,27.447763442993164
48,31.587095260620117
48,24.929107666015625
48,28.83489990234375
48,24.400951385498047
48,25.45635223388672
48,28.89666748046875
48,32.3785400390625
48,28.1982479095459
48,26.36734962463379
48,33.19799041748047
48,29.842161178588867
48,25.93947982788086
48,29.97946548461914
48,26.603858947753906
48,25.719133377075195
48,29.35698699951172
48,32.05815124511719
48,32.363609313964844
48,24.237266540527344
48,28.383817672729492
48,26.92432975769043
48,25.642789840698242
48,33.47066879272461
48,27.420522689819336
48,34.63438415527344
48,27.08420181274414
48,27.633054733276367
48,32.13225555419922
48,30.47756576538086
48,28.230735778808594
48,34.408119201660156
48,32.1552848815918
48,29.449399948120117
48,31.491043090820312
48,30.498462677001953
48,30.605670928955078
48,26.129745483398438
48,25.00133514404297
48,30.65349006652832
48,31.350839614868164
48,24.964141845703125
48,24.4137020111084
48,30.375240325927734
48,24.37659454345703
48,32.75812530517578
48,28.905729293823242
48,31.92568588256836
48,31.298870086669922
48,27.359073638916016
48,29.200538635253906
48,24.92820167541504
48,26.36361312866211
48,30.025022506713867
48,25.42502784729004
48,27.830812454223633
48,26.94327163696289
48,29.733097076416016
48,26.154926300048828
48,32.29783630371094
48,33.37047576904297
48,28.14567756652832
48,22.964183807373047
48,28.57088851928711
48,33.53282928466797
48,31.425989151000977
48,25.149715423583984
48,34.02691650390625
48,28.66994857788086
48,32.89353561401367
48,27.19707679748535
48,25.75664520263672
48,27.497373580932617
48,26.193973541259766
48,30.946998596191406
48,26.41645622253418
48,31.571439743041992
48,27.035099029541016
48,29.876480102539062
48,32.60679626464844
48,28.13724708557129
48,32.47966003417969
48,24.53551483154297
48,25.01772117614746
48,36.30821228027344
48,29.778676986694336
48,27.105775833129883
48,26.119882583618164
48,33.15080261230469
48,33.868682861328125
48,32.97026824951172
48,33.90066146850586
48,24.818355560302734
48,24.937257766723633
48,28.263195037841797
48,31.00356674194336
48,23.78765869140625
48,24.339859008789062
48,29.071056365966797
48,27.088706970214844
48,30.579261779785156
48,26.22854995727539
48,29.511327743530273
48,26.044757843017578
48,26.896581649780273
48,27.068876266479492
48,24.557783126831055
48,25.92461585998535
48,29.998554229736328
48,25.238887786865234
48,23.967832565307617
48,29.80205726623535
48,31.470102310180664
48,26.336833953857422
48,32.869056701660156
48,32.39140319824219
48,31.485488891601562
48,28.66623306274414
48,32.86058044433594
48,23.900686264038086
48,31.44239044189453
48,24.746217727661133
48,30.935518264770508
48,25.5751895904541
48,34.46872329711914
48,29.62363052368164
48,25.480051040649414
48,29.388479232788086
48,29.4754638671875
48,26.966835021972656
48,28.440780639648438
48,30.760255813598633
48,32.88430404663086
48,27.994739532470703
48,29.27731704711914
48,32.241634368896484
48,35.58626937866211
48,31.602584838867188
48,28.93975830078125
48,24.6264591217041
48,24.42070770263672
48,26.35775375366211
48,34.2393798828125
48,27.281898498535156
48,25.406131744384766
48,24.49103355407715
48,30.750520706176758
48,26.841033935546875
48,29.342880249023438
48,25.046066284179688
48,24.680166244506836
48,26.984590530395508
48,32.907752990722656
48,24.89923095703125
48,27.79707908630371
48,25.096582412719727
48,28.450143814086914
48,28.656339645385742
48,31.065614700317383
48,23.826152801513672
48,34.36164474487305
48,29.16226577758789
48,32.609867095947266
48,29.021533966064453
48,24.81220817565918
48,27.513635635375977
48,26.388578414916992
48,31.839841842651367
48,29.711320877075195
48,30.035573959350586
48,24.28799819946289
48,25.762981414794922
48,30.897140502929688
48,26.057586669921875
48,23.898401260375977
48,24.83326530456543
48,31.856225967407227
48,26.434864044189453
48,33.421627044677734
48,26.584142684936523
48,28.592594146728516
48,25.4884090423584
48,27.232275009155273
48,31.140214920043945
48,30.628549575805664
48,25.339019775390625
48,34.309391021728516
48,33.05924987792969
48,31.134593963623047
48,33.635948181152344
48,33.11103057861328
48,27.803693771362305
48,25.746570587158203
48,25.853307723999023
48,28.878677368164062
48,28.845611572265625
48,28.078632354736328
48,34.53647994995117
48,25.56085777282715
48,31.678918838500977
48,29.651395797729492
48,32.5268669128418
48,32.52372741699219
48,30.863536834716797
48,29.251476287841797
48,27.651439666748047
48,27.696115493774414
48,25.472640991210938
48,26.150577545166016
48,28.17184829711914
48,24.963083267211914
48,33.39685821533203
48,28.92955207824707
48,31.538959503173828
48,29.635141372680664
48,35.13591003417969
48,32.48097610473633
48,27.441829681396484
48,30.08745574951172
48,26.65163230895996
48,31.77216339111328
48,25.52112579345703
48,30.779739379882812
48,28.028932571411133
48,34.75099182128906
48,29.04197120666504
48,27.63690948486328
48,32.611087799072266
48,25.584575653076172
48,25.12943458557129
48,25.564266204833984
48,24.93750762939453
48,24.730484008789062
48,29.20020294189453
48,30.409469604492188
48,24.52832794189453
48,32.06019592285156
48,32.722286224365234
48,24.207229614257812
48,24.620492935180664
48,25.74601173400879
48,31.778907775878906
48,25.19099235534668
48,33.97845458984375
48,28.17119598388672
48,32.155235290527344
48,27.700096130371094
48,33.5986442565918
48,27.93980598449707
48,27.57617950439453
48,30.363004684448242
48,32.41402053833008
48,32.81517791748047
48,35.26460647583008
48,24.514604568481445
48,27.45281219482422
48,33.332359313964844
48,33.98111343383789
48,32.2293701171875
48,32.36370849609375
48,28.499176025390625
48,31.679227828979492
48,29.178619384765625
48,31.119279861450195
48,27.926576614379883
48,29.85650634765625
48,26.486125946044922
48,33.065242767333984
48,26.430587768554688
48,28.084897994995117
48,32.45969009399414
48,27.75138282775879
48,31.934967041015625
48,29.159381866455078
48,34.81146240234375
48,32.631439208984375
48,31.86767578125
48,33.726314544677734
48,23.80719566345215
48,32.08565902709961
48,31.441518783569336
48,32.490966796875
48,31.134906768798828
48,28.840097427368164
48,30.106765747070312
48,24.743871688842773
48,31.91364288330078
48,33.13751983642578
48,34.153629302978516
48,33.09165573120117
48,24.92768669128418
48,26.847501754760742
48,24.576854705810547
48,27.803178787231445
48,31.760438919067383
48,31.059253692626953
48,24.456069946289062
48,32.24265670776367
48,25.001407623291016
48,26.744537353515625
48,26.29719352722168
48,26.07545280456543
48,25.264244079589844
48,33.287445068359375
48,27.392711639404297
48,28.387733459472656
48,26.644742965698242
48,32.55219650268555
48,33.00278854370117
48,27.048988342285156
48,32.06436538696289
48,26.687198638916016
48,27.49024772644043
48,35.49603271484375
48,27.847801208496094
48,27.7071533203125
48,32.12986755371094
48,29.372512817382812
48,27.399211883544922
48,32.545494079589844
48,32.47156524658203
48,32.40556335449219
48,33.4166259765625
48,28.963041305541992
48,27.236675262451172
48,28.110567092895508
48,32.91446304321289
48,28.549911499023438
48,33.300498962402344
48,32.482696533203125
48,31.749204635620117
48,28.448945999145508
48,31.08352279663086
48,29.38538360595703
48,27.31899642944336
48,32.129737854003906
48,28.610002517700195
48,33.27049255371094
48,30.589757919311523
48,34.36515808105469
48,31.82012939453125
48,27.50509262084961
48,31.01850128173828
48,28.2453556060791
48,31.861459732055664
48,32.840797424316406
48,27.99345588684082
48,27.673105239868164
48,26.98652458190918
48,24.949527740478516
48,32.449825286865234
48,34.10658645629883
48,28.764652252197266
48,26.970569610595703
48,24.787940979003906
48,29.99831771850586
48,29.653635025024414
48,29.205852508544922
48,30.473548889160156
48,31.685096740722656
48,27.94663429260254
48,34.32679748535156
48,30.809904098510742
48,28.998563766479492
48,26.696170806884766
48,31.851457595825195
48,26.76576805114746
48,25.241613388061523
48,29.07914924621582
48,32.23756790161133
48,29.129335403442383
48,26.495031356811523
48,33.64414596557617
48,25.600467681884766
48,27.925281524658203
48,26.562902450561523
48,28.61076545715332
48,25.354419708251953
48,29.461198806762695
48,33.892269134521484
48,28.539968490600586
48,33.287784576416016
48,23.947372436523438
48,32.092369079589844
48,25.879850387573242
48,28.41461944580078
48,30.23505973815918
48,26.980464935302734
48,30.4191837310791
48,29.356639862060547
48,25.8468017578125
48,25.268346786499023
48,33.39068603515625
48,28.81764030456543
48,28.332530975341797
48,28.5674991607666
48,32.12984848022461
48,29.004150390625
48,33.019954681396484
48,27.304344177246094
48,32.76947784423828
48,25.99068832397461
48,27.613792419433594
48,28.531158447265625
48,34.802894592285156
48,28.71359634399414
48,31.287588119506836
48,24.483964920043945
48,25.667953491210938
48,27.651580810546875
48,25.790159225463867
48,33.2632942199707
48,30.980356216430664
48,33.07343673706055
48,25.511154174804688
48,29.2669620513916
48,33.10224533081055
48,28.503185272216797
48,34.4918327331543
48,27.152969360351562
48,32.00466537475586
48,33.18636703491211
48,32.863990783691406
48,29.9293212890625
48,24.359798431396484
48,33.1270751953125
48,32.618690490722656
48,24.730037689208984
48,34.877933502197266
48,25.20589256286621
48,24.29978370666504
48,28.774486541748047
48,30.60471534729004
48,27.59950828552246
48,31.13868522644043
48,29.617826461791992
48,33.57329559326172
48,24.65650749206543
48,33.78630828857422
48,27.307188034057617
48,30.771194458007812
48,27.40643882751465
48,24.972747802734375
48,32.59049987792969
48,32.773399353027344
48,31.43313980102539
48,28.506738662719727
48,29.203088760375977
48,27.023746490478516
48,24.49222183227539
48,32.042236328125
48,31.768644332885742
48,28.19379425048828
48,26.109222412109375
48,33.938167572021484
48,25.957508087158203
48,30.1005916595459
48,36.79662322998047
48,28.524938583374023
48,33.630332946777344
48,26.417158126831055
48,32.26078414916992
48,25.467872619628906
48,30.27420997619629
48,27.029874801635742
48,32.24275207519531
48,33.9133186340332
48,25.964807510375977
48,26.146699905395508
48,33.92082595825195
48,26.64879035949707
48,34.638427734375
48,28.983383178710938
48,28.054908752441406
48,29.891592025756836
48,32.84041976928711
48,24.56468963623047
48,27.412431716918945
48,33.85294723510742
48,28.20158576965332
48,29.43118667602539
48,34.554908752441406
48,31.84850311279297
48,25.03530502319336
48,26.427627563476562
48,25.68013572692871
48,24.744232177734375
48,28.537744522094727
48,33.21931838989258
48,32.01180648803711
48,30.294981002807617
48,29.652179718017578
48,26.4538516998291
48,32.856101989746094
48,29.415451049804688
48,27.53986167907715
48,32.779998779296875
48,24.296449661254883
48,27.11136245727539
48,27.031326293945312
48,27.18409538269043
48,35.185142517089844
48,24.088199615478516
48,30.204408645629883
48,27.16006088256836
48,31.730144500732422
48,32.21400451660156
48,31.484281539916992
48,28.504106521606445
48,29.301782608032227
48,34.29247283935547
48,30.807231903076172
48,34.28441619873047
48,33.350189208984375
48,32.65833282470703
48,33.11738967895508
48,24.44986915588379
48,31.246780395507812
48,28.910884857177734
48,32.432865142822266
48,33.31163024902344
48,34.69882583618164
48,32.51686477661133
48,34.389347076416016
48,32.670555114746094
48,31.72749137878418
48,25.36501693725586
48,29.622493743896484
48,25.177488327026367
48,32.3044548034668
48,26.248390197753906
48,32.14931869506836
48,27.947223663330078
48,29.36682891845703
48,28.63084602355957
48,26.373191833496094
48,30.68622589111328
48,29.44110679626465
48,34.98414611816406
48,26.65455436706543
48,27.74994468688965
48,28.15625762939453
48,27.366249084472656
48,25.026580810546875
48,34.661766052246094
48,27.46926498413086
48,34.02040100097656
48,25.67273712158203
48,24.447216033935547
48,27.376449584960938
48,25.683258056640625
48,29.84464454650879
48,30.086366653442383
48,27.932859420776367
48,32.58269500732422
48,26.543554306030273
48,29.82442855834961
48,29.482454299926758
48,24.181880950927734
48,28.756729125976562
48,27.713167190551758
48,26.74726676940918
48,34.02305221557617
48,26.58205795288086
48,28.251930236816406
48,25.144128799438477
48,31.330341339111328
48,33.1967887878418
48,32.482173919677734
48,31.896522521972656
48,25.730457305908203
48,28.973398208618164
48,28.854246139526367
48,34.25079345703125
48,33.34919357299805
48,31.6912784576416
48,32.58233642578125
48,28.20989990234375
48,32.595699310302734
48,33.43621826171875
48,26.62047004699707
48,29.485916137695312
48,26.97800636291504
48,34.65251541137695
48,30.25460433959961
48,30.174161911010742
48,25.50286102294922
48,32.33849334716797
48,33.412254333496094
48,29.486295700073242
48,29.532184600830078
48,24.25140380859375
48,24.69306755065918
48,31.441770553588867
48,31.049392700195312
48,33.913936614990234
48,23.210460662841797
48,30.430633544921875
48,23.951969146728516
48,28.633882522583008
48,25.669523239135742
48,30.130014419555664
48,29.031600952148438
48,33.195735931396484
48,31.520160675048828
48,24.442363739013672
48,29.693098068237305
48,33.12671661376953
48,27.102542877197266
48,24.31159782409668
48,24.943647384643555
48,26.889554977416992
48,29.717214584350586
48,31.51388168334961
48,24.771690368652344
48,26.599515914916992
48,29.996479034423828
48,30.80312728881836
48,33.044376373291016
48,31.550010681152344
48,29.08458137512207
48,32.33742141723633
48,23.700428009033203
48,26.95147705078125
48,25.63775634765625
48,32.56675720214844
48,27.769697189331055
48,34.52263641357422
48,25.376073837280273
48,32.2800178527832
48,27.529794692993164
48,32.442955017089844
48,30.492902755737305
48,24.501676559448242
48,33.04148483276367
48,31.72732162475586
48,24.53838348388672
48,31.431787490844727
48,27.93925666809082
48,26.962051391601562
48,29.986248016357422
48,25.463909149169922
48,29.898178100585938
48,27.108142852783203
48,31.285606384277344
48,26.921998977661133
48,33.89981460571289
48,27.256622314453125
48,27.688074111938477
48,27.336803436279297
48,26.630348205566406
48,26.423789978027344
48,37.145809173583984
48,30.228897094726562
48,26.694623947143555
48,29.742769241333008
48,32.71308135986328
48,29.82280921936035
48,28.24631690979004
48,31.826614379882812
48,25.949920654296875
48,29.40696144104004
48,26.982114791870117
48,25.02210235595703
48,24.311147689819336
48,33.07576370239258
48,28.969655990600586
48,25.158897399902344
48,28.75661849975586
48,29.793811798095703
48,28.046466827392578
48,27.0787296295166
48,29.952228546142578
48,26.420116424560547
48,25.913488388061523
48,24.07676887512207
48,25.027637481689453
48,23.986968994140625
48,31.357892990112305
48,33.63624954223633
48,30.53421401977539
48,33.9034309387207
48,35.853904724121094
48,31.256549835205078
48,31.525936126708984
48,32.00078201293945
48,30.52020263671875
48,30.36385726928711
48,29.754749298095703
48,32.77943801879883
48,25.909934997558594
48,24.026611328125
48,28.60634994506836
48,30.69890594482422
48,29.617685317993164
48,35.08378982543945
48,34.12632751464844
48,31.637699127197266
48,24.915485382080078
48,30.813129425048828
48,25.965688705444336
48,27.478614807128906
48,31.912555694580078
48,25.10110092163086
48,28.27710723876953
48,32.56312561035156
48,29.903173446655273
48,29.600181579589844
48,32.44795227050781
48,24.57309341430664
48,30.69278335571289
48,28.12445068359375
48,27.988224029541016
48,32.26081848144531
48,32.92122268676758
48,33.074005126953125
48,30.802104949951172
48,27.30036163330078
48,35.86017990112305
48,26.88896369934082
48,25.85967445373535
48,29.204601287841797
48,27.392229080200195
48,31.606454849243164
48,24.247356414794922
48,27.915142059326172
48,32.6581916809082
48,32.18251037597656
48,29.699077606201172
48,24.543380737304688
48,34.11829376220703
48,24.433609008789062
48,29.79511833190918
48,28.241559982299805
48,25.99949073791504
48,32.992454528808594
48,29.721454620361328
48,32.86637496948242
48,28.788959503173828
48,33.57667541503906
48,29.998397827148438
48,32.80848693847656
48,30.8156795501709
48,27.917823791503906
48,24.762659072875977
48,27.32342529296875
48,27.853687286376953
48,29.300899505615234
48,24.489971160888672
48,27.073095321655273
48,34.18569564819336
48,31.47372055053711
48,26.03911590576172
48,26.70009994506836
48,29.310720443725586
48,32.56060791015625
48,29.262680053710938
48,31.89112663269043
48,28.938539505004883
48,27.809154510498047
48,27.052490234375
48,28.082284927368164
48,30.048126220703125
48,31.831722259521484
48,31.406742095947266
48,24.45438003540039
48,32.35381317138672
48,30.888687133789062
48,25.811817169189453
48,28.580373764038086
48,34.86698532104492
48,28.932342529296875
48,32.36475372314453
48,27.340744018554688
48,35.2422981262207
48,29.493946075439453
48,25.10977554321289
48,27.931787490844727
48,30.82390594482422
48,33.34784698486328
48,32.32326126098633
48,25.2764892578125
48,25.119579315185547
48,27.248748779296875
48,29.479970932006836
48,29.218120574951172
48,30.438806533813477
48,29.296794891357422
48,27.178789138793945
48,28.514909744262695
48,30.446781158447266
48,27.232616424560547
48,26.324880599975586
48,32.12722396850586
48,32.326942443847656
48,25.060632705688477
48,28.230043411254883
48,27.30036735534668
48,32.644248962402344
48,29.047513961791992
48,31.91413116455078
48,35.793548583984375
48,30.09132957458496
48,27.89385223388672
48,32.97119903564453
48,30.441152572631836
48,34.586143493652344
48,24.978288650512695
48,29.781564712524414
48,33.49159240722656
48,28.582839965820312
48,32.24388122558594
48,24.359989166259766
48,24.142702102661133
48,30.421632766723633
48,32.167991638183594
48,25.575756072998047
48,26.125228881835938
48,32.52710723876953
48,28.799579620361328
48,33.698123931884766
48,31.399784088134766
48,25.10536003112793
48,27.01361846923828
48,32.14385223388672
48,29.217758178710938
48,33.61043167114258
48,31.501617431640625
48,24.714420318603516
48,27.519798278808594
48,28.299896240234375
48,31.023725509643555
48,24.16470718383789
48,29.23221778869629
48,25.568403244018555
48,29.4644775390625
48,28.98487663269043
48,30.80001449584961
48,30.17670440673828
48,28.377241134643555
48,25.993759155273438
48,32.124900817871094
48,26.6376953125
48,27.063941955566406
48,23.866130828857422
48,25.513153076171875
48,31.78814697265625
48,30.6560001373291
48,32.7186279296875
48,30.452253341674805
48,34.24831771850586
48,27.500165939331055
48,30.392620086669922
48,24.850204467773438
48,28.6325626373291
48,26.35151481628418
48,27.509119033813477
48,27.03458023071289
48,29.085432052612305
48,32.28989791870117
48,32.099613189697266
48,31.848636627197266
48,28.00937843322754
48,26.361440658569336
48,28.013879776000977
48,28.82234764099121
48,27.424522399902344
48,33.259281158447266
48,25.07013702392578
48,28.302671432495117
48,29.86563491821289
48,27.232370376586914
48,28.805801391601562
48,33.717994689941406
48,27.92676544189453
48,29.88312530517578
48,24.624845504760742
48,29.28504753112793
48,28.1252498626709
48,27.243322372436523
48,30.613061904907227
48,27.553773880004883
48,33.332275390625
48,31.18523406982422
48,26.721168518066406
48,27.207122802734375
48,33.934814453125
48,33.50528335571289
48,28.22212028503418
48,34.72091293334961
48,26.631906509399414
48,32.664268493652344
48,33.151771545410156
48,32.03706741333008
48,31.863853454589844
48,28.414756774902344
48,26.692974090576172
48,26.3588924407959
48,25.128070831298828
48,29.857393264770508
48,25.45819664001465
48,32.637474060058594
48,29.44192886352539
48,27.262048721313477
48,32.03942108154297
48,32.22502136230469
48,27.699146270751953
48,32.584590911865234
48,34.73223876953125
48,24.816673278808594
48,33.02265167236328
48,30.756147384643555
48,33.82716751098633
48,34.77287673950195
48,33.40678405761719
48,24.417247772216797
48,30.54951286315918
48,24.525436401367188
48,23.76580047607422
48,34.14753341674805
48,26.64215660095215
48,30.65728759765625
48,24.530107498168945
48,27.15287971496582
48,26.64254379272461
48,33.7979736328125
48,27.744524002075195
48,24.212406158447266
48,34.42494583129883
48,28.28352165222168
48,33.63317108154297
48,33.733028411865234
48,27.423999786376953
48,31.46943473815918
48,29.591217041015625
48,33.30000686645508
48,28.018089294433594
48,26.568567276000977
48,29.051897048950195
48,31.92840003967285
48,27.105867385864258
48,27.620927810668945
48,31.605642318725586
48,28.59161949157715
48,34.06794738769531
48,30.85102081298828
48,33.36320495605469
48,27.697750091552734
48,31.981952667236328
48,26.409374237060547
48,31.104007720947266
48,28.495241165161133
48,23.10832977294922
48,33.164085388183594
48,27.155189514160156
48,31.142595291137695
48,28.31818389892578
48,24.93560028076172
48,24.172231674194336
48,28.657482147216797
48,24.568077087402344
48,27.86036491394043
48,28.35271644592285
48,32.74552536010742
48,24.654254913330078
48,32.4603385925293
48,32.35499954223633
48,27.877763748168945
48,28.350841522216797
48,34.005550384521484
48,30.415992736816406
48,26.151979446411133
48,29.316341400146484
48,28.916990280151367
48,26.07158088684082
48,25.747461318969727
48,32.762596130371094
48,27.069198608398438
48,31.043188095092773
48,29.8995361328125
48,32.06577682495117
48,32.597312927246094
48,29.781038284301758
48,27.6541805267334
48,32.58255386352539
48,25.771617889404297
48,33.23064041137695
48,30.78200340270996
48,26.039514541625977
48,28.11728858947754
48,26.746366500854492
48,30.330236434936523
48,28.136198043823242
48,28.50005531311035
48,28.022418975830078
48,33.064762115478516
48,28.941654205322266
48,29.225915908813477
48,28.44948959350586
48,33.071353912353516
48,26.818086624145508
48,33.30512237548828
48,26.095792770385742
48,27.710744857788086
48,32.558448791503906
48,32.3609733581543
48,24.748228073120117
48,32.342220306396484
48,26.550004959106445
48,29.262136459350586
48,29.810718536376953
48,32.953243255615234
48,27.26791763305664
48,25.266345977783203
48,23.958614349365234
48,27.796340942382812
48,30.845170974731445
48,27.56962013244629
48,33.98085021972656
48,32.58695602416992
48,32.86237716674805
48,28.596036911010742
48,26.348791122436523
48,28.224149703979492
48,30.217525482177734
48,29.74938201904297
48,31.318161010742188
48,26.1595458984375
48,22.963787078857422
48,26.470504760742188
48,32.6190185546875
48,30.95388412475586
48,32.79232406616211
48,29.46831512451172
48,32.86256408691406
48,34.66106414794922
48,29.085058212280273
48,31.336380004882812
48,34.04546356201172
48,30.50531768798828
48,25.98780632019043
48,29.8608341217041
48,32.11189651489258
48,27.955188751220703
48,27.998838424682617
48,29.12750816345215
48,31.514854431152344
48,25.417341232299805
48,28.216266632080078
48,30.814062118530273
48,24.949329376220703
48,25.793930053710938
48,30.689525604248047
48,29.06589126586914
48,26.541759490966797
48,26.526071548461914
48,29.283430099487305
48,27.82364845275879
48,28.43330955505371
48,26.266281127929688
48,31.33125877380371
48,31.041166305541992
48,26.68960952758789
48,29.710752487182617
48,26.122196197509766
48,31.0797119140625
48,31.514068603515625
48,35.80832290649414
48,30.38448715209961
48,28.833980560302734
48,30.537565231323242
48,27.786388397216797
48,28.794031143188477
48,25.223539352416992
48,29.793926239013672
48,29.701332092285156
48,30.316423416137695
48,32.44560623168945
48,27.521385192871094
48,30.101285934448242
48,28.402873992919922
48,27.166507720947266
48,24.547542572021484
48,29.34303855895996
48,32.684776306152344
48,27.686086654663086
48,26.33576202392578
48,30.409099578857422
48,29.87932777404785
48,30.623241424560547
48,31.59995460510254
48,25.201114654541016
48,25.42249870300293
48,28.829181671142578
48,33.19823455810547
48,28.404491424560547
48,32.27565002441406
48,25.160398483276367
48,27.212499618530273
48,24.143468856811523
48,35.52824783325195
48,32.4468879699707
48,23.568769454956055
48,24.106496810913086
48,29.581174850463867
48,24.701244354248047
48,25.45726776123047
48,29.402570724487305
48,25.88813591003418
48,30.524951934814453
48,31.503137588500977
48,28.85415267944336
48,31.82270050048828
48,31.342025756835938
48,25.500314712524414
48,29.833263397216797
48,26.020244598388672
48,32.38974380493164
48,27.734962463378906
48,32.90291976928711
48,29.669700622558594
48,34.20848846435547
48,34.97300720214844
48,24.335002899169922
48,26.404277801513672
48,25.55339813232422
48,27.075315475463867
48,32.09107971191406
48,30.174158096313477
48,30.850753784179688
48,28.24942398071289
48,24.37855339050293
48,26.2786865234375
48,28.102867126464844
48,27.999343872070312
48,27.029064178466797
48,26.00797462463379
48,28.645662307739258
48,27.243179321289062
48,24.590116500854492
48,28.626312255859375
48,36.32965087890625
48,28.00737953186035
48,27.381025314331055
48,32.40963363647461
48,33.19581604003906
48,26.8392276763916
48,26.99182891845703
48,28.091081619262695
48,24.69921112060547
48,24.221939086914062
48,30.20123863220215
48,29.95174217224121
48,29.076074600219727
48,32.113040924072266
48,29.536502838134766
48,32.26611328125
48,31.85523223876953
48,26.47905921936035
48,32.618247985839844
48,33.399593353271484
48,28.314916610717773
48,29.232065200805664
48,33.2241325378418
48,27.55878448486328
48,30.92908477783203
48,29.921871185302734
48,25.046751022338867
48,32.025672912597656
48,33.84130096435547
48,29.124555587768555
48,25.95081901550293
48,25.29140853881836
48,25.729860305786133
48,29.605026245117188
48,33.28766632080078
48,24.4655704498291
48,29.346914291381836
48,33.58351516723633
48,32.93100357055664
48,27.015792846679688
48,27.23403549194336
48,27.565406799316406
48,34.06669235229492
48,30.379104614257812
48,27.611804962158203
48,32.45744323730469
48,33.70234680175781
48,34.01758575439453
48,34.11016082763672
48,28.126564025878906
48,29.484189987182617
48,25.155241012573242
48,27.1498966217041
48,33.7586669921875
48,32.352054595947266
48,31.602611541748047
48,29.14582633972168
48,24.508413314819336
48,26.121444702148438
48,23.539247512817383
48,33.632423400878906
48,26.934494018554688
48,33.46527099609375
48,27.748308181762695
48,29.764019012451172
48,34.698429107666016
48,29.552982330322266
48,29.217607498168945
48,25.978599548339844
48,28.14838218688965
48,32.183624267578125
48,32.57408905029297
48,30.338289260864258
48,27.298114776611328
48,33.34104537963867
48,28.829212188720703
48,32.44026184082031
48,33.18947982788086
48,23.93282699584961
48,26.189157485961914
48,29.236215591430664
48,27.20280647277832
48,32.77790069580078
48,29.759140014648438
48,30.964160919189453
48,26.74909019470215
48,24.86505126953125
48,29.99864387512207
48,24.886249542236328
48,25.070463180541992
48,35.622047424316406
48,34.36211013793945
48,32.614776611328125
48,28.04216194152832
48,30.53440284729004
48,27.950101852416992
48,26.31195831298828
48,25.105588912963867
48,28.013755798339844
48,28.876550674438477
48,34.71464538574219
48,30.042768478393555
48,33.96684265136719
48,30.570816040039062
48,33.49172592163086
48,32.458980560302734
48,26.212106704711914
48,29.398725509643555
48,30.745288848876953
48,28.267467498779297
48,29.528291702270508
48,27.131023406982422
48,31.335283279418945
48,34.653724670410156
48,31.256919860839844
48,24.740976333618164
48,28.962970733642578
48,33.696250915527344
48,31.273941040039062
48,26.4241886138916
48,28.17007064819336
48,25.006061553955078
48,30.40951919555664
48,31.245153427124023
48,26.437061309814453
48,24.605764389038086
48,24.978378295898438
48,26.799694061279297
48,33.08805847167969
48,25.616514205932617
48,23.913471221923828
48,24.33651351928711
48,32.829994201660156
48,29.642723083496094
48,31.95831871032715
48,32.424930572509766
48,31.43994903564453
48,35.04745864868164
48,26.66189193725586
48,33.86894607543945
48,24.089698791503906
48,31.34912109375
48,24.645723342895508
48,32.43647384643555
48,32.82480239868164
48,33.50366973876953
48,32.293609619140625
48,32.814971923828125
48,29.80001449584961
48,29.212907791137695
48,33.75838088989258
48,24.35919189453125
48,26.212276458740234
48,31.18309211730957
48,30.13848876953125
48,32.65586471557617
48,28.329891204833984
48,28.61766242980957
48,28.381717681884766
48,25.843862533569336
48,32.00017547607422
48,26.98457145690918
48,27.41283416748047
48,31.47872543334961
48,32.95033264160156
48,23.643341064453125
48,26.355224609375
48,28.88724136352539
48,34.2188606262207
48,32.95097732543945
48,28.250972747802734
48,31.389936447143555
48,24.772899627685547
48,28.04136085510254
48,32.78453826904297
48,25.476938247680664
48,25.440425872802734
48,26.560789108276367
48,30.92709732055664
48,26.99855613708496
48,30.60287094116211
48,34.776214599609375
48,25.530481338500977
48,24.425949096679688
48,27.360258102416992
48,24.14051055908203
48,29.714988708496094
48,30.517751693725586
48,28.70769691467285
48,25.611087799072266
48,25.77383804321289
48,31.208436965942383
48,28.725473403930664
48,34.568756103515625
48,32.052215576171875
48,33.0275993347168
48,30.86613655090332
48,34.33887481689453
48,33.44015121459961
48,27.400102615356445
48,24.33782196044922
48,27.8762264251709
48,31.214214324951172
48,32.55854034423828
48,33.41632080078125
48,32.79341506958008
48,32.803977966308594
48,30.838882446289062
48,36.72991180419922
48,24.042781829833984
48,33.709957122802734
48,24.919692993164062
48,29.71050262451172
48,24.365629196166992
48,25.42995834350586
48,33.18806457519531
48,24.90964698791504
48,34.88789367675781
48,26.369932174682617
48,30.923553466796875
48,27.12013053894043
48,29.879758834838867
48,31.53400421142578
48,28.618755340576172
48,30.0823974609375
48,24.25701141357422
48,32.693084716796875
48,24.829572677612305
48,29.108308792114258
48,34.19526290893555
48,32.554954528808594
48,33.95857620239258
48,29.453170776367188
48,32.64506149291992
48,25.694446563720703
48,26.938371658325195
48,30.419437408447266
48,29.518747329711914
48,32.30968475341797
48,29.406192779541016
48,25.722089767456055
48,32.58198165893555
48,32.307823181152344
48,28.05681037902832
48,26.787349700927734
48,33.101131439208984
48,24.305553436279297
48,31.028160095214844
48,32.115135192871094
48,27.586511611938477
48,24.40252113342285
48,29.40853500366211
48,27.509469985961914
48,34.0166015625
48,26.360578536987305
48,25.380889892578125
48,24.10672950744629
48,24.408369064331055
48,25.753637313842773
48,33.926517486572266
48,31.686376571655273
48,25.878292083740234
48,26.984506607055664
48,27.87839126586914
48,27.22252655029297
48,28.61386489868164
48,32.916748046875
48,28.350162506103516
48,31.550216674804688
48,30.558815002441406
48,31.888639450073242
48,29.941123962402344
48,24.819190979003906
48,28.49039077758789
48,35.187477111816406
48,30.1407413482666
48,25.530899047851562
48,34.240325927734375
48,34.224605560302734
48,32.54711151123047
48,27.742815017700195
48,33.04560089111328
48,30.549962997436523
48,33.677947998046875
48,28.775386810302734
48,26.833921432495117
48,25.309598922729492
48,33.442562103271484
48,33.4749755859375
48,32.17485427856445
48,24.836833953857422
48,34.14970016479492
48,27.30187225341797
48,26.23151969909668
48,25.155990600585938
48,26.646053314208984
48,27.226173400878906
48,32.656497955322266
48,27.235698699951172
48,27.779935836791992
48,27.71949005126953
48,25.348163604736328
48,29.54676055908203
48,30.049530029296875
48,32.09735870361328
48,25.20758056640625
48,26.820512771606445
48,27.308176040649414
48,29.657304763793945
48,24.386478424072266
48,29.584774017333984
48,34.331993103027344
48,32.92631149291992
48,26.169445037841797
48,24.99281883239746
48,25.96799087524414
48,25.403656005859375
48,34.06235122680664
48,28.69493865966797
48,27.06657600402832
48,26.01380729675293
48,32.37990188598633
48,32.69731903076172
48,25.999683380126953
48,24.97181510925293
48,31.073299407958984
48,27.45608139038086
48,34.454689025878906
48,33.593589782714844
48,24.31960678100586
48,33.205692291259766
48,31.817873001098633
48,25.312149047851562
48,32.03218078613281
48,28.438575744628906
48,32.63133239746094
48,27.473133087158203
48,24.813167572021484
48,26.385330200195312
48,25.465408325195312
48,33.14049530029297
48,24.821372985839844
48,27.64815902709961
48,28.530982971191406
48,24.136371612548828
48,29.629295349121094
48,24.447338104248047
48,27.25897216796875
48,32.69512176513672
48,32.54085159301758
48,26.566619873046875
48,29.27402114868164
48,34.57328414916992
48,25.66267967224121
48,25.730844497680664
48,27.068897247314453
48,30.949939727783203
48,29.39832878112793
48,24.21438980102539
48,25.005701065063477
48,29.452821731567383
48,24.503074645996094
48,31.991071701049805
48,26.87726593017578
48,34.08224868774414
48,28.548137664794922
48,23.703502655029297
48,31.18706512451172
48,30.327775955200195
48,30.525463104248047
48,28.618398666381836
48,33.65895080566406
48,26.353879928588867
48,27.078683853149414
48,32.41687774658203
48,29.746122360229492
48,29.05791664123535
48,28.17606544494629
48,29.401473999023438
48,24.239315032958984
48,29.136701583862305
48,32.19175720214844
48,25.058876037597656
48,29.09794044494629
48,31.718812942504883
48,34.093013763427734
48,30.989532470703125
48,30.90288734436035
48,26.945837020874023
48,30.31685447692871
48,25.17707061767578
48,25.16616439819336
48,34.34288024902344
48,25.73344612121582
48,27.108200073242188
48,31.194408416748047
48,35.31930160522461
48,32.224117279052734
48,26.995485305786133
48,26.500267028808594
48,28.12387466430664
48,32.26488494873047
48,26.730247497558594
48,23.64290428161621
48,25.20492172241211
48,31.278099060058594
48,24.499799728393555
48,33.364986419677734
48,26.068037033081055
48,28.600961685180664
48,32.060298919677734
48,24.459793090820312
48,27.883197784423828
48,29.884565353393555
48,28.390562057495117
48,29.453777313232422
48,32.8387565612793
48,25.098711013793945
48,27.78200340270996
48,31.93167495727539
48,31.83310317993164
48,32.618751525878906
48,32.573875427246094
48,24.50450325012207
48,26.30382537841797
48,33.9332275390625
48,34.05039978027344
48,34.10296630859375
48,26.369033813476562
48,33.74634552001953
48,31.28041648864746
48,24.78189468383789
48,31.499099731445312
48,27.400531768798828
48,27.711223602294922
48,30.17484474182129
48,28.12480926513672
48,28.707441329956055
48,30.000417709350586
48,28.813282012939453
48,30.40248680114746
48,28.553539276123047
48,28.486188888549805
48,27.944557189941406
48,31.140878677368164
48,29.00004005432129
48,24.12929916381836
48,33.78399658203125
48,25.898883819580078
48,25.140600204467773
48,30.613662719726562
48,27.572420120239258
48,33.33683776855469
48,24.36911964416504
48,31.52201271057129
48,29.572471618652344
48,26.076305389404297
48,25.5811824798584
48,30.67563247680664
48,23.77208709716797
48,31.04928970336914
48,30.582326889038086
48,32.90018844604492
48,32.238014221191406
48,31.00226402282715
48,27.56278419494629
48,27.24993324279785
48,24.024032592773438
48,30.411388397216797
48,27.796161651611328
48,30.658321380615234
48,32.59500503540039
48,24.058935165405273
48,25.627416610717773
48,26.93330192565918
48,28.2082462310791
48,27.749732971191406
48,29.70098304748535
48,32.89704895019531
48,32.5285530090332
48,27.58877944946289
48,32.108890533447266
48,30.8483829498291
48,34.021148681640625
48,31.769811630249023
48,32.87383270263672
48,33.252044677734375
48,27.699411392211914
48,32.5246467590332
48,33.490238189697266
48,33.5739631652832
48,26.383644104003906
48,32.88016891479492
48,33.986244201660156
48,30.507604598999023
48,33.069271087646484
48,31.787628173828125
48,28.564350128173828
48,26.811214447021484
48,31.44533348083496
48,29.904508590698242
48,30.166215896606445
48,29.310216903686523
48,24.608642578125
48,24.44989013671875
48,31.039501190185547
48,29.32567024230957
48,30.570249557495117
48,31.4689998626709
48,30.23360252380371
48,32.71333312988281
48,34.5767822265625
48,29.90434455871582
48,26.841096878051758
48,31.612682342529297
48,26.463293075561523
48,25.207080841064453
48,24.08307647705078
48,32.66141891479492
48,31.806547164916992
48,31.38117218017578
48,31.664508819580078
48,32.555198669433594
48,33.924583435058594
48,32.98291015625
48,27.938310623168945
48,24.71382713317871
48,25.844478607177734
48,33.27019500732422
48,29.7286434173584
48,26.74983787536621
48,32.884674072265625
48,31.711891174316406
48,30.33211326599121
48,33.37613296508789
48,26.423595428466797
48,27.327526092529297
48,30.327356338500977
48,28.792255401611328
48,34.94863510131836
48,32.2997932434082
48,26.368684768676758
48,29.154733657836914
48,27.467742919921875
48,28.137664794921875
48,30.35393524169922
48,28.115163803100586
48,24.116647720336914
48,27.201995849609375
48,32.95359420776367
48,25.555484771728516
48,34.338104248046875
48,25.1973819732666
48,27.409318923950195
48,28.43279457092285
48,27.420249938964844
48,31.67168426513672
48,26.108699798583984
48,29.491291046142578
48,33.07667922973633
48,27.87874412536621
48,30.24557876586914
48,32.81806182861328
48,30.640975952148438
48,31.602325439453125
48,32.461116790771484
48,31.680248260498047
48,32.02475357055664
48,25.430091857910156
48,34.15214538574219
48,25.614212036132812
48,29.384681701660156
48,28.659564971923828
48,34.27052688598633
48,33.2392463684082
48,27.515390396118164
48,30.537187576293945
48,29.21225929260254
48,24.809410095214844
48,25.350893020629883
48,30.267284393310547
48,33.136497497558594
48,27.2508544921875
48,26.874347686767578
48,22.795574188232422
48,28.032901763916016
48,33.04105758666992
48,24.487016677856445
48,30.898073196411133
48,25.00810432434082
48,24.55820083618164
48,27.69699478149414
48,27.407392501831055
48,28.465919494628906
48,32.55848693847656
48,27.89545249938965
48,24.130565643310547
48,24.867719650268555
48,32.1700553894043
48,33.978790283203125
48,33.953521728515625
48,33.484405517578125
48,26.950345993041992
48,30.218725204467773
48,27.757238388061523
48,35.231788635253906
48,30.981382369995117
48,27.06203269958496
48,32.604331970214844
48,30.648845672607422
48,25.652551651000977
48,32.90937042236328
48,34.743133544921875
48,26.554641723632812
48,25.588775634765625
48,24.807065963745117
48,24.9725399017334
48,31.31417465209961
48,33.34413528442383
48,32.6859245300293
48,28.005109786987305
48,28.395065307617188
48,31.53923988342285
48,30.08082389831543
48,26.343582153320312
48,32.63209533691406
48,25.748382568359375
48,31.38974952697754
48,32.65477752685547
48,31.68018341064453
48,33.63941192626953
48,25.155000686645508
48,27.343379974365234
48,26.811098098754883
48,32.2986946105957
48,32.37739181518555
48,27.496456146240234
48,29.18179702758789
48,32.59280014038086
48,30.944782257080078
48,23.824356079101562
48,24.972251892089844
48,23.358821868896484
48,30.658323287963867
48,32.84605026245117
48,28.340682983398438
48,28.348793029785156
48,27.14248275756836
48,34.99256896972656
48,30.9356689453125
48,33.36408996582031
48,25.99408721923828
48,34.11648178100586
48,27.217687606811523
48,25.88929557800293
48,28.107749938964844
48,31.977127075195312
48,28.3153076171875
48,27.73865509033203
48,33.29278564453125
48,27.036184310913086
48,30.293682098388672
48,26.150482177734375
48,29.4256591796875
48,26.67171287536621
48,31.476816177368164
48,31.863815307617188
48,32.188045501708984
48,33.102439880371094
48,30.56878662109375
48,27.066667556762695
48,32.60701370239258
48,30.897994995117188
48,25.24907875061035
48,31.584941864013672
48,29.102506637573242
48,25.644250869750977
48,28.34856414794922
48,26.197368621826172
48,29.09888458251953
48,31.514251708984375
48,29.837337493896484
48,32.53514099121094
48,26.230392456054688
48,32.196937561035156
48,26.418895721435547
48,23.5738582611084
48,27.84020233154297
48,23.71299171447754
48,32.57017135620117
48,30.831335067749023
48,32.771881103515625
48,29.64232635498047
48,25.174211502075195
48,23.79375457763672
48,26.573392868041992
48,30.79425048828125
48,31.792022705078125
48,24.137224197387695
48,28.952457427978516
48,23.86876106262207
48,31.578866958618164
48,27.867626190185547
48,29.67111587524414
48,29.802217483520508
48,25.025146484375
48,26.845046997070312
48,25.205707550048828
48,33.87668991088867
48,29.55384063720703
48,27.617630004882812
48,30.291236877441406
48,26.76474952697754
48,23.770875930786133
48,32.80705261230469
48,24.24393653869629
48,27.608598709106445
48,27.588687896728516
48,28.760814666748047
48,35.4202995300293
48,32.10334396362305
48,27.54351806640625
48,27.783294677734375
48,33.03511428833008
48,28.46463966369629
48,24.706491470336914
48,25.281652450561523
48,30.788280487060547
48,29.657896041870117
48,28.00028419494629
48,35.33470916748047
48,25.559062957763672
48,32.20512771606445
48,24.543243408203125
48,25.075788497924805
48,35.35170364379883
48,28.25323486328125
48,29.48401641845703
48,29.164363861083984
48,32.02781295776367
48,24.86043930053711
48,31.444547653198242
48,34.78276824951172
48,26.11429214477539
48,27.84064292907715
48,30.290157318115234
48,29.69657325744629
48,33.20629119873047
48,33.78901290893555
48,33.84874725341797
48,26.744659423828125
48,24.396488189697266
48,24.28923988342285
48,28.296401977539062
48,34.601890563964844
48,27.390016555786133
48,37.204872131347656
48,28.774255752563477
48,27.352313995361328
48,25.8830623626709
48,28.97374153137207
48,29.951740264892578
48,31.18171501159668
48,24.775131225585938
48,33.19487762451172
48,32.621402740478516
48,25.135549545288086
48,26.238840103149414
48,34.72779083251953
48,30.803560256958008
48,27.754901885986328
48,24.37125015258789
48,32.64871597290039
48,31.147615432739258
48,27.54447364807129
48,27.783864974975586
48,29.57662582397461
48,27.87731170654297
48,26.416202545166016
48,32.81996154785156
48,31.565793991088867
48,31.122480392456055
48,24.66497230529785
48,34.49443054199219
48,33.04579162597656
48,24.773090362548828
48,30.090456008911133
48,26.563161849975586
48,26.090261459350586
48,26.37763214111328
48,27.096338272094727
48,25.458332061767578
48,32.76893615722656
48,27.47575569152832
48,30.553913116455078
48,25.594398498535156
48,24.924978256225586
48,30.608715057373047
48,28.00983238220215
48,26.60106086730957
48,33.00926208496094
48,26.779155731201172
48,26.031042098999023
48,30.520267486572266
48,28.020578384399414
48,32.73179244995117
48,28.411270141601562
48,32.749359130859375
48,24.76943588256836
48,34.125938415527344
48,26.705162048339844
48,30.158924102783203
48,27.93028450012207
48,31.883136749267578
48,25.067678451538086
48,33.727996826171875
48,30.59830665588379
48,31.431415557861328
48,31.411649703979492
48,32.13588333129883
48,32.10173416137695
48,27.01848793029785
48,28.105993270874023
48,30.527503967285156
48,29.769798278808594
48,31.016592025756836
48,28.756999969482422
48,30.794403076171875
48,29.47957420349121
48,26.380037307739258
48,26.5205078125
48,26.76752471923828
48,30.018299102783203
48,32.46864700317383
48,29.957149505615234
48,31.133041381835938
48,33.567562103271484
48,31.55960464477539
48,26.39436149597168
48,31.06734848022461
48,29.540882110595703
48,31.31439208984375
48,25.17623519897461
48,23.482553482055664
48,31.784570693969727
48,30.56390953063965
48,25.76136589050293
48,31.8868408203125
48,25.195411682128906
48,26.761491775512695
48,25.596656799316406
48,26.168336868286133
48,30.8319034576416
48,34.81406021118164
48,25.72591781616211
48,25.765371322631836
48,35.525001525878906
48,24.25238037109375
48,24.82541275024414
48,33.47502136230469
48,30.253982543945312
48,24.18504524230957
48,27.446712493896484
48,31.231163024902344
48,34.788368225097656
48,27.82485008239746
48,29.66570472717285
48,28.563234329223633
48,27.657556533813477
48,29.075119018554688
48,29.39708137512207
48,35.76791000366211
48,24.305084228515625
48,31.795616149902344
48,32.612274169921875
48,27.13442039489746
48,33.30253601074219
48,33.40373611450195
48,24.00725555419922
48,26.90755844116211
48,31.94327163696289
48,32.021697998046875
48,25.270174026489258
48,28.04332160949707
48,28.62047576904297
48,28.04533576965332
48,29.655820846557617
48,28.335573196411133
48,26.400375366210938
48,30.151487350463867
48,29.39527130126953
48,25.648332595825195
48,25.58150863647461
48,26.440216064453125
48,32.141876220703125
48,31.875165939331055
48,31.078128814697266
48,25.963176727294922
48,24.24160385131836
48,30.622331619262695
48,27.285625457763672
48,25.424610137939453
48,24.019609451293945
48,24.15223503112793
48,31.313459396362305
48,31.640098571777344
48,27.145339965820312
48,25.694210052490234
48,27.204879760742188
48,31.215665817260742
48,27.32884979248047
48,29.811628341674805
48,33.230262756347656
48,28.543907165527344
48,28.87211036682129
48,33.37208938598633
48,29.79169273376465
48,32.46961212158203
48,24.76915168762207
48,28.301916122436523
48,32.41686248779297
48,29.684988021850586
48,30.156326293945312
48,32.50996398925781
48,30.66864013671875
48,30.02680206298828
48,25.322298049926758
48,24.73520851135254
48,27.955352783203125
48,25.109128952026367
48,33.21125411987305
48,32.6013069152832
48,36.372982025146484
48,25.38469123840332
48,24.478837966918945
48,35.257232666015625
48,31.45331382751465
48,29.936214447021484
48,29.255369186401367
48,24.52948570251465
48,30.868221282958984
48,33.39252853393555
48,32.39677047729492
48,27.87100601196289
48,28.55109214782715
48,27.57724380493164
48,34.98501205444336
48,29.576133728027344
48,32.93174743652344
48,29.335182189941406
48,32.67525100708008
48,32.85261917114258
48,27.940919876098633
48,25.088441848754883
48,33.35304260253906
48,33.302978515625
48,23.93397331237793
48,29.858549118041992
48,27.250370025634766
48,27.748064041137695
48,33.76908493041992
48,31.60776138305664
48,32.025306701660156
48,27.698163986206055
48,29.316282272338867
48,29.656463623046875
48,33.61680603027344
48,26.9161376953125
48,28.533159255981445
48,34.23110580444336
48,26.674455642700195
48,28.857471466064453
48,34.62488555908203
48,32.32901382446289
48,24.779836654663086
48,25.253856658935547
48,24.91670799255371
48,26.638307571411133
48,32.66062927246094
48,28.008548736572266
48,23.992206573486328
48,31.30587387084961
48,30.1806640625
48,34.523963928222656
48,33.213287353515625
48,24.477813720703125
48,34.12997817993164
48,30.61294174194336
48,25.119108200073242
48,29.341915130615234
48,32.224613189697266
48,23.524127960205078
48,25.99920082092285
48,31.794939041137695
48,28.557369232177734
48,26.880619049072266
48,29.622652053833008
48,34.84506607055664
48,24.368497848510742
48,30.151412963867188
48,33.0478401184082
48,29.737741470336914
48,24.73738670349121
48,32.66556167602539
48,34.289161682128906
48,34.606964111328125
48,29.684579849243164
48,27.863603591918945
48,27.456073760986328
48,29.523433685302734
48,27.701534271240234
48,32.79827117919922
48,25.64864158630371
48,29.026044845581055
48,26.758258819580078
48,25.878433227539062
48,31.515756607055664
48,33.52286911010742
48,26.84507179260254
48,28.291690826416016
48,27.30030632019043
48,26.509523391723633
48,31.354320526123047
48,29.857004165649414
48,26.81330108642578
48,24.632671356201172
48,31.639934539794922
48,28.894203186035156
48,28.371925354003906
48,29.282194137573242
48,31.958736419677734
48,26.62721061706543
48,34.725032806396484
48,28.99237632751465
48,32.03239059448242
48,31.187776565551758
48,26.249038696289062
48,29.082693099975586
48,31.88740348815918
48,26.705595016479492
48,32.70859909057617
48,29.27457046508789
48,25.972097396850586
48,24.59640884399414
48,27.415117263793945
48,29.80343246459961
48,33.87532043457031
48,28.37888526916504
48,28.79216766357422
48,26.053409576416016
48,27.558137893676758
48,25.0208797454834
48,33.39746856689453
48,27.447187423706055
48,26.164440155029297
48,31.1821231842041
48,32.71956253051758
48,29.00659942626953
48,27.560258865356445
48,28.773014068603516
48,30.088613510131836
48,33.05112838745117
48,26.572105407714844
48,32.03787612915039
48,30.270368576049805
48,24.572307586669922
48,32.5004768371582
48,25.068695068359375
48,34.05448913574219
48,25.49252700805664
48,26.822473526000977
48,24.89202880859375
48,24.36409568786621
48,30.83077621459961
48,30.631492614746094
48,28.03533172607422
48,24.100635528564453
48,29.689796447753906
48,32.253746032714844
48,24.74425506591797
48,29.103681564331055
48,34.24174499511719
48,29.640525817871094
48,27.608407974243164
48,32.668060302734375
48,26.75461769104004
48,26.921382904052734
48,24.060916900634766
48,35.09257888793945
48,28.6378173828125
48,33.537071228027344
48,32.04799270629883
48,29.673891067504883
48,27.271635055541992
48,33.41815948486328
48,28.454082489013672
48,28.81385040283203
48,25.242464065551758
48,35.452083587646484
48,23.691417694091797
48,24.79045867919922
48,32.27255630493164
48,26.98712921142578
48,25.78704071044922
48,28.171428680419922
48,34.56352233886719
48,30.956039428710938
48,26.3989200592041
48,32.768253326416016
48,33.64663314819336
48,25.597806930541992
48,33.5866584777832
48,33.595577239990234
48,26.22113800048828
48,24.021652221679688
48,27.617992401123047
48,24.95041275024414
48,32.128414154052734
48,32.21212387084961
48,32.0357780456543
48,32.0943603515625
48,32.0975227355957
48,32.88242721557617
48,25.640907287597656
48,32.18601989746094
48,32.41172790527344
48,26.043045043945312
48,32.070770263671875
48,31.661624908447266
48,32.97052001953125
48,24.627487182617188
48,24.9172420501709
48,23.521316528320312
48,25.09727668762207
48,24.67156410217285
48,32.19382095336914
48,24.94890594482422
48,30.15777587890625
48,31.983348846435547
48,30.20663833618164
48,33.56059646606445
48,31.915725708007812
48,31.57216453552246
48,36.68913650512695
48,30.554183959960938
48,29.63776206970215
48,27.67729949951172
48,24.7567138671875
48,26.93756675720215
48,29.411258697509766
48,33.07701873779297
48,31.372127532958984
48,34.605037689208984
48,27.741308212280273
48,25.819902420043945
48,31.718509674072266
48,32.338829040527344
48,30.869977951049805
48,26.941226959228516
48,29.27313995361328
48,29.3304500579834
48,30.02802848815918
48,25.730796813964844
48,33.448787689208984
48,24.944272994995117
48,27.488197326660156
48,29.825851440429688
48,24.585678100585938
48,25.225099563598633
48,34.80269241333008
48,29.059497833251953
48,30.30785369873047
48,33.088993072509766
48,32.00780487060547
48,30.33802032470703
48,28.729248046875
48,30.2582950592041
48,24.427841186523438
48,26.475322723388672
48,25.137508392333984
48,25.027257919311523
48,25.131446838378906
48,25.389583587646484
48,27.774547576904297
48,32.211509704589844
48,31.243993759155273
48,27.660783767700195
48,26.942623138427734
48,31.688030242919922
48,26.17731285095215
48,33.82843017578125
48,25.05736541748047
48,28.270727157592773
48,28.00752067565918
48,30.04538917541504
48,32.97529220581055
48,27.126182556152344
48,33.74169921875
48,28.138498306274414
48,26.22361946105957
48,25.29111671447754
48,30.177127838134766
48,30.93304443359375
48,28.792978286743164
48,25.353023529052734
48,27.885662078857422
48,31.678058624267578
48,30.88826560974121
48,30.78824806213379
48,26.936573028564453
48,33.57331848144531
48,28.639291763305664
48,34.514915466308594
48,35.6042366027832
48,30.11701774597168
48,27.24254608154297
48,29.58263397216797
48,36.14535140991211
48,32.64543151855469
48,32.59736251831055
48,28.470428466796875
48,32.29889678955078
48,28.965078353881836
48,27.816267013549805
48,25.05526351928711
48,33.756229400634766
48,27.715015411376953
48,28.047752380371094
48,28.029966354370117
48,29.97960090637207
48,29.68125343322754
48,30.552181243896484
48,26.04800033569336
48,24.72311019897461
48,31.95677375793457
48,31.080299377441406
48,31.161846160888672
48,27.26327896118164
48,26.819345474243164
48,33.355323791503906
48,24.23688507080078
48,26.891223907470703
48,28.754669189453125
48,28.469242095947266
48,32.47250747680664
48,32.13719177246094
48,29.7947998046875
48,30.758771896362305
48,30.36313247680664
48,30.06778907775879
48,27.76734733581543
48,33.048187255859375
48,25.880107879638672
48,25.540233612060547
48,27.430057525634766
48,26.876697540283203
48,25.68717384338379
48,29.353612899780273
48,27.87168312072754
48,29.126850128173828
48,24.02726173400879
48,32.22763442993164
48,24.63416862487793
48,33.441036224365234
48,24.120553970336914
48,24.679885864257812
48,27.430763244628906
48,25.027976989746094
48,27.07540512084961
48,28.9820556640625
48,26.659042358398438
48,30.007892608642578
48,28.30335235595703
48,31.507247924804688
48,29.990018844604492
48,29.80916976928711
48,32.946929931640625
48,33.80249786376953
48,27.70942497253418
48,27.638072967529297
48,27.1519832611084
48,29.019676208496094
48,25.3563175201416
48,28.41834831237793
48,34.627017974853516
48,31.43330955505371
48,24.03653335571289
48,29.625329971313477
48,29.28540802001953
48,33.72755432128906
48,28.17720603942871
48,30.873920440673828
48,30.612205505371094
48,29.35291290283203
48,26.220117568969727
48,32.974327087402344
48,33.06974411010742
48,34.572147369384766
48,28.447612762451172
48,30.61110496520996
48,25.006322860717773
48,26.050046920776367
48,32.997840881347656
48,34.99720001220703
48,25.176109313964844
48,28.344350814819336
48,27.479103088378906
48,30.605918884277344
48,31.05954933166504
48,26.389217376708984
48,28.541318893432617
48,30.006052017211914
48,26.20604133605957
48,31.907453536987305
48,27.896284103393555
48,23.949462890625
48,27.631399154663086
48,27.101463317871094
48,31.562305450439453
48,26.368383407592773
48,26.510772705078125
48,31.38443374633789
48,29.74921417236328
48,32.57009506225586
48,26.506715774536133
48,27.27569580078125
48,33.09920120239258
48,25.69634246826172
48,32.71992492675781
48,29.030181884765625
48,24.822053909301758
48,26.36261558532715
48,33.20653533935547
48,30.795320510864258
48,30.71512222290039
48,31.333465576171875
48,30.792020797729492
48,33.88977813720703
48,30.995466232299805
48,34.056209564208984
48,29.15977668762207
48,32.08480453491211
48,24.641956329345703
48,29.100648880004883
48,24.864023208618164
48,33.1496696472168
48,29.709623336791992
48,31.713533401489258
48,32.64276885986328
48,28.779277801513672
48,34.63203430175781
48,32.92387771606445
48,29.628154754638672
48,28.711708068847656
48,27.228469848632812
48,29.057031631469727
48,25.461469650268555
48,31.433073043823242
48,32.52763748168945
48,28.240461349487305
48,33.89141845703125
48,27.539167404174805
48,32.20204162597656
48,29.26926612854004
48,28.60340118408203
48,31.14969825744629
48,30.776216506958008
48,25.520994186401367
48,28.35207748413086
48,32.67867660522461
48,26.150686264038086
48,32.322288513183594
48,28.19310760498047
48,34.35669708251953
48,23.508140563964844
48,30.9560604095459
48,29.727392196655273
48,24.744531631469727
48,30.165000915527344
48,28.730899810791016
48,27.9621639251709
48,28.258329391479492
48,31.241464614868164
48,27.15508270263672
48,33.121437072753906
48,33.04931640625
48,26.741361618041992
48,30.215524673461914
48,25.754356384277344
48,32.99949645996094
48,28.666528701782227
48,23.090993881225586
48,23.482013702392578
48,30.579946517944336
48,25.47197723388672
48,29.975433349609375
48,31.10872459411621
48,31.78521728515625
48,23.67035484313965
48,34.063846588134766
48,29.511125564575195
48,27.93777084350586
48,28.042272567749023
48,25.640132904052734
48,29.23796844482422
48,34.81538772583008
48,23.83814239501953
48,33.02501678466797
48,25.507678985595703
48,29.452625274658203
48,31.29502296447754
48,26.576757431030273
48,24.43572425842285
48,30.14987564086914
48,28.19098663330078
48,29.931529998779297
48,27.854928970336914
48,26.012052536010742
48,32.186893463134766
48,25.606918334960938
48,24.12286376953125
48,24.008712768554688
48,27.1070499420166
48,29.332773208618164
48,30.22821044921875
48,26.757179260253906
48,26.128141403198242
48,24.450685501098633
48,29.537979125976562
48,31.937679290771484
48,32.73897171020508
48,24.653596878051758
48,25.25865936279297
48,33.70978927612305
48,30.558631896972656
48,33.552181243896484
48,31.192195892333984
48,28.38852882385254
48,27.544591903686523
48,24.0367431640625
48,32.99683380126953
48,27.43359375
48,32.01577377319336
48,25.723953247070312
48,27.997224807739258
48,33.174842834472656
48,29.652942657470703
48,31.578529357910156
48,24.28668975830078
48,29.70189666748047
48,29.595352172851562
48,33.80115509033203
48,29.65697479248047
48,31.03288459777832
48,33.85669708251953
48,31.421615600585938
48,32.163394927978516
48,24.4010009765625
48,32.76869201660156
48,32.96750259399414
48,28.498144149780273
48,25.809072494506836
48,26.543813705444336
48,25.70132064819336
48,33.10293960571289
48,33.562931060791016
48,33.03905487060547
48,34.05763244628906
48,28.685604095458984
48,27.041059494018555
48,28.538267135620117
48,24.579496383666992
48,23.588134765625
48,32.0957145690918
48,33.85621643066406
48,25.028987884521484
48,30.363300323486328
48,25.706459045410156
48,28.90968894958496
48,27.710790634155273
48,30.45407485961914
48,32.229042053222656
48,33.151885986328125
48,23.6361026763916
48,32.5246467590332
48,29.350736618041992
48,32.394676208496094
48,32.52714920043945
48,34.357177734375
48,30.234846115112305
48,28.79145050048828
48,25.85015296936035
48,30.52924346923828
48,32.00334548950195
48,25.19861602783203
48,28.434858322143555
48,27.748498916625977
48,32.5223274230957
48,28.163806915283203
48,29.357316970825195
48,30.466976165771484
48,28.183910369873047
48,31.44953155517578
48,31.783605575561523
48,31.791828155517578
48,24.44950294494629
48,25.978679656982422
48,33.62920379638672
48,34.2765998840332
48,24.62396240234375
48,33.02268981933594
48,30.104736328125
48,24.316791534423828
48,30.27433967590332
48,28.033292770385742
48,26.423114776611328
48,28.614988327026367
48,31.72886085510254
48,28.56922149658203
48,27.448225021362305
48,28.600048065185547
48,23.948413848876953
48,29.33548927307129
48,26.413801193237305
48,30.168621063232422
48,32.67326354980469
48,26.655317306518555
48,32.70429229736328
48,31.283710479736328
48,26.09542465209961
48,35.075439453125
48,24.08786392211914
48,31.666183471679688
48,30.336715698242188
48,31.675071716308594
48,34.80138397216797
48,23.844478607177734
48,25.301265716552734
48,27.76523780822754
48,28.37489891052246
48,31.62453842163086
48,26.34583282470703
48,31.4685001373291
48,27.952425003051758
48,27.30715560913086
48,27.172210693359375
48,28.926815032958984
48,30.306217193603516
48,28.868045806884766
48,32.81733322143555
48,31.658578872680664
48,28.220050811767578
48,34.268619537353516
48,24.55571746826172
48,32.62741470336914
48,32.137245178222656
48,33.81544876098633
48,25.79608917236328
48,27.552597045898438
48,33.125343322753906
48,24.67746925354004
48,29.202537536621094
48,26.502456665039062
48,27.6851806640625
48,29.195436477661133
48,33.93349075317383
48,28.581356048583984
48,28.90325164794922
48,32.65865707397461
48,27.318628311157227
48,32.650325775146484
48,26.652921676635742
48,34.171058654785156
48,34.89141082763672
48,34.27915954589844
48,25.33139991760254
48,33.054527282714844
48,29.57022476196289
48,24.528976440429688
48,25.68039321899414
48,34.0510139465332
48,24.536727905273438
48,33.97868347167969
48,25.077058792114258
48,31.60875701904297
48,27.053300857543945
48,26.48453140258789
48,31.62094497680664
48,29.187503814697266
48,31.64803123474121
48,25.916259765625
48,28.1053409576416
48,29.56924819946289
48,24.8179874420166
48,28.5963134765625
48,33.58140563964844
48,29.875341415405273
48,32.774253845214844
48,25.604188919067383
48,29.454055786132812
48,30.88246726989746
48,32.6437873840332
48,26.51926040649414
48,33.468605041503906
48,30.53376007080078
48,27.573963165283203
48,30.18302345275879
48,35.269596099853516
48,23.783405303955078
48,30.919103622436523
48,35.685386657714844
48,29.07710838317871
48,31.725557327270508
48,27.886520385742188
48,28.070585250854492
48,26.376455307006836
48,33.32825469970703
48,28.898109436035156
48,29.62198829650879
48,35.150787353515625
48,27.570138931274414
48,32.35594177246094
48,29.269804000854492
48,34.19789123535156
48,31.338090896606445
48,25.445592880249023
48,32.3573112487793
48,27.77351951599121
48,28.416902542114258
48,33.32563781738281
48,31.47677993774414
48,33.72165298461914
48,24.826711654663086
48,28.04416847229004
48,25.876447677612305
48,32.48923110961914
48,27.55565643310547
48,34.243324279785156
48,35.64010238647461
48,29.535587310791016
48,29.395435333251953
48,27.206783294677734
48,23.978694915771484
48,33.43984603881836
48,24.542144775390625
48,24.082645416259766
48,30.167173385620117
48,24.351787567138672
48,27.74530029296875
48,31.811323165893555
48,29.079486846923828
48,33.59645462036133
48,33.91844177246094
48,30.571516036987305
48,33.704742431640625
48,32.06650924682617
48,25.121671676635742
48,27.48073959350586
48,26.02483558654785
48,33.9941520690918
48,28.18427848815918
48,29.596054077148438
48,27.70329475402832
48,27.80443572998047
48,30.722515106201172
48,31.47879981994629
48,24.78729820251465
48,28.452178955078125
48,26.921367645263672
48,28.62764549255371
48,32.467735290527344
48,30.634235382080078
48,31.257244110107422
48,28.589698791503906
48,27.66141700744629
48,27.13109588623047
48,25.38345718383789
48,32.476383209228516
48,25.902687072753906
48,30.005931854248047
48,34.36913299560547
48,26.05827522277832
48,30.81446647644043
48,28.67633628845215
48,25.165525436401367
48,33.66300964355469
48,26.832124710083008
48,33.81153869628906
48,27.305408477783203
48,32.658687591552734
48,31.773380279541016
48,26.110538482666016
48,31.45638656616211
48,27.412437438964844
48,26.155080795288086
48,30.706161499023438
48,29.2636775970459
48,32.75166702270508
48,30.890239715576172
48,31.004146575927734
48,30.245723724365234
48,32.39530563354492
48,24.98318862915039
48,26.491817474365234
48,32.452327728271484
48,28.57369613647461
48,26.457799911499023
48,28.96341323852539
48,27.516817092895508
48,29.63347816467285
48,31.318586349487305
48,26.69676971435547
48,29.83879852294922
48,26.953575134277344
48,27.699535369873047
48,31.107498168945312
48,26.723230361938477
48,30.41660499572754
48,33.9024658203125
48,32.241065979003906
48,28.969757080078125
48,24.2176456451416
48,29.630130767822266
48,32.163997650146484
48,28.53989028930664
48,28.639076232910156
48,25.97783660888672
48,32.10019302368164
48,27.498510360717773
48,32.328731536865234
48,27.421226501464844
48,32.939292907714844
48,26.473745346069336
48,33.51255798339844
48,25.45977210998535
48,24.51480484008789
48,26.67870330810547
48,33.52915573120117
48,28.258399963378906
48,33.97208786010742
48,25.56551742553711
48,28.27149200439453
48,33.831764221191406
48,33.29218673706055
48,34.06321716308594
48,29.962066650390625
48,34.084896087646484
48,25.399009704589844
48,30.763486862182617
48,29.276029586791992
48,26.293380737304688
48,23.895771026611328
48,24.633277893066406
48,31.04573631286621
48,24.594419479370117
48,29.051307678222656
48,33.0939826965332
48,32.85337829589844
48,32.75100326538086
48,28.291152954101562
48,33.06795120239258
48,25.25508689880371
48,32.886173248291016
48,26.667591094970703
48,28.746320724487305
48,28.321895599365234
48,26.094799041748047
48,28.611974716186523
48,32.89414978027344
48,29.296958923339844
48,25.320457458496094
48,32.558780670166016
48,32.38571548461914
48,31.167484283447266
48,26.943281173706055
48,30.264415740966797
48,27.17056655883789
48,25.006336212158203
48,26.85239601135254
48,28.097919464111328
48,29.126461029052734
48,25.32196617126465
48,33.003761291503906
48,32.46485137939453
48,29.775619506835938
48,32.606224060058594
48,28.237178802490234
48,28.05739402770996
48,27.11996078491211
48,29.282072067260742
48,29.36614418029785
48,30.864965438842773
48,33.211158752441406
48,24.38922119140625
48,24.95896339416504
48,30.549022674560547
48,34.01014709472656
48,26.70836067199707
48,27.32835578918457
48,31.261028289794922
48,26.05499267578125
48,25.594633102416992
48,29.595264434814453
48,31.840564727783203
48,27.57250213623047
48,34.33534622192383
48,31.072973251342773
48,34.188968658447266
48,32.35456085205078
48,27.84391212463379
48,27.766408920288086
48,36.28810501098633
48,28.952308654785156
48,34.01715087890625
48,30.45134735107422
48,27.591848373413086
48,28.729063034057617
48,29.142549514770508
48,28.57451820373535
48,31.591264724731445
48,26.407087326049805
48,29.586484909057617
48,26.38526725769043
48,29.43387794494629
48,25.630645751953125
48,27.368515014648438
48,23.00751304626465
48,28.19799041748047
48,32.86728286743164
48,27.801074981689453
48,32.13740921020508
48,32.9763298034668
48,32.80096435546875
48,25.767070770263672
48,30.933868408203125
48,32.60528564453125
48,32.843719482421875
48,34.35837173461914
48,32.86130142211914
48,33.65263366699219
48,33.077789306640625
48,31.781723022460938
48,31.058069229125977
48,32.994319915771484
48,31.665010452270508
48,23.997831344604492
48,30.923810958862305
48,32.192665100097656
48,26.118200302124023
48,26.983413696289062
48,28.90886878967285
48,28.53277587890625
48,32.905555725097656
48,29.139949798583984
48,24.521800994873047
48,32.08445358276367
48,27.51158332824707
48,28.974903106689453
48,29.02490997314453
48,26.816268920898438
48,24.614269256591797
48,28.473392486572266
48,32.18678283691406
48,32.8284912109375
48,28.367809295654297
48,23.96049690246582
48,23.696083068847656
48,28.43576431274414
48,24.70841407775879
48,24.44438934326172
48,24.52820587158203
48,33.242183685302734
48,34.00447082519531
48,26.849246978759766
48,26.053714752197266
48,32.593772888183594
48,29.326019287109375
48,29.724977493286133
48,24.315013885498047
48,27.507186889648438
48,30.895702362060547
48,29.992307662963867
48,27.553571701049805
48,32.85935974121094
48,33.807979583740234
48,26.53417205810547
48,30.142778396606445
48,32.545379638671875
48,26.810861587524414
48,24.885093688964844
48,29.842708587646484
48,24.963815689086914
48,27.169431686401367
48,27.672670364379883
48,27.80533218383789
48,27.125349044799805
48,29.908794403076172
48,23.934837341308594
48,34.140953063964844
48,28.69229507446289
48,29.11567497253418
48,23.8665828704834
48,28.72115135192871
48,32.08061981201172
48,23.950504302978516
48,31.740041732788086
48,31.46824073791504
48,29.783645629882812
48,33.439815521240234
48,30.068946838378906
48,31.334129333496094
48,26.883108139038086
48,28.340030670166016
48,25.037757873535156
48,23.481443405151367
48,29.598318099975586
48,24.029613494873047
48,30.297212600708008
48,29.60236930847168
48,30.942352294921875
48,28.84566879272461
48,32.3747673034668
48,33.129051208496094
48,28.045183181762695
48,27.708036422729492
48,31.84882164001465
48,34.079959869384766
48,33.20748519897461
48,28.098386764526367
48,29.213476181030273
48,30.810510635375977
48,33.3419075012207
48,31.495790481567383
48,29.389352798461914
48,25.419404983520508
48,31.218347549438477
48,33.594303131103516
48,31.8467960357666
48,27.06456756591797
48,27.310400009155273
48,25.218162536621094
48,26.837549209594727
48,24.0993595123291
48,29.03841209411621
48,34.34307861328125
48,31.730331420898438
48,32.06528854370117
48,31.672704696655273
48,33.62628173828125
48,31.214536666870117
48,30.301429748535156
48,30.005109786987305
48,27.70846939086914
48,31.082870483398438
48,27.908397674560547
48,32.715301513671875
48,31.10763931274414
48,25.500370025634766
48,30.6407413482666
48,32.5128173828125
48,28.217180252075195
48,30.81839370727539
48,27.231523513793945
48,28.793701171875
48,33.221046447753906
48,25.40643882751465
48,28.42804527282715
48,30.31744956970215
48,29.97348976135254
48,28.717269897460938
48,33.5303840637207
48,24.985231399536133
48,31.30240821838379
48,25.878494262695312
48,33.209781646728516
48,30.7589168548584
48,25.34572982788086
48,23.2281436920166
48,34.86631774902344
48,34.16045379638672
48,27.07120132446289
48,34.59877395629883
48,33.30223846435547
48,25.70522689819336
48,32.58475112915039
48,29.58992576599121
48,31.129314422607422
48,31.67272186279297
48,34.619728088378906
48,33.59916305541992
48,30.831409454345703
48,28.22162628173828
48,27.171348571777344
48,25.387544631958008
48,30.415855407714844
48,33.32292556762695
48,28.617399215698242
48,28.499366760253906
48,34.14470291137695
48,30.155941009521484
48,28.982954025268555
48,31.014141082763672
48,25.149642944335938
48,33.19351577758789
48,31.40985107421875
48,32.29692840576172
48,31.579198837280273
48,25.112529754638672
48,32.458675384521484
48,30.22078514099121
48,27.0070858001709
48,25.216318130493164
48,23.814189910888672
48,32.913387298583984
48,29.297780990600586
48,29.625120162963867
48,28.888456344604492
48,32.515037536621094
48,31.702781677246094
48,25.17107391357422
48,33.62425231933594
48,28.70585823059082
48,33.90255355834961
48,26.745817184448242
48,25.3240966796875
48,25.37006378173828
48,27.39161491394043
48,30.927021026611328
48,28.782642364501953
48,31.732145309448242
48,28.29993438720703
48,33.794593811035156
48,25.736202239990234
48,25.23725128173828
48,33.837337493896484
48,28.4791259765625
48,26.5936279296875
48,34.008216857910156
48,32.37522506713867
48,30.14508819580078
48,32.26439666748047
48,26.70164680480957
48,29.054542541503906
48,24.266563415527344
48,30.70128059387207
48,27.0383358001709
48,33.11256790161133
48,24.514324188232422
48,25.188785552978516
48,26.189130783081055
48,23.880661010742188
48,34.83528137207031
48,34.16300964355469
48,33.145694732666016
48,27.45644187927246
48,32.257301330566406
48,26.969409942626953
48,28.28034782409668
48,32.429718017578125
48,26.583694458007812
48,28.444446563720703
48,28.253015518188477
48,27.80071258544922
48,25.517263412475586
48,24.75650978088379
48,31.901351928710938
48,26.956754684448242
48,32.374183654785156
48,24.425222396850586
48,28.270933151245117
48,27.020519256591797
48,27.593435287475586
48,34.602020263671875
48,26.273530960083008
48,27.15497398376465
48,31.792015075683594
48,28.530241012573242
48,30.79337501525879
48,31.053377151489258
48,26.924816131591797
48,27.142946243286133
48,32.696266174316406
48,33.65453338623047
48,31.367780685424805
48,28.471763610839844
48,28.839218139648438
48,26.94291114807129
48,26.78523063659668
48,33.939788818359375
48,31.055971145629883
48,31.967227935791016
48,32.39744567871094
48,31.377864837646484
48,24.9843692779541
48,29.665620803833008
48,25.68767738342285
48,33.04913330078125
48,26.973546981811523
48,26.696260452270508
48,27.965734481811523
48,25.871967315673828
48,28.050853729248047
48,27.65654945373535
48,30.223268508911133
48,26.053773880004883
48,33.46787643432617
48,33.20801544189453
48,25.132442474365234
48,31.564184188842773
48,33.73001480102539
48,27.875782012939453
48,31.75527572631836
48,28.947418212890625
48,30.98332977294922
48,33.505615234375
48,29.702905654907227
48,31.86099624633789
48,32.674278259277344
48,25.475406646728516
48,29.705442428588867
48,31.951637268066406
48,30.65678596496582
48,24.465410232543945
48,27.540966033935547
48,32.88044738769531
48,26.30502700805664
48,32.00726318359375
48,32.467098236083984
48,31.563215255737305
48,33.83122253417969
48,24.26566505432129
48,29.748567581176758
48,28.8544921875
48,29.37017822265625
48,35.32942199707031
48,28.00394630432129
48,33.2774658203125
48,26.672626495361328
48,24.092309951782227
48,27.29652214050293
48,31.193862915039062
48,31.566511154174805
48,35.3221435546875
48,24.4973201751709
48,34.221435546875
48,31.956798553466797
48,28.834861755371094
48,25.91621208190918
48,29.918981552124023
48,25.558664321899414
48,31.992788314819336
48,32.451263427734375
48,27.430442810058594
48,28.50748634338379
48,33.72279357910156
48,25.488893508911133
48,23.899925231933594
48,26.948322296142578
48,24.7224063873291
48,31.316524505615234
48,31.679487228393555
48,27.928878784179688
48,31.79551124572754
48,33.774688720703125
48,32.718631744384766
48,33.1715202331543
48,25.90959358215332
48,28.005773544311523
48,27.555234909057617
48,32.41534423828125
48,26.142629623413086
48,28.235727310180664
48,25.717411041259766
48,27.644657135009766
48,27.61434555053711
48,26.971403121948242
48,26.393190383911133
48,33.667659759521484
48,26.49396514892578
48,26.2756404876709
48,28.99442481994629
48,26.822446823120117
48,33.387943267822266
48,32.23007583618164
48,25.6137752532959
48,28.539310455322266
48,32.54281997680664
48,32.46983337402344
48,27.35759735107422
48,24.972440719604492
48,31.643766403198242
48,25.609540939331055
48,32.0546760559082
48,30.57132339477539
48,30.537687301635742
48,29.92127227783203
48,31.23795509338379
48,30.969074249267578
48,29.486555099487305
48,26.896339416503906
48,31.46443748474121
48,25.792797088623047
48,31.016769409179688
48,28.995073318481445
48,34.77732467651367
48,27.60934829711914
48,34.32469940185547
48,32.5463752746582
48,33.15336227416992
48,32.47599411010742
48,29.200634002685547
48,33.71698760986328
48,28.307233810424805
48,30.39389419555664
48,28.790884017944336
48,31.445642471313477
48,32.04701614379883
48,30.942514419555664
48,28.860515594482422
48,32.986778259277344
48,25.34001922607422
48,33.051090240478516
48,31.596195220947266
48,33.04401779174805
48,31.264352798461914
48,33.16255569458008
48,25.868621826171875
48,28.655071258544922
48,27.069969177246094
48,28.080501556396484
48,25.36417007446289
48,33.117435455322266
48,32.20256042480469
48,31.48694610595703
48,30.755949020385742
48,34.41206741333008
48,24.15073013305664
48,27.507593154907227
48,30.358049392700195
48,27.16075325012207
48,25.85971450805664
48,24.616600036621094
48,34.59443283081055
48,26.97661590576172
48,34.252357482910156
48,32.7800178527832
48,25.927343368530273
48,24.28295135498047
48,31.824684143066406
48,34.178653717041016
48,24.98973846435547
48,25.814428329467773
48,33.013797760009766
48,30.930601119995117
48,33.93876266479492
48,26.684682846069336
48,32.841033935546875
48,25.949604034423828
48,27.495315551757812
48,25.940011978149414
48,24.770254135131836
48,26.46405029296875
48,26.331222534179688
48,30.165149688720703
48,24.104511260986328
48,23.194290161132812
48,28.99424171447754
48,25.76744842529297
48,33.00962448120117
48,27.272951126098633
48,24.46457290649414
48,28.179899215698242
48,24.65960121154785
48,28.739152908325195
48,24.938026428222656
48,31.48259735107422
48,31.719833374023438
48,32.89516830444336
48,24.814796447753906
48,28.27924919128418
48,28.02587127685547
48,25.89670753479004
48,29.6962833404541
48,31.031187057495117
48,30.28633689880371
48,32.7373161315918
48,25.634071350097656
48,33.2614631652832
48,30.011699676513672
48,26.637479782104492
48,25.696855545043945
48,28.751827239990234
48,24.900165557861328
48,24.92350959777832
48,25.44723129272461
48,31.91275978088379
48,25.983430862426758
48,30.12652015686035
48,33.28535461425781
48,30.203262329101562
48,28.38124656677246
48,25.644634246826172
48,31.216732025146484
48,29.295499801635742
48,32.53321838378906
48,32.204368591308594
48,27.390836715698242
48,26.71617317199707
48,35.02621078491211
48,33.69468307495117
48,33.05031204223633
48,24.133960723876953
48,29.04219627380371
48,30.0545654296875
48,24.180377960205078
48,30.62844467163086
48,27.24286651611328
48,32.6378288269043
48,27.776748657226562
48,32.54366683959961
48,24.306682586669922
48,30.20851707458496
48,32.31819534301758
48,33.125213623046875
48,28.308691024780273
48,29.474925994873047
48,29.89767074584961
48,26.77312660217285
48,27.041078567504883
48,29.390920639038086
48,29.19332504272461
48,32.234859466552734
48,25.346786499023438
48,29.290708541870117
48,25.514780044555664
48,28.813007354736328
48,33.24053192138672
48,32.613067626953125
48,33.9525032043457
48,28.415353775024414
48,29.711637496948242
48,33.18000793457031
48,28.803085327148438
48,33.97288131713867
48,32.567283630371094
48,24.57557487487793
48,30.93505859375
48,26.933820724487305
48,34.628387451171875
48,30.396509170532227
48,28.295686721801758
48,30.25277328491211
48,31.133087158203125
48,33.56356430053711
48,32.581214904785156
48,28.99237823486328
48,33.842952728271484
48,28.19993019104004
48,29.033409118652344
48,28.081207275390625
48,26.941360473632812
48,28.71331787109375
48,33.50658416748047
48,26.628055572509766
48,24.933378219604492
48,28.42430305480957
48,33.01612854003906
48,32.59943389892578
48,29.347515106201172
48,33.748191833496094
48,29.709230422973633
48,31.44892692565918
48,30.11003303527832
48,29.836864471435547
48,27.76772689819336
48,28.376413345336914
48,27.906919479370117
48,27.320274353027344
48,33.140106201171875
48,26.25910186767578
48,23.56582260131836
48,32.40018081665039
48,27.552799224853516
48,31.228363037109375
48,30.987260818481445
48,26.74032974243164
48,34.06858444213867
48,32.31916427612305
48,31.975563049316406
48,24.829505920410156
48,26.532791137695312
48,27.666542053222656
48,26.674448013305664
48,32.07645034790039
48,27.032520294189453
48,33.650760650634766
48,33.19203186035156
48,28.991561889648438
48,33.907196044921875
48,35.54410171508789
48,29.511722564697266
48,33.96099090576172
48,36.647003173828125
48,30.204072952270508
48,31.588274002075195
48,25.542173385620117
48,33.955875396728516
48,30.356801986694336
48,26.888660430908203
48,25.40991973876953
48,24.037124633789062
48,27.927452087402344
48,29.945404052734375
48,29.07295036315918
48,24.603443145751953
48,33.039886474609375
48,33.109169006347656
48,29.34902000427246
48,26.827367782592773
48,30.093978881835938
48,30.705928802490234
48,35.23110580444336
48,31.53660011291504
48,29.623462677001953
48,23.995370864868164
48,27.62357521057129
48,27.85037612915039
48,32.74866485595703
48,32.82110595703125
48,33.562618255615234
48,26.05524444580078
48,33.441837310791016
48,33.398681640625
48,32.53998947143555
48,26.38604736328125
48,28.2992000579834
48,30.931262969970703
48,33.596500396728516
48,26.887659072875977
48,28.530715942382812
48,27.299196243286133
48,28.385650634765625
48,34.9068489074707
48,32.55988311767578
48,30.395532608032227
48,26.472808837890625
48,28.563827514648438
48,33.48727035522461
48,31.595754623413086
48,24.717008590698242
48,28.58827018737793
48,33.469886779785156
48,26.359397888183594
48,32.962276458740234
48,25.480527877807617
48,33.410640716552734
48,33.54103088378906
48,26.07653045654297
48,37.07605743408203
48,30.190717697143555
48,24.844562530517578
48,33.19294357299805
48,32.22317123413086
48,32.43913269042969
48,35.78827667236328
48,30.4302978515625
48,25.014507293701172
48,27.9566707611084
48,25.274253845214844
48,30.130685806274414
48,25.998741149902344
48,31.09853744506836
48,26.8114070892334
48,29.793365478515625
48,31.15660858154297
48,30.25267219543457
48,32.54176330566406
48,27.806453704833984
48,29.25823402404785
48,28.78188133239746
48,29.224973678588867
48,24.302871704101562
48,32.50260543823242
48,31.191701889038086
48,29.539817810058594
48,34.433956146240234
48,34.16652297973633
48,30.6278076171875
48,29.01976776123047
48,27.471181869506836
48,29.92438507080078
48,24.64358901977539
48,27.595491409301758
48,33.88209915161133
48,33.967071533203125
48,33.204139709472656
48,29.66511344909668
48,28.383737564086914
48,25.830440521240234
48,27.461620330810547
48,24.810203552246094
48,30.150806427001953
48,29.251873016357422
48,29.06401824951172
48,33.271881103515625
48,28.137413024902344
48,32.69812774658203
48,25.699079513549805
48,32.33584213256836
48,31.09737205505371
48,32.8694953918457
48,28.105884552001953
48,33.53122329711914
48,25.29035758972168
48,25.41336441040039
48,27.696245193481445
48,33.00901794433594
48,31.225584030151367
48,24.86151885986328
48,24.34392547607422
48,33.49124526977539
48,29.166778564453125
48,33.359954833984375
48,26.33933448791504
48,31.174560546875
48,31.410682678222656
48,31.01323890686035
48,32.050289154052734
48,29.760025024414062
48,26.7687931060791
48,28.606029510498047
48,28.457719802856445
48,32.354496002197266
48,32.48491287231445
48,35.18927001953125
48,28.994815826416016
48,25.206138610839844
48,31.996261596679688
48,28.010807037353516
48,27.303987503051758
48,31.437204360961914
48,26.293498992919922
48,29.07440185546875
48,26.593795776367188
48,31.91698455810547
48,32.53154373168945
48,27.346725463867188
48,29.644393920898438
48,32.37957000732422
48,32.007362365722656
48,34.0032958984375
48,26.02414321899414
48,29.907190322875977
48,33.60062789916992
48,27.64220428466797
48,28.358427047729492
48,31.311161041259766
48,31.121841430664062
48,33.49208068847656
48,31.902278900146484
48,26.412155151367188
48,27.007038116455078
48,28.319204330444336
48,31.378273010253906
48,29.10013198852539
48,31.009807586669922
48,34.82759475708008
48,27.1322021484375
48,33.162498474121094
48,30.860868453979492
48,24.85955810546875
48,34.204368591308594
48,30.00982093811035
48,27.427385330200195
48,28.050800323486328
48,24.530832290649414
48,31.6690616607666
48,24.421672821044922
48,25.44550132751465
48,23.597339630126953
48,29.44905662536621
48,25.617557525634766
48,29.07219696044922
48,31.18937110900879
48,25.249427795410156
48,26.928035736083984
48,32.70329284667969
48,25.025081634521484
48,29.473148345947266
48,32.586063385009766
48,25.56281089782715
48,32.92316436767578
48,27.06737518310547
48,30.45646095275879
48,32.24272537231445
48,32.94136428833008
48,29.964229583740234
48,25.04271697998047
48,24.713909149169922
48,33.637786865234375
48,34.2494010925293
48,31.67519760131836
48,23.978744506835938
48,27.29519271850586
48,26.930252075195312
48,25.305530548095703
48,30.809314727783203
48,27.590288162231445
48,24.603111267089844
48,33.36600875854492
48,30.301115036010742
48,33.035743713378906
48,27.953166961669922
48,33.779747009277344
48,27.52696418762207
48,30.323978424072266
48,31.148420333862305
48,27.249801635742188
48,28.08457374572754
48,33.32383346557617
48,27.602434158325195
48,23.98183822631836
48,24.743650436401367
48,27.878759384155273
48,32.186126708984375
48,34.6502571105957
48,27.12540054321289
48,33.723655700683594
48,30.379993438720703
48,32.045555114746094
48,31.08163833618164
48,31.65590476989746
48,30.009986877441406
48,27.201610565185547
48,31.149105072021484
48,31.2006778717041
48,30.946624755859375
48,25.152450561523438
48,31.4442138671875
48,31.105785369873047
48,26.216129302978516
48,32.59996032714844
48,28.353256225585938
48,35.0135612487793
48,27.227371215820312
48,30.81028938293457
48,29.12134552001953
48,29.444936752319336
48,26.967388153076172
48,26.296592712402344
48,26.57305335998535
48,32.82149887084961
48,34.97759246826172
48,29.983863830566406
48,29.768754959106445
48,32.51116180419922
48,27.637712478637695
48,30.126617431640625
48,28.26107406616211
48,28.530723571777344
48,24.938095092773438
48,31.064844131469727
48,29.362079620361328
48,34.503395080566406
48,32.191139221191406
48,33.41596984863281
48,30.824703216552734
48,30.68086051940918
48,26.570890426635742
48,26.425922393798828
48,24.26248550415039
48,27.44243621826172
48,27.323482513427734
48,26.183002471923828
48,26.091629028320312
48,31.867389678955078
48,31.938167572021484
48,31.6200008392334
48,27.774354934692383
48,31.8045597076416
48,28.321979522705078
48,31.56878662109375
48,30.5388126373291
48,26.68550682067871
48,34.45214080810547
48,32.952293395996094
48,28.973569869995117
48,34.36103057861328
48,30.693613052368164
48,28.941144943237305
48,28.00615692138672
48,26.26144027709961
48,31.700599670410156
48,25.581632614135742
48,29.671144485473633
48,27.357696533203125
48,30.619674682617188
48,32.211814880371094
48,24.91591453552246
48,24.268959045410156
48,26.84364891052246
48,26.29875946044922
48,27.367534637451172
48,27.8572998046875
48,34.00802993774414
48,34.24978256225586
48,32.004940032958984
48,23.99692153930664
48,26.892568588256836
48,32.51704788208008
48,28.13997459411621
48,32.062530517578125
48,34.27825927734375
48,24.937833786010742
48,26.199077606201172
48,30.672780990600586
48,25.113983154296875
48,32.459983825683594
48,25.81938362121582
48,35.10369873046875
48,30.231021881103516
48,28.28568458557129
48,30.335189819335938
48,27.60223960876465
48,32.151283264160156
48,28.185195922851562
48,31.21983528137207
48,32.82231521606445
48,28.224092483520508
48,33.06219482421875
48,26.12976837158203
48,28.107707977294922
48,24.384042739868164
48,33.94441604614258
48,31.849058151245117
48,27.271080017089844
48,33.168033599853516
48,29.885393142700195
48,26.030153274536133
48,23.47408103942871
48,31.647382736206055
48,26.735715866088867
48,26.905637741088867
48,28.698877334594727
48,25.207483291625977
48,30.63867950439453
48,29.05625343322754
48,25.6722412109375
48,28.459644317626953
48,31.28108024597168
48,25.232946395874023
48,29.524635314941406
48,27.698274612426758
48,30.52086639404297
48,25.120576858520508
48,30.53025245666504
48,23.792072296142578
48,32.05949020385742
48,25.828079223632812
48,30.251047134399414
48,24.307416915893555
48,31.178747177124023
48,27.644994735717773
48,31.78521728515625
48,29.038516998291016
48,27.445402145385742
48,25.231016159057617
48,25.51166343688965
48,33.571048736572266
48,29.353334426879883
48,29.6151180267334
48,29.308359146118164
48,29.73214340209961
48,29.588409423828125
48,24.41397476196289
48,27.30341148376465
48,31.879093170166016
48,29.391815185546875
48,26.014564514160156
48,27.06703758239746
48,27.126949310302734
48,32.024444580078125
48,25.314632415771484
48,26.342445373535156
48,27.26319122314453
48,32.2271728515625
48,31.21160888671875
48,28.566112518310547
48,33.42239761352539
48,32.79945373535156
48,26.578779220581055
48,26.3569278717041
48,27.22349739074707
48,28.1601619720459
48,28.00226593017578
48,33.174713134765625
48,26.611862182617188
48,30.341981887817383
48,33.317771911621094
48,29.763586044311523
48,30.482391357421875
48,26.217212677001953
48,32.02560806274414
48,28.815038681030273
48,25.593618392944336
48,24.211267471313477
48,25.267070770263672
48,23.524738311767578
48,26.16585922241211
48,23.819297790527344
48,31.21405029296875
48,29.208425521850586
48,32.85020065307617
48,25.474428176879883
48,28.0891056060791
48,24.657211303710938
48,28.48015594482422
48,25.612606048583984
48,27.174421310424805
48,34.02483367919922
48,23.17449188232422
48,31.59522819519043
48,24.512876510620117
48,27.101839065551758
48,32.130191802978516
48,30.945207595825195
48,27.210622787475586
48,25.476375579833984
48,24.193546295166016
48,31.572898864746094
48,29.20368194580078
48,31.665117263793945
48,26.87982749938965
48,24.835391998291016
48,33.659549713134766
48,31.361169815063477
48,27.088298797607422
48,27.21196174621582
48,30.84933853149414
48,31.001293182373047
48,28.90207862854004
48,27.12789535522461
48,33.73658752441406
48,29.115751266479492
48,29.27971076965332
48,30.64459800720215
48,29.056901931762695
48,34.45740509033203
48,31.245235443115234
48,32.213871002197266
48,29.08591651916504
48,30.376262664794922
48,28.76139259338379
48,31.170175552368164
48,24.302230834960938
48,26.163503646850586
48,31.27360725402832
48,27.94622230529785
48,30.5877628326416
48,30.850236892700195
48,34.22447204589844
48,34.13402557373047
48,26.084714889526367
48,27.665475845336914
48,25.61915397644043
48,31.70380973815918
48,24.686737060546875
48,25.76551628112793
48,23.869876861572266
48,26.211702346801758
48,26.564739227294922
48,25.107154846191406
48,32.54075241088867
48,34.28904724121094
48,26.021228790283203
48,31.402795791625977
48,28.341920852661133
48,31.3301944732666
48,24.137943267822266
48,30.457353591918945
48,28.532865524291992
48,25.170150756835938
48,32.75408935546875
48,26.797876358032227
48,33.72422790527344
48,33.48521041870117
48,31.790050506591797
48,29.53864288330078
48,31.31344223022461
48,30.502426147460938
48,24.7724609375
48,27.126489639282227
48,29.100936889648438
48,31.527875900268555
48,25.202455520629883
48,27.607166290283203
48,33.207275390625
48,27.48172378540039
48,35.20464324951172
48,28.7451171875
48,25.779098510742188
48,31.739538192749023
48,27.34474754333496
48,27.772153854370117
48,27.835500717163086
48,24.771907806396484
48,33.01351547241211
48,26.587196350097656
48,31.682451248168945
48,26.15707778930664
48,24.394725799560547
48,28.756258010864258
48,32.200103759765625
48,25.944395065307617
48,24.811511993408203
48,28.439348220825195
48,28.161970138549805
48,33.98595428466797
48,31.27242660522461
48,26.223875045776367
48,35.89790725708008
48,31.96746826171875
48,28.183595657348633
48,29.507112503051758
48,33.19252014160156
48,26.786636352539062
48,32.41508483886719
48,27.08136749267578
48,27.900753021240234
48,33.77702713012695
48,25.312732696533203
48,29.24888038635254
48,27.32718849182129
48,30.895612716674805
48,26.714357376098633
48,28.66619110107422
48,29.867334365844727
48,24.756067276000977
48,33.26166534423828
48,25.433177947998047
48,28.233928680419922
48,30.98155975341797
48,26.192228317260742
48,24.501235961914062
48,29.447092056274414
48,33.17196273803711
48,32.12958908081055
48,27.24653434753418
48,31.709714889526367
48,27.781822204589844
48,27.596786499023438
48,27.74004364013672
48,31.030414581298828
48,29.589126586914062
48,32.7060432434082
48,30.252546310424805
48,30.36136817932129
48,26.217973709106445
48,32.22626495361328
48,29.661190032958984
48,26.311670303344727
48,28.84666633605957
48,33.21412658691406
48,28.89630889892578
48,30.260400772094727
48,27.575037002563477
48,28.387664794921875
48,25.748788833618164
48,26.61113929748535
48,32.25651550292969
48,31.475488662719727
48,24.53590202331543
48,32.71739196777344
48,33.41759490966797
48,26.2123966217041
48,27.81952476501465
48,24.047222137451172
48,33.240196228027344
48,29.918994903564453
48,32.806095123291016
48,32.86421203613281
48,25.699806213378906
48,34.665008544921875
48,26.202983856201172
48,28.169910430908203
48,32.003196716308594
48,27.51883888244629
48,32.479713439941406
48,29.81348419189453
48,24.62895965576172
48,25.504735946655273
48,24.96373176574707
48,30.083803176879883
48,34.03378677368164
48,28.940277099609375
48,28.194347381591797
48,29.413055419921875
48,27.81928062438965
48,30.025217056274414
48,30.73406982421875
48,30.477819442749023
48,25.159475326538086
48,28.281652450561523
48,31.856590270996094
48,29.30829620361328
48,27.08740997314453
48,30.24289894104004
48,26.614973068237305
48,31.31147575378418
48,31.965627670288086
48,25.62425422668457
48,24.36770248413086
48,26.670520782470703
48,24.826173782348633
48,30.057966232299805
48,26.24713706970215
48,31.515562057495117
48,24.622892379760742
48,25.852964401245117
48,25.805749893188477
48,34.608577728271484
48,27.633987426757812
48,30.41575050354004
48,27.479093551635742
48,29.257081985473633
48,31.11490821838379
48,27.1059513092041
48,30.42713737487793
48,33.977203369140625
48,28.902740478515625
48,33.62484359741211
48,32.69287872314453
48,33.072792053222656
48,31.133886337280273
48,22.746469497680664
48,25.718849182128906
48,32.522525787353516
48,28.49309539794922
48,33.064537048339844
48,27.817401885986328
48,28.39331817626953
48,27.041759490966797
48,30.263465881347656
48,27.654239654541016
48,24.74178123474121
48,31.879714965820312
48,29.365497589111328
48,31.032621383666992
48,31.504884719848633
48,27.238176345825195
48,32.264488220214844
48,27.7020206451416
48,32.839542388916016
48,32.61420822143555
48,31.61244773864746
48,31.954261779785156
48,33.602237701416016
48,28.711132049560547
48,30.399629592895508
48,27.483068466186523
48,31.177576065063477
48,30.12516975402832
48,26.29799461364746
48,26.730579376220703
48,29.614755630493164
48,30.415197372436523
48,32.4239501953125
48,34.10869216918945
48,24.51754379272461
48,30.825912475585938
48,31.143930435180664
48,32.49078369140625
48,31.198266983032227
48,27.068864822387695
48,24.645692825317383
48,29.00914764404297
48,24.405975341796875
48,28.018354415893555
48,32.407257080078125
48,29.353731155395508
48,34.59883117675781
48,27.777061462402344
48,31.02448844909668
48,33.560638427734375
48,27.51276969909668
48,26.43511199951172
48,23.98627471923828
48,29.026268005371094
48,27.309982299804688
48,32.39397048950195
48,24.101097106933594
48,32.39470672607422
48,27.506298065185547
48,32.38158416748047
48,29.059059143066406
48,28.071819305419922
48,28.172718048095703
48,28.849821090698242
48,27.211984634399414
48,31.925731658935547
48,29.585535049438477
48,27.167264938354492
48,27.190715789794922
48,32.241451263427734
48,29.57814598083496
48,31.807621002197266
48,28.778335571289062
48,30.092037200927734
48,32.04115295410156
48,24.508329391479492
48,31.76712989807129
48,31.57933807373047
48,27.221614837646484
48,27.871829986572266
48,29.552703857421875
48,30.207670211791992
48,32.54736328125
48,28.68756866455078
48,24.774328231811523
48,23.807701110839844
48,28.64283561706543
48,25.575687408447266
48,24.803354263305664
48,31.543970108032227
48,26.974580764770508
48,24.950334548950195
48,25.543132781982422
48,30.287128448486328
48,27.6413516998291
48,28.81177520751953
48,26.64234733581543
48,24.539691925048828
48,32.13082504272461
48,31.869640350341797
48,26.94854736328125
48,24.38426971435547
48,32.5869140625
48,33.897315979003906
48,25.49942398071289
48,26.559795379638672
48,31.3709774017334
48,31.300453186035156
48,24.289974212646484
48,24.76567268371582
48,27.041595458984375
48,34.32560348510742
48,33.11259078979492
48,23.83190155029297
48,25.078733444213867
48,32.67634963989258
48,32.55168914794922
48,32.67134094238281
48,27.427448272705078
48,28.533981323242188
48,27.02762222290039
48,27.232643127441406
48,25.891752243041992
48,33.06403350830078
48,26.92396354675293
48,26.69524383544922
48,24.52989959716797
48,26.678638458251953
48,33.88969421386719
48,26.435924530029297
48,26.96142578125
48,31.86770248413086
48,29.098176956176758
48,24.679162979125977
48,31.281614303588867
48,32.386783599853516
48,29.839675903320312
48,32.757469177246094
48,33.658836364746094
48,29.91334342956543
48,29.112634658813477
48,27.457199096679688
48,26.938621520996094
48,25.81985855102539
48,29.12450408935547
48,28.184675216674805
48,31.284076690673828
48,24.77040672302246
48,28.8564395904541
48,31.762781143188477
48,29.714662551879883
48,27.078269958496094
48,26.41724395751953
48,32.36960983276367
48,26.014272689819336
48,26.08968162536621
48,28.443599700927734
48,25.843774795532227
48,33.83378601074219
48,29.391979217529297
48,24.902236938476562
48,24.475616455078125
48,29.4162654876709
48,26.995704650878906
48,24.397720336914062
48,35.33217239379883
48,25.21862030029297
48,32.208099365234375
48,32.173248291015625
48,29.044889450073242
48,33.687740325927734
48,25.90277862548828
48,31.190980911254883
48,28.001127243041992
48,28.48585319519043
48,25.219223022460938
48,33.91626739501953
48,33.870941162109375
48,28.436607360839844
48,34.32452392578125
48,27.19571876525879
48,33.648014068603516
48,27.00054931640625
48,30.566999435424805
48,28.647178649902344
48,28.135129928588867
48,26.78643226623535
48,30.085128784179688
48,28.07135581970215
48,29.893442153930664
48,27.3687686920166
48,32.573692321777344
48,26.69145965576172
48,28.7366943359375
48,26.529516220092773
48,26.81869888305664
48,29.847692489624023
48,34.97043228149414
48,29.31528091430664
48,32.5505485534668
48,25.744413375854492
48,33.01737976074219
48,34.082454681396484
48,28.770597457885742
48,24.894512176513672
48,30.94152069091797
48,29.368545532226562
48,24.48202133178711
48,33.23765563964844
48,25.665069580078125
48,29.24774742126465
48,24.684999465942383
48,28.884109497070312
48,25.49761962890625
48,24.89633560180664
48,31.59255027770996
48,28.58285903930664
48,34.06113052368164
48,31.22900390625
48,28.080293655395508
48,25.630367279052734
48,26.795751571655273
48,28.277185440063477
48,29.27949333190918
48,33.01059341430664
48,27.664119720458984
48,31.8410587310791
48,30.84037971496582
48,27.325231552124023
48,32.998809814453125
48,25.029020309448242
48,33.56260681152344
48,31.343917846679688
48,33.165557861328125
48,27.67105484008789
48,27.409116744995117
48,31.268028259277344
48,34.415531158447266
48,28.268606185913086
48,33.3123893737793
48,27.589759826660156
48,34.49650955200195
48,26.26447296142578
48,29.15114402770996
48,28.317916870117188
48,31.709060668945312
48,30.07732582092285
48,25.836116790771484
48,27.61671257019043
48,33.21303939819336
48,32.00330352783203
48,27.753177642822266
48,30.15235137939453
48,27.628780364990234
48,27.287511825561523
48,26.436866760253906
48,27.754684448242188
48,24.616193771362305
48,26.55470848083496
48,29.727556228637695
48,31.122501373291016
48,32.57038116455078
48,27.14582633972168
48,29.687257766723633
48,26.108051300048828
48,29.574052810668945
48,33.517494201660156
48,31.27716827392578
48,31.9854736328125
48,28.45220375061035
48,31.681062698364258
48,27.906648635864258
48,29.28451919555664
48,32.62397384643555
48,27.655698776245117
48,32.574710845947266
48,24.93297576904297
48,32.293148040771484
48,25.822919845581055
48,25.886859893798828
48,29.14760971069336
48,31.710535049438477
48,25.16726303100586
48,24.872875213623047
48,33.1346321105957
48,28.03542709350586
48,27.041654586791992
48,24.181367874145508
48,28.384605407714844
48,32.613094329833984
48,33.5224723815918
48,28.611560821533203
48,33.038238525390625
48,27.143945693969727
48,26.576574325561523
48,33.65019989013672
48,33.131996154785156
48,30.17795181274414
48,30.96255874633789
48,32.98410415649414
48,31.177209854125977
48,31.816341400146484
48,25.145286560058594
48,30.48221778869629
48,31.546480178833008
48,32.101810455322266
48,28.685026168823242
48,29.597326278686523
48,24.71089744567871
48,26.796146392822266
48,35.44072723388672
48,31.852697372436523
48,26.439699172973633
48,31.266733169555664
48,30.178102493286133
48,29.17353057861328
48,27.701068878173828
48,24.51342010498047
48,29.102556228637695
48,31.12647819519043
48,33.35790252685547
48,26.104745864868164
48,29.55264663696289
48,30.791065216064453
48,32.63799285888672
48,26.77313232421875
48,27.111038208007812
48,34.87873840332031
48,24.027158737182617
48,24.501922607421875
48,27.041366577148438
48,26.9167423248291
48,29.723648071289062
48,30.452653884887695
48,28.808759689331055
48,28.818950653076172
48,26.010568618774414
48,29.2995662689209
48,30.593780517578125
48,32.17729568481445
48,30.53761100769043
48,28.621055603027344
48,31.134708404541016
48,29.273929595947266
48,31.271038055419922
48,33.95093536376953
48,35.512596130371094
48,29.57056427001953
48,28.030550003051758
48,32.05158615112305
48,27.502704620361328
48,25.630149841308594
48,24.958162307739258
48,26.782569885253906
48,32.38461685180664
48,25.681291580200195
48,31.815082550048828
48,29.575361251831055
48,29.08509063720703
48,29.754772186279297
48,29.601383209228516
48,27.582788467407227
48,32.3377685546875
48,31.346118927001953
48,28.212570190429688
48,30.167951583862305
48,33.214202880859375
48,30.77437973022461
48,25.850053787231445
48,26.365983963012695
48,33.428253173828125
48,32.20707702636719
48,23.505613327026367
48,27.134521484375
48,33.20876693725586
48,27.96031379699707
48,31.979446411132812
48,25.401683807373047
48,24.787372589111328
48,27.224390029907227
48,25.869678497314453
48,33.142967224121094
48,29.080242156982422
48,31.49097442626953
48,28.047510147094727
48,33.350685119628906
48,26.83687400817871
48,28.14710235595703
48,27.948719024658203
48,32.76423645019531
48,33.10060119628906
48,23.66128921508789
48,24.57010841369629
48,28.462703704833984
48,24.584659576416016
48,31.223621368408203
48,28.917469024658203
48,24.58932876586914
48,27.832950592041016
48,28.54501724243164
48,28.159000396728516
48,31.03873062133789
48,26.377748489379883
48,32.49419021606445
48,24.827226638793945
48,33.559566497802734
48,29.92489242553711
48,29.517837524414062
48,34.007080078125
48,30.84640121459961
48,24.774791717529297
48,28.654754638671875
48,29.01523208618164
48,33.16596603393555
48,26.957706451416016
48,32.59711837768555
48,28.6724853515625
48,28.834125518798828
48,27.737260818481445
48,24.09914779663086
48,29.098487854003906
48,26.210941314697266
48,33.4320068359375
48,29.954174041748047
48,35.197364807128906
48,32.254127502441406
48,28.060550689697266
48,29.158485412597656
48,23.84409523010254
48,31.275188446044922
48,32.93720245361328
48,30.571752548217773
48,26.589933395385742
48,28.69414710998535
48,28.965702056884766
48,27.00020980834961
48,32.440887451171875
48,33.62217330932617
48,28.19219398498535
48,29.06595230102539
48,33.28739929199219
48,29.234922409057617
48,25.201038360595703
48,25.02388572692871
48,33.039859771728516
48,25.571800231933594
48,28.401355743408203
48,28.701858520507812
48,29.299522399902344
48,31.782617568969727
48,33.51286315917969
48,26.036514282226562
48,34.41604995727539
48,29.440135955810547
48,28.832744598388672
48,32.927040100097656
48,33.68416213989258
48,31.706462860107422
48,32.276058197021484
48,28.22934913635254
48,24.195865631103516
48,26.377702713012695
48,30.76017951965332
48,25.008007049560547
48,31.40834617614746
48,28.549718856811523
48,26.297719955444336
48,29.295555114746094
48,27.71710968017578
48,25.791141510009766
48,25.520898818969727
48,34.54477310180664
48,28.552608489990234
48,35.49702072143555
48,30.255460739135742
48,26.412521362304688
48,27.24540901184082
48,31.779815673828125
48,24.417713165283203
48,27.4306697845459
48,34.55141067504883
48,25.42930030822754
48,33.592308044433594
48,29.5140380859375
48,33.76268005371094
48,34.51757049560547
48,30.46468162536621
48,27.73489761352539
48,30.45372772216797
48,26.409408569335938
48,28.308740615844727
48,27.959352493286133
48,27.12796974182129
48,27.678972244262695
48,26.637531280517578
48,28.81482696533203
48,29.51912498474121
48,28.294004440307617
48,28.345239639282227
48,26.2182559967041
48,26.65576171875
48,25.362106323242188
48,32.694976806640625
48,27.623252868652344
48,25.914329528808594
48,24.711875915527344
48,31.384342193603516
48,29.89982795715332
48,26.19105339050293
48,25.65545082092285
48,32.21503448486328
48,30.111989974975586
48,24.979808807373047
48,30.983102798461914
48,33.046810150146484
48,29.342857360839844
48,24.577648162841797
48,27.779359817504883
48,31.641847610473633
48,31.51594352722168
48,27.944198608398438
48,35.41920852661133
48,33.61296844482422
48,31.965896606445312
48,28.420764923095703
48,30.11018180847168
48,33.24281311035156
48,33.300296783447266
48,33.75646209716797
48,34.918922424316406
48,25.202421188354492
48,28.927326202392578
48,29.38848304748535
48,31.38663673400879
48,23.918272018432617
48,24.538833618164062
48,33.484107971191406
48,32.708255767822266
48,28.969690322875977
48,26.23267936706543
48,32.35914993286133
48,33.484840393066406
48,28.49116325378418
48,26.01568603515625
48,28.716405868530273
48,29.883752822875977
48,33.28727722167969
48,27.02256965637207
48,27.904964447021484
48,33.07484436035156
48,29.40056800842285
48,25.75833511352539
48,27.207576751708984
48,26.329959869384766
48,28.866127014160156
48,24.941238403320312
48,32.83366775512695
48,25.070842742919922
48,31.52379035949707
48,25.043264389038086
48,33.751163482666016
48,35.201560974121094
48,28.0490779876709
48,31.96193504333496
48,34.25959777832031
48,26.839706420898438
48,31.15338706970215
48,25.425151824951172
48,26.68471908569336
48,23.69263458251953
48,27.752750396728516
48,33.022499084472656
48,31.671857833862305
48,28.94263458251953
48,34.16425323486328
48,30.7744140625
48,32.19275665283203
48,30.94048500061035
48,24.724605560302734
48,29.979307174682617
48,32.739810943603516
48,26.975433349609375
48,30.127681732177734
48,26.279998779296875
48,24.574039459228516
48,29.716915130615234
48,31.95681381225586
48,27.494577407836914
48,32.560386657714844
48,31.86598777770996
48,26.05506134033203
48,26.467220306396484
48,27.728063583374023
48,24.84882926940918
48,30.544097900390625
48,24.742652893066406
48,32.54036331176758
48,32.566097259521484
48,32.61442565917969
48,32.05598449707031
48,32.35211181640625
48,32.87934494018555
48,24.756269454956055
48,27.650833129882812
48,26.0720272064209
48,29.641342163085938
48,27.99669647216797
48,31.61186408996582
48,35.31358337402344
48,32.001991271972656
48,31.09663963317871
48,24.59096336364746
48,30.59504508972168
48,23.198904037475586
48,24.994197845458984
48,33.601539611816406
48,32.69720458984375
48,31.470436096191406
48,26.86217498779297
48,31.89345932006836
48,32.12701416015625
48,28.31043815612793
48,32.91206741333008
48,24.535680770874023
48,24.672636032104492
48,28.55825424194336
48,24.701744079589844
48,31.80925178527832
48,33.09975814819336
48,28.702966690063477
48,25.84791374206543
48,27.435924530029297
48,26.50201416015625
48,27.51259994506836
48,23.856735229492188
48,24.28347396850586
48,25.98720359802246
48,32.467369079589844
48,28.114246368408203
48,27.293684005737305
48,29.16583824157715
48,24.469696044921875
48,29.56765365600586
48,32.588417053222656
48,33.573551177978516
48,31.92112159729004
48,29.67829704284668
48,24.560768127441406
48,27.630550384521484
48,31.913650512695312
48,26.937509536743164
48,28.897951126098633
48,30.909175872802734
48,28.59465789794922
48,33.536766052246094
48,31.92527961730957
48,32.39611053466797
48,31.993066787719727
48,29.306612014770508
48,32.266143798828125
48,27.54751205444336
48,23.602720260620117
48,24.827999114990234
48,26.712543487548828
48,32.70822525024414
48,25.251867294311523
48,24.874523162841797
48,31.15704345703125
48,29.385501861572266
48,29.47333526611328
48,31.676593780517578
48,28.935813903808594
48,33.76823425292969
48,33.127166748046875
48,28.092836380004883
48,31.94500732421875
48,26.206905364990234
48,30.19179916381836
48,26.057544708251953
48,32.80304718017578
48,28.071378707885742
48,34.15447235107422
48,32.38725280761719
48,25.431489944458008
48,28.206729888916016
48,30.166757583618164
48,34.901058197021484
48,34.33649444580078
48,24.02971649169922
48,33.092491149902344
48,32.467933654785156
48,26.844972610473633
48,25.827848434448242
48,26.885799407958984
48,28.267276763916016
48,29.045778274536133
48,27.209352493286133
48,28.83073616027832
48,27.44737434387207
48,28.566307067871094
48,29.52346420288086
48,31.594669342041016
48,34.115055084228516
48,32.38929748535156
48,26.221866607666016
48,32.17156982421875
48,27.895246505737305
48,34.3116455078125
48,27.203540802001953
48,25.843345642089844
48,32.4571533203125
48,28.063064575195312
48,33.711097717285156
48,25.48825454711914
48,32.77743911743164
48,24.288013458251953
48,28.46477699279785
48,30.423595428466797
48,24.444095611572266
48,28.16261100769043
48,33.08292770385742
48,31.292600631713867
48,31.077438354492188
48,32.55810546875
48,28.672483444213867
48,32.824337005615234
48,31.44712257385254
48,28.4033203125
48,32.18296432495117
48,29.344242095947266
48,30.537532806396484
48,28.503063201904297
48,31.260190963745117
48,30.020328521728516
48,30.806732177734375
48,30.081159591674805
48,29.660736083984375
48,26.635026931762695
48,29.839202880859375
48,25.98358917236328
48,28.14508819580078
48,31.305938720703125
48,25.2683162689209
48,29.24907112121582
48,27.784727096557617
48,26.100696563720703
48,25.53451919555664
48,30.028499603271484
48,26.06287956237793
48,24.87049674987793
48,28.862083435058594
48,29.933094024658203
48,25.267316818237305
48,29.493005752563477
48,30.613872528076172
48,26.222423553466797
48,29.132108688354492
48,32.19338607788086
48,29.64882469177246
48,24.374561309814453
48,24.00217628479004
48,34.633670806884766
48,31.680091857910156
48,25.411466598510742
48,32.147544860839844
48,24.997495651245117
48,29.924863815307617
48,33.33347702026367
48,33.07310485839844
48,32.392723083496094
48,29.21138572692871
48,31.485902786254883
48,27.998395919799805
48,33.18754577636719
48,29.051820755004883
48,30.029521942138672
48,26.27912139892578
48,29.274221420288086
48,29.520082473754883
48,34.081485748291016
48,29.540996551513672
48,25.24001121520996
48,32.29730987548828
48,30.110387802124023
48,23.930686950683594
48,30.007524490356445
48,28.816143035888672
48,28.21876335144043
48,28.550844192504883
48,32.303585052490234
48,33.8258056640625
48,34.79702377319336
48,28.64164924621582
48,31.18992805480957
48,30.465862274169922
48,25.092098236083984
48,35.3068733215332
48,35.073822021484375
48,28.848045349121094
48,27.222576141357422
48,28.520599365234375
48,29.092321395874023
48,34.673011779785156
48,33.765533447265625
48,24.340152740478516
48,29.958932876586914
48,24.691865921020508
48,31.593454360961914
48,26.311439514160156
48,23.609163284301758
48,32.5909538269043
48,31.073583602905273
48,24.843341827392578
48,33.50252914428711
48,32.12599563598633
48,27.276039123535156
48,25.74108123779297
48,30.62832260131836
48,26.961462020874023
48,24.50933265686035
48,33.70159912109375
48,32.828819274902344
48,27.368408203125
48,25.202543258666992
48,28.5888729095459
48,26.049652099609375
48,32.81792068481445
48,29.793622970581055
48,30.50533676147461
48,27.574811935424805
48,27.92730712890625
48,25.326852798461914
48,33.43916320800781
48,25.471616744995117
48,27.428728103637695
48,32.68723678588867
48,25.481889724731445
48,29.370311737060547
48,30.685298919677734
48,33.06977081298828
48,29.579158782958984
48,28.51041030883789
48,27.89919090270996
48,28.98143196105957
48,31.6263370513916
48,32.35285568237305
48,29.299026489257812
48,30.227203369140625
48,27.283397674560547
48,32.97341537475586
48,23.739267349243164
48,28.234230041503906
48,34.404388427734375
48,27.56764793395996
48,27.159761428833008
48,29.695343017578125
48,33.205718994140625
48,29.335927963256836
48,33.380428314208984
48,31.850555419921875
48,33.645633697509766
48,33.42088317871094
48,28.06582260131836
48,26.999805450439453
48,27.00537109375
48,28.378385543823242
48,29.06475830078125
48,27.288301467895508
48,26.906896591186523
48,31.477197647094727
48,33.26191711425781
48,32.47389602661133
48,25.332664489746094
48,24.949108123779297
48,32.33351516723633
48,25.560443878173828
48,32.069480895996094
48,31.334779739379883
48,27.500164031982422
48,31.052284240722656
48,27.133255004882812
48,30.70546531677246
48,23.890249252319336
48,27.931846618652344
48,24.757776260375977
48,26.86054801940918
48,31.20462989807129
48,24.695819854736328
48,23.901145935058594
48,29.334409713745117
48,29.561622619628906
48,25.624534606933594
48,25.381669998168945
48,31.054931640625
48,26.785812377929688
48,31.960960388183594
48,28.800060272216797
48,30.592182159423828
48,31.479496002197266
48,31.485687255859375
48,24.546939849853516
48,32.24889373779297
48,28.898406982421875
48,25.472291946411133
48,30.839187622070312
48,30.435096740722656
48,30.412181854248047
48,25.407264709472656
48,30.594741821289062
48,26.10870933532715
48,31.744131088256836
48,31.878192901611328
48,26.973960876464844
48,32.545223236083984
48,30.653961181640625
48,25.138477325439453
48,30.619096755981445
48,29.2335262298584
48,33.18037414550781
48,31.080333709716797
48,32.104400634765625
48,30.430233001708984
48,31.131807327270508
48,27.21533203125
48,24.715152740478516
48,27.417863845825195
48,25.36959457397461
48,26.788175582885742
48,31.41431427001953
48,26.122055053710938
48,27.117473602294922
48,26.274028778076172
48,26.223304748535156
48,24.97624969482422
48,32.09953308105469
48,27.581201553344727
48,31.45687484741211
48,24.332019805908203
48,27.843917846679688
48,25.19091033935547
48,31.930843353271484
48,33.60984802246094
48,28.895002365112305
48,29.42677116394043
48,23.862133026123047
48,29.622411727905273
48,28.497230529785156
48,24.651790618896484
48,32.27125930786133
48,28.759645462036133
48,27.211198806762695
48,34.41911697387695
48,33.124603271484375
48,33.56240463256836
48,25.64150619506836
48,31.45157814025879
48,27.56981086730957
48,30.823169708251953
48,29.66545867919922
48,29.96005630493164
48,28.067232131958008
48,26.037633895874023
48,32.43223571777344
48,32.1190299987793
48,27.088115692138672
48,28.946887969970703
48,32.86834716796875
48,32.3684196472168
48,33.69491195678711
48,31.611042022705078
48,31.459001541137695
48,31.065322875976562
48,31.152055740356445
48,32.867244720458984
48,30.474519729614258
48,27.294694900512695
48,29.49106788635254
48,23.886978149414062
48,25.86353302001953
48,28.982847213745117
48,32.61408233642578
48,35.359622955322266
48,27.738798141479492
48,25.2055606842041
48,24.72067642211914
48,26.43606948852539
48,24.924535751342773
48,31.235332489013672
48,27.43370819091797
48,35.20056915283203
48,27.94666290283203
48,27.311418533325195
48,31.95840835571289
48,31.06843376159668
48,26.055957794189453
48,28.063579559326172
48,25.630414962768555
48,31.797380447387695
48,26.643028259277344
48,28.651195526123047
48,28.597246170043945
48,25.334543228149414
48,30.739702224731445
48,32.27239227294922
48,24.94031524658203
48,26.7982234954834
48,32.12571716308594
48,33.18514633178711
48,35.090911865234375
48,27.195383071899414
48,27.280109405517578
48,27.986757278442383
48,29.750261306762695
48,31.723609924316406
48,28.627761840820312
48,28.834758758544922
48,26.454166412353516
48,26.9849910736084
48,34.35383605957031
48,33.320823669433594
48,32.954105377197266
48,33.68345260620117
48,26.92863655090332
48,33.83015441894531
48,25.174747467041016
48,24.790725708007812
48,28.268388748168945
48,28.432893753051758
48,27.915891647338867
48,30.469444274902344
48,32.49930191040039
48,32.82181167602539
48,30.479787826538086
48,27.110633850097656
48,24.541030883789062
48,24.341707229614258
48,25.195829391479492
48,31.71292495727539
48,31.43528938293457
48,33.34829330444336
48,29.724416732788086
48,35.896812438964844
48,30.929887771606445
48,25.91280174255371
48,24.180509567260742
48,30.211252212524414
48,28.317995071411133
48,23.8032169342041
48,33.732452392578125
48,24.3700008392334
48,34.05178451538086
48,33.950599670410156
48,24.95889663696289
48,31.987361907958984
48,26.570425033569336
48,28.43406867980957
48,30.989574432373047
48,25.24294090270996
48,26.060853958129883
48,27.6688289642334
48,24.159040451049805
48,27.81898307800293
48,35.377532958984375
48,32.3979377746582
48,26.925813674926758
48,28.779550552368164
48,28.67627716064453
48,24.690284729003906
48,25.384185791015625
48,31.826980590820312
48,26.823909759521484
48,32.202606201171875
48,27.178178787231445
48,30.3992919921875
48,26.02374267578125
48,26.308988571166992
48,31.420713424682617
48,27.36951446533203
48,30.41632652282715
48,32.61394119262695
48,27.550939559936523
48,27.10403060913086
48,26.304349899291992
48,27.34198570251465
48,33.69852828979492
48,32.99031066894531
48,32.35795211791992
48,27.02743911743164
48,30.822494506835938
48,30.598909378051758
48,28.197704315185547
48,33.25390625
48,27.456676483154297
48,31.36819839477539
48,31.823843002319336
48,25.121685028076172
48,31.066442489624023
48,28.79570198059082
48,29.651046752929688
48,25.228492736816406
48,25.930065155029297
48,35.569759368896484
48,28.827680587768555
48,27.72173309326172
48,30.18899154663086
48,32.821868896484375
48,33.52519226074219
48,31.753150939941406
48,26.793521881103516
48,32.326026916503906
48,29.70901870727539
48,27.31468391418457
48,25.32977294921875
48,27.68657112121582
48,25.336223602294922
48,33.659149169921875
48,32.23868179321289
48,27.723739624023438
48,30.424440383911133
48,33.83491897583008
48,26.629608154296875
48,33.9738655090332
48,33.536441802978516
48,32.58840560913086
48,33.139217376708984
48,33.292110443115234
48,33.435035705566406
48,27.360300064086914
48,31.85293197631836
48,28.791515350341797
48,25.154531478881836
48,33.919700622558594
48,30.849517822265625
48,29.89584732055664
48,30.252958297729492
48,29.47429656982422
48,26.813657760620117
48,31.635364532470703
48,33.511146545410156
48,30.79324722290039
48,26.708120346069336
48,27.33493423461914
48,32.92722702026367
48,24.742368698120117
48,27.096006393432617
48,33.16358184814453
48,31.08921241760254
48,31.970001220703125
48,28.997425079345703
48,24.804044723510742
48,24.316831588745117
48,30.8525447845459
48,28.6348819732666
48,28.607763290405273
48,29.65301513671875
48,25.91884994506836
48,27.84674072265625
48,25.432090759277344
48,28.383535385131836
48,28.112224578857422
48,36.0401725769043
48,27.3670654296875
48,33.77954864501953
48,30.93621826171875
48,24.08121109008789
48,28.62172508239746
48,32.003849029541016
48,31.959157943725586
48,28.89757537841797
48,33.633087158203125
48,27.505144119262695
48,30.53792953491211
48,27.728567123413086
48,25.002925872802734
48,32.04149627685547
48,24.508045196533203
48,31.176462173461914
48,30.28577423095703
48,34.038299560546875
48,25.438426971435547
48,29.33266258239746
48,32.36000442504883
48,32.30083465576172
48,29.434234619140625
48,31.581302642822266
48,30.95989990234375
48,26.775972366333008
48,31.956401824951172
48,32.508018493652344
48,32.84082794189453
48,32.87858200073242
48,26.47710418701172
48,33.08028793334961
48,30.400123596191406
48,26.51004981994629
48,25.87582778930664
48,34.18027114868164
48,25.779375076293945
48,32.509098052978516
48,27.58643341064453
48,26.28268814086914
48,32.42506408691406
48,32.74763870239258
48,24.841812133789062
48,27.176525115966797
48,23.58673858642578
48,32.36152267456055
48,29.49408531188965
48,30.696258544921875
48,30.23026466369629
48,32.070472717285156
48,33.04175567626953
48,25.562511444091797
48,32.77885055541992
48,24.325206756591797
48,32.130916595458984
48,31.67504119873047
48,24.86559295654297
48,31.387136459350586
48,33.383548736572266
48,32.914024353027344
48,26.46436882019043
48,24.90167808532715
48,29.488834381103516
48,28.461082458496094
48,27.269550323486328
48,28.777965545654297
48,28.95929718017578
48,28.383346557617188
48,26.467782974243164
48,29.977373123168945
48,24.24300193786621
48,28.104907989501953
48,27.79033851623535
48,30.948108673095703
48,24.392831802368164
48,27.93059730529785
48,32.46644592285156
48,33.340354919433594
48,24.954557418823242
48,27.63188934326172
48,33.74367904663086
48,23.510536193847656
48,25.385379791259766
48,24.673877716064453
48,28.61383056640625
48,24.673870086669922
48,34.501136779785156
48,25.919532775878906
48,27.7882080078125
48,30.56346321105957
48,29.098085403442383
48,28.340927124023438
48,35.906944274902344
48,27.04253578186035
48,31.6163387298584
48,33.12834167480469
48,33.58025360107422
48,32.55713653564453
48,35.10319900512695
48,30.316509246826172
48,35.263145446777344
48,31.813480377197266
48,34.25345230102539
48,32.904327392578125
48,28.297990798950195
48,30.055082321166992
48,30.90054702758789
48,27.305919647216797
48,26.323179244995117
48,28.896644592285156
48,27.020524978637695
48,34.16810607910156
48,34.05063247680664
48,29.106321334838867
48,27.221153259277344
48,27.4842529296875
48,33.745765686035156
48,28.989200592041016
48,27.790809631347656
48,30.94070053100586
48,32.776214599609375
48,33.07212448120117
48,31.36045265197754
48,31.1337947845459
48,31.923107147216797
48,27.79442596435547
48,33.93154525756836
48,30.969017028808594
48,25.749326705932617
48,24.972118377685547
48,34.27177429199219
48,31.783592224121094
48,32.14059066772461
48,28.33832359313965
48,31.430543899536133
48,26.999095916748047
48,26.527099609375
48,35.861045837402344
48,27.679346084594727
48,32.86308670043945
48,34.63779830932617
48,31.812217712402344
48,27.996868133544922
48,28.03889274597168
48,31.0349178314209
48,24.424365997314453
48,25.41726303100586
48,29.564640045166016
48,27.448347091674805
48,26.13330078125
48,27.58061981201172
48,28.164339065551758
48,32.54315185546875
48,26.972259521484375
48,27.89812469482422
48,32.44818115234375
48,27.35413932800293
48,24.714080810546875
48,24.81490707397461
48,27.342830657958984
48,31.262489318847656
48,24.578832626342773
48,26.729280471801758
48,29.728788375854492
48,28.321256637573242
48,26.938875198364258
48,30.17611312866211
48,30.210124969482422
48,24.958450317382812
48,31.329166412353516
48,25.71913719177246
48,28.761865615844727
48,33.2508659362793
48,31.772064208984375
48,29.171613693237305
48,31.833776473999023
48,27.72581672668457
48,27.243608474731445
48,27.686912536621094
48,28.23627471923828
48,32.726436614990234
48,31.66963005065918
48,28.055736541748047
48,29.66907501220703
48,33.669273376464844
48,27.66253089904785
48,26.81184959411621
48,24.69602394104004
48,25.012208938598633
48,26.3555908203125
48,33.23723220825195
48,33.90459442138672
48,25.548072814941406
48,25.25847053527832
48,28.63507080078125
48,30.752771377563477
48,28.378082275390625
48,28.72561264038086
48,27.045576095581055
48,28.685855865478516
48,29.07099151611328
48,24.082115173339844
48,32.071205139160156
48,33.00979232788086
48,31.131912231445312
48,31.024372100830078
48,28.570556640625
48,25.943321228027344
48,31.941804885864258
48,29.287418365478516
48,27.362586975097656
48,35.16858673095703
48,25.156705856323242
48,27.281600952148438
48,28.00749397277832
48,30.8393611907959
48,31.076889038085938
48,28.67416000366211
48,28.44245147705078
48,28.095462799072266
48,34.855857849121094
48,32.226890563964844
48,33.688804626464844
48,27.864761352539062
48,32.00993728637695
48,32.15578079223633
48,25.141389846801758
48,26.611169815063477
48,27.38961410522461
48,33.352943420410156
48,27.850074768066406
48,32.323570251464844
48,27.5460205078125
48,29.659183502197266
48,27.075613021850586
48,30.235340118408203
48,28.056577682495117
48,34.21162414550781
48,29.821216583251953
48,24.26644515991211
48,34.74732971191406
48,31.140390396118164
48,28.755693435668945
48,31.86000633239746
48,29.534992218017578
48,32.325252532958984
48,32.16111373901367
48,28.727502822875977
48,30.396728515625
48,24.63446617126465
48,27.76909065246582
48,29.416465759277344
48,32.45263671875
48,29.05974578857422
48,28.19407844543457
48,27.007862091064453
48,33.64268112182617
48,30.498476028442383
48,24.831592559814453
48,32.94390869140625
48,29.554601669311523
48,28.352947235107422
48,32.58423614501953
48,35.43284225463867
48,33.78228759765625
48,34.90386199951172
48,26.86271858215332
48,26.982851028442383
48,29.415847778320312
48,27.960338592529297
48,26.70293426513672
48,28.720916748046875
48,31.533489227294922
48,25.575164794921875
48,33.25448989868164
48,29.284643173217773
48,33.06380844116211
48,25.457033157348633
48,27.471755981445312
48,29.998493194580078
48,29.00749969482422
48,29.064189910888672
48,32.82708740234375
48,25.491395950317383
48,28.518310546875
48,32.36404800415039
48,32.687583923339844
48,33.786834716796875
48,35.52342987060547
48,32.6192741394043
48,28.38825798034668
48,23.762720108032227
48,26.529024124145508
48,25.02834701538086
48,28.72710418701172
48,28.082706451416016
48,31.326807022094727
48,28.985416412353516
48,27.314998626708984
48,26.086240768432617
48,27.54392433166504
48,29.302797317504883
48,28.530860900878906
48,30.2224063873291
48,27.270498275756836
48,24.119728088378906
48,29.985713958740234
48,27.59991455078125
48,24.67747688293457
48,33.01534652709961
48,33.31862258911133
48,32.8098258972168
48,28.855831146240234
48,32.66123962402344
48,27.64707374572754
48,31.513324737548828
48,29.58692169189453
48,29.58674430847168
48,33.58437728881836
48,32.7868537902832
48,31.015661239624023
48,29.144746780395508
48,29.832000732421875
48,31.376693725585938
48,33.126766204833984
48,29.390249252319336
48,32.099037170410156
48,29.484603881835938
48,26.239532470703125
48,28.870433807373047
48,30.0999698638916
48,28.04051971435547
48,34.03729248046875
48,32.067344665527344
48,25.188873291015625
48,30.617603302001953
48,29.023183822631836
48,29.806703567504883
48,33.832706451416016
48,26.82246208190918
48,31.87786102294922
48,32.549072265625
48,24.044523239135742
48,31.396608352661133
48,30.109878540039062
48,25.033512115478516
48,29.029254913330078
48,33.813209533691406
48,26.5794677734375
48,25.494773864746094
48,33.11494064331055
48,33.730709075927734
48,30.088768005371094
48,31.112014770507812
48,30.46954345703125
48,33.32278823852539
48,27.955934524536133
48,24.509883880615234
48,33.34410095214844
48,29.901525497436523
48,31.560970306396484
48,33.7027702331543
48,27.66978645324707
48,33.201148986816406
48,33.26485061645508
48,23.92499542236328
48,29.79948616027832
48,32.857364654541016
48,26.235183715820312
48,31.445350646972656
48,29.25345802307129
48,26.953643798828125
48,29.88019371032715
48,30.852474212646484
48,28.46922492980957
48,29.806865692138672
48,32.71554183959961
48,31.364824295043945
48,31.0645751953125
48,33.5859375
48,28.497516632080078
48,29.894237518310547
48,30.050155639648438
48,30.672351837158203
48,29.274351119995117
48,28.1734676361084
48,32.96614074707031
48,30.15224838256836
48,27.310428619384766
48,26.344907760620117
48,28.171897888183594
48,24.150611877441406
48,32.03786087036133
48,29.875728607177734
48,30.602954864501953
48,32.67295837402344
48,32.5908088684082
48,28.31793975830078
48,30.60202407836914
48,23.724950790405273
48,28.597368240356445
48,31.658063888549805
48,24.969562530517578
48,30.1446475982666
48,28.794891357421875
48,24.644052505493164
48,25.608854293823242
48,28.472196578979492
48,27.32002830505371
48,33.66899108886719
48,30.115461349487305
48,33.51561737060547
48,30.368696212768555
48,24.688615798950195
48,30.680192947387695
48,27.10849380493164
48,24.77199935913086
48,32.53563690185547
48,32.993988037109375
48,26.123350143432617
48,30.968168258666992
48,30.18272590637207
48,27.793773651123047
48,29.21257781982422
48,26.5927677154541
48,30.282291412353516
48,25.08636474609375
48,25.8275146484375
48,25.807838439941406
48,31.31027603149414
48,26.917953491210938
48,32.886722564697266
48,29.638957977294922
48,26.585182189941406
48,31.773269653320312
48,32.9008903503418
48,34.74907684326172
48,27.57569694519043
48,30.552757263183594
48,31.011337280273438
48,28.635345458984375
48,26.39056968688965
48,33.88986587524414
48,28.879545211791992
48,32.55472946166992
48,33.14348602294922
48,30.336273193359375
48,26.073225021362305
48,29.802827835083008
48,34.11897277832031
48,27.532663345336914
48,27.533218383789062
48,28.262590408325195
48,34.919857025146484
48,26.25397300720215
48,34.998435974121094
48,25.287494659423828
48,25.09432029724121
48,32.97690200805664
48,25.55481719970703
48,24.50630760192871
48,26.92393684387207
48,25.62588882446289
48,28.656780242919922
48,30.569229125976562
48,32.941017150878906
48,27.914453506469727
48,27.91459083557129
48,30.277713775634766
48,35.41130828857422
48,25.082637786865234
48,27.79684829711914
48,33.59283447265625
48,27.101764678955078
48,26.9794864654541
48,30.372711181640625
48,33.061256408691406
48,24.807601928710938
48,32.362274169921875
48,27.25072479248047
48,27.896041870117188
48,28.96575355529785
48,31.31629180908203
48,26.58997917175293
48,34.6391716003418
48,24.52219581604004
48,27.31792449951172
48,33.66404342651367
48,26.181486129760742
48,28.901592254638672
48,25.92849349975586
48,23.68147087097168
48,30.67219352722168
48,24.136152267456055
48,26.141094207763672
48,27.817138671875
48,32.21051788330078
48,32.004310607910156
48,32.665348052978516
48,30.89774513244629
48,24.903343200683594
48,27.88360595703125
48,27.784080505371094
48,33.410057067871094
48,31.349695205688477
48,29.800556182861328
48,29.972856521606445
48,27.356054306030273
48,31.349058151245117
48,33.36670684814453
48,26.71869659423828
48,27.914627075195312
48,25.832612991333008
48,26.674142837524414
48,27.60788917541504
48,25.390674591064453
48,34.35576248168945
48,23.570220947265625
48,30.135236740112305
48,31.929723739624023
48,24.821117401123047
48,26.98383331298828
48,34.29802703857422
48,24.83219337463379
48,31.211692810058594
48,25.444791793823242
48,28.835372924804688
48,31.407081604003906
48,31.734729766845703
48,29.498008728027344
48,32.647186279296875
48,31.81868553161621
48,30.636207580566406
48,31.777732849121094
48,27.601892471313477
48,26.327922821044922
48,25.86908531188965
48,30.481170654296875
48,31.231603622436523
48,34.91520690917969
48,27.971593856811523
48,26.29606819152832
48,28.292667388916016
48,32.13384246826172
48,27.61228370666504
48,32.231632232666016
48,34.87920379638672
48,25.995040893554688
48,28.16670036315918
48,34.31755828857422
48,27.908466339111328
48,30.034549713134766
48,24.96502685546875
48,29.39396095275879
48,25.693531036376953
48,28.731109619140625
48,27.720787048339844
48,33.74694061279297
48,24.7656192779541
48,25.56694221496582
48,35.524051666259766
48,29.161611557006836
48,33.165794372558594
48,32.70695495605469
48,23.99690818786621
48,24.22987174987793
48,25.860675811767578
48,31.836807250976562
48,25.968849182128906
48,26.287559509277344
48,28.598386764526367
48,30.67479705810547
48,27.841014862060547
48,33.006168365478516
48,25.987709045410156
48,34.489315032958984
48,29.56467056274414
48,32.17604446411133
48,27.638324737548828
48,31.42050552368164
48,26.13628578186035
48,33.29131317138672
48,28.891536712646484
48,24.509761810302734
48,32.19930648803711
48,28.203502655029297
48,24.591552734375
48,27.52766990661621
48,25.99868392944336
48,28.715696334838867
48,28.403152465820312
48,32.21525192260742
48,32.47627258300781
48,28.760841369628906
48,28.797693252563477
48,34.640254974365234
48,34.41719436645508
48,30.406208038330078
48,29.53858757019043
48,28.46151351928711
48,26.637596130371094
48,34.45262145996094
48,30.996511459350586
48,28.0306453704834
48,25.323589324951172
48,30.67170524597168
48,24.18690299987793
48,30.162555694580078
48,25.798078536987305
48,24.816001892089844
48,29.601160049438477
48,26.986778259277344
48,32.28472900390625
48,27.079975128173828
48,29.192203521728516
48,24.217609405517578
48,28.62628746032715
48,27.789379119873047
48,33.37941360473633
48,35.77452850341797
48,26.488815307617188
48,35.01262283325195
48,24.14689064025879
48,25.407506942749023
48,27.01121711730957
48,34.163944244384766
48,30.213088989257812
48,32.16675567626953
48,33.34622573852539
48,24.262767791748047
48,25.669771194458008
48,25.892066955566406
48,33.87881088256836
48,27.949726104736328
48,25.245649337768555
48,24.11795425415039
48,25.33224105834961
48,29.336854934692383
48,26.076732635498047
48,27.885480880737305
48,26.944799423217773
48,32.791175842285156
48,33.989845275878906
48,31.524505615234375
48,32.8956184387207
48,30.125152587890625
48,28.907817840576172
48,23.745624542236328
48,24.560853958129883
48,33.16730499267578
48,30.486530303955078
48,28.4654541015625
48,29.821748733520508
48,31.46994400024414
48,32.98948669433594
48,29.865236282348633
48,30.27939796447754
48,27.745147705078125
48,29.638961791992188
48,29.749977111816406
48,34.63385009765625
48,33.75581741333008
48,35.84317398071289
48,29.861326217651367
48,29.614622116088867
48,28.469654083251953
48,32.93867492675781
48,34.67011260986328
48,28.511940002441406
48,32.08618927001953
48,27.481000900268555
48,35.5145263671875
48,30.470317840576172
48,33.24159240722656
48,25.067487716674805
48,33.022945404052734
48,33.3745231628418
48,32.286354064941406
48,24.82869529724121
48,32.586029052734375
48,29.684785842895508
48,32.13317108154297
48,29.66434669494629
48,30.0023193359375
48,31.755401611328125
48,34.79404067993164
48,24.789033889770508
48,29.092079162597656
48,24.124486923217773
48,31.456748962402344
48,27.67002296447754
48,27.972436904907227
48,29.54178237915039
48,27.58022689819336
48,31.054121017456055
48,24.61449432373047
48,29.36039161682129
48,25.595779418945312
48,30.22347068786621
48,25.77261734008789
48,30.37450408935547
48,28.405284881591797
48,31.193941116333008
48,23.40390968322754
48,30.580955505371094
48,25.622358322143555
48,34.55018615722656
48,33.38178253173828
48,26.53933334350586
48,31.27419662475586
48,33.70063018798828
48,27.1767635345459
48,27.355026245117188
48,27.336170196533203
48,26.892440795898438
48,30.029027938842773
48,28.586177825927734
48,26.851978302001953
48,26.234582901000977
48,29.22500228881836
48,26.568445205688477
48,26.239042282104492
48,29.57744598388672
48,26.781667709350586
48,25.173641204833984
48,26.4010066986084
48,30.526935577392578
48,25.425384521484375
48,26.739002227783203
48,24.913354873657227
48,24.559179306030273
48,26.306901931762695
48,32.15315628051758
48,29.90957260131836
48,27.611635208129883
48,27.819175720214844
48,31.70029067993164
48,28.812990188598633
48,32.40570068359375
48,27.064220428466797
48,32.66510009765625
48,29.323251724243164
48,27.362323760986328
48,28.82583999633789
48,29.003368377685547
48,32.07542419433594
48,32.04576873779297
48,28.31755256652832
48,28.174274444580078
48,26.512624740600586
48,32.3661003112793
48,24.965505599975586
48,24.494874954223633
48,24.914844512939453
48,32.3188591003418
48,26.843915939331055
48,34.320716857910156
48,31.709028244018555
48,24.896318435668945
48,25.68941307067871
48,28.47203826904297
48,28.72588348388672
48,23.767614364624023
48,33.04960250854492
48,24.709280014038086
48,29.625362396240234
48,32.412410736083984
48,29.02832794189453
48,28.06502914428711
48,31.425048828125
48,25.51435661315918
48,30.26624870300293
48,29.2449893951416
48,29.246185302734375
48,33.10710525512695
48,27.471588134765625
48,37.179649353027344
48,32.04289245605469
48,32.05040740966797
48,26.728336334228516
48,33.27422332763672
48,24.684852600097656
48,32.415775299072266
48,33.559593200683594
48,30.90641975402832
48,25.711101531982422
48,23.682209014892578
48,28.07495880126953
48,28.184288024902344
48,30.7596435546875
48,29.275142669677734
48,32.28594970703125
48,33.80476379394531
48,26.30979347229004
48,27.342710494995117
48,28.035215377807617
48,27.986961364746094
48,32.55945587158203
48,33.108848571777344
48,30.641117095947266
48,25.75966453552246
48,24.272981643676758
48,31.7745418548584
48,32.23162078857422
48,31.62044334411621
48,27.11094856262207
48,30.80829429626465
48,30.383302688598633
48,32.590084075927734
48,31.53700065612793
48,34.43178939819336
48,27.089698791503906
48,31.01323127746582
48,31.736618041992188
48,29.114816665649414
48,30.734088897705078
48,33.58542251586914
48,24.29309844970703
48,31.369243621826172
48,29.52322006225586
48,24.453933715820312
48,26.99016571044922
48,32.29672622680664
48,33.71698760986328
48,27.796205520629883
48,25.120176315307617
48,27.945377349853516
48,30.98889923095703
48,28.38227081298828
48,24.39038848876953
48,34.56260681152344
48,26.40966033935547
48,29.854310989379883
48,33.977935791015625
48,30.647205352783203
48,31.784866333007812
48,31.291019439697266
48,33.10083770751953
48,24.184900283813477
48,30.66070556640625
48,33.461124420166016
48,32.59257888793945
48,33.52128982543945
48,28.451391220092773
48,26.15474510192871
48,29.40024757385254
48,33.11862564086914
48,24.44062042236328
48,25.510517120361328
48,28.514026641845703
48,29.011695861816406
48,33.4271125793457
48,26.730796813964844
48,29.16985511779785
48,25.673738479614258
48,24.163896560668945
48,26.19599151611328
48,30.32680892944336
48,34.24143600463867
48,30.24520492553711
48,33.406707763671875
48,32.96070861816406
48,32.880550384521484
48,30.271451950073242
48,29.225698471069336
48,23.312257766723633
48,31.930477142333984
48,25.224998474121094
48,29.941116333007812
48,25.192541122436523
48,25.687801361083984
48,31.111194610595703
48,24.041715621948242
48,23.83009910583496
48,32.58364486694336
48,28.24233627319336
48,31.923738479614258
48,28.83963394165039
48,25.557788848876953
48,30.799428939819336
48,33.425498962402344
48,32.916664123535156
48,26.39513397216797
48,32.7035026550293
48,33.37002944946289
48,28.986034393310547
48,27.477426528930664
48,27.71573257446289
48,32.76311492919922
48,31.608592987060547
48,26.807558059692383
48,27.806259155273438
48,30.71702003479004
48,23.77303695678711
48,33.36250305175781
48,26.393495559692383
48,25.654727935791016
48,26.803178787231445
48,27.63542938232422
48,29.12099266052246
48,29.581634521484375
48,26.33916473388672
48,33.49346160888672
48,25.591751098632812
48,26.873882293701172
48,24.457439422607422
48,23.952281951904297
48,31.96544647216797
48,31.234210968017578
48,30.415056228637695
48,35.332611083984375
48,27.269718170166016
48,27.795000076293945
48,29.898591995239258
48,31.506479263305664
48,34.162452697753906
48,26.877939224243164
48,30.318206787109375
48,32.461402893066406
48,31.029376983642578
48,32.865447998046875
48,28.5137939453125
48,25.409631729125977
48,33.218406677246094
48,29.721323013305664
48,27.833894729614258
48,29.684547424316406
48,33.12309646606445
48,30.222412109375
48,31.431385040283203
48,27.30702781677246
48,24.251602172851562
48,25.86286163330078
48,31.796634674072266
48,24.958711624145508
48,27.817548751831055
48,26.840383529663086
48,24.74215316772461
48,29.524337768554688
48,32.958885192871094
48,29.57553482055664
48,29.85762596130371
48,33.53981018066406
48,30.410676956176758
48,28.35614585876465
48,27.14436149597168
48,34.86745071411133
48,32.42934036254883
48,29.399921417236328
48,32.98332977294922
48,29.694555282592773
48,33.16935348510742
48,25.818443298339844
48,34.39936065673828
48,27.998409271240234
48,28.881567001342773
48,30.731861114501953
48,27.037883758544922
48,27.08991050720215
48,27.42523765563965
48,28.347984313964844
48,30.452444076538086
48,32.88996124267578
48,24.950336456298828
48,28.14486312866211
48,28.78687286376953
48,34.79569625854492
48,31.867048263549805
48,31.44106101989746
48,29.445762634277344
48,28.810522079467773
48,32.805511474609375
48,33.086246490478516
48,33.59677505493164
48,25.290786743164062
48,29.14122772216797
48,32.70159149169922
48,31.575454711914062
48,29.417083740234375
48,31.67780303955078
48,29.65325927734375
48,34.583534240722656
48,33.1671142578125
48,31.439922332763672
48,27.359375
48,29.137950897216797
48,30.613140106201172
48,28.744739532470703
48,28.0648193359375
48,31.898651123046875
48,30.458986282348633
48,24.48114585876465
48,31.428688049316406
48,27.340885162353516
48,24.763051986694336
48,24.238012313842773
48,27.132291793823242
48,29.193023681640625
48,30.368879318237305
48,28.26095962524414
48,27.124223709106445
48,27.71573829650879
48,32.88248062133789
48,27.044137954711914
48,31.478904724121094
48,34.7674560546875
48,33.57920455932617
48,24.019969940185547
48,30.776845932006836
48,29.51557731628418
48,25.799291610717773
48,27.8276309967041
48,27.6474552154541
48,33.656822204589844
48,31.587139129638672
48,28.92287826538086
48,26.149330139160156
48,30.805173873901367
48,27.28069305419922
48,25.21231460571289
48,24.339710235595703
48,30.755001068115234
48,34.67390060424805
48,27.124893188476562
48,30.68855094909668
48,25.466388702392578
48,33.498905181884766
48,31.8875732421875
48,31.888078689575195
48,25.122821807861328
48,32.636810302734375
48,34.62369155883789
48,26.328580856323242
48,28.501293182373047
48,32.51996994018555
48,30.517667770385742
48,27.3994140625
48,29.451467514038086
48,25.102954864501953
48,24.11434555053711
48,29.39786148071289
48,28.894004821777344
48,27.009693145751953
48,25.649106979370117
48,33.0584831237793
48,34.71786117553711
48,28.31134605407715
48,29.636674880981445
48,31.111940383911133
48,30.483713150024414
48,34.14188003540039
48,28.970996856689453
48,32.85599136352539
48,25.090362548828125
48,26.836965560913086
48,32.78118133544922
48,28.260534286499023
48,32.44477462768555
48,33.674232482910156
48,25.548892974853516
48,33.02460479736328
48,28.94696807861328
48,26.21907615661621
48,31.958784103393555
48,24.932689666748047
48,26.235828399658203
48,29.24506950378418
48,25.974313735961914
48,33.72905731201172
48,24.551441192626953
48,31.50709342956543
48,32.95885467529297
48,32.998252868652344
48,29.171602249145508
48,29.257081985473633
48,26.097780227661133
48,25.405441284179688
48,29.84222984313965
48,24.714454650878906
48,25.02613067626953
48,29.495101928710938
48,24.660648345947266
48,32.98652267456055
48,24.40810775756836
48,29.14828872680664
48,26.697500228881836
48,32.2936897277832
48,25.923450469970703
48,31.503795623779297
48,24.542919158935547
48,25.54935646057129
48,33.364051818847656
48,28.07229232788086
48,27.023244857788086
48,24.055076599121094
48,30.148433685302734
48,25.989290237426758
48,28.653139114379883
48,32.25688171386719
48,25.661388397216797
48,29.108638763427734
48,31.37980842590332
48,25.70435333251953
48,29.002573013305664
48,30.89400863647461
48,29.85972023010254
48,34.407588958740234
48,27.585994720458984
48,28.470422744750977
48,30.8364200592041
48,33.866607666015625
48,27.23495101928711
48,25.830116271972656
48,31.337804794311523
48,33.79200744628906
48,27.838165283203125
48,32.492637634277344
48,30.565288543701172
48,27.927560806274414
48,29.214811325073242
48,29.807579040527344
48,31.636457443237305
48,29.265586853027344
48,33.45928192138672
48,27.812368392944336
48,28.775711059570312
48,30.345590591430664
48,30.67823600769043
48,27.156925201416016
48,30.255165100097656
48,26.852128982543945
48,32.97259521484375
48,32.67009353637695
48,31.036584854125977
48,24.53818702697754
48,26.555328369140625
48,27.977922439575195
48,24.982715606689453
48,25.256793975830078
48,23.886035919189453
48,34.42656707763672
48,26.47622299194336
48,34.90290069580078
48,24.991647720336914
48,24.735748291015625
48,26.934364318847656
48,32.54250717163086
48,36.0910758972168
48,29.451847076416016
48,31.661975860595703
48,28.680938720703125
48,30.416860580444336
48,27.245710372924805
48,27.29485511779785
48,31.110315322875977
48,25.62320327758789
48,32.325260162353516
48,27.984758377075195
48,26.320945739746094
48,26.056636810302734
48,28.29010009765625
48,33.3920783996582
48,27.27222442626953
48,28.28304672241211
48,31.311298370361328
48,32.317604064941406
48,30.241477966308594
48,28.6121883392334
48,28.39590835571289
48,30.063940048217773
48,31.721012115478516
48,25.811893463134766
48,31.25
48,33.044700622558594
48,35.4442138671875
48,33.637962341308594
48,32.966217041015625
48,26.09894561767578
48,34.38148498535156
48,31.478092193603516
48,29.966218948364258
48,33.19392776489258
48,30.931259155273438
48,26.818296432495117
48,31.2270450592041
48,28.232704162597656
48,24.482311248779297
48,24.372983932495117
48,26.794639587402344
48,26.905635833740234
48,27.20050811767578
48,28.984289169311523
48,30.062397003173828
48,28.158987045288086
48,32.503440856933594
48,25.301677703857422
48,27.417659759521484
48,32.150943756103516
48,27.15288734436035
48,27.961462020874023
48,27.241790771484375
48,28.14471435546875
48,32.06680679321289
48,28.500457763671875
48,33.724769592285156
48,27.4349308013916
48,31.684858322143555
48,24.6915340423584
48,24.885509490966797
48,32.33397674560547
48,31.80642318725586
48,32.49624252319336
48,31.024274826049805
48,32.75480651855469
48,27.240074157714844
48,24.22276496887207
48,32.78499984741211
48,30.396617889404297
48,27.209701538085938
48,33.69306182861328
48,26.556419372558594
48,26.479358673095703
48,26.06952476501465
48,33.39897918701172
48,28.718416213989258
48,31.81275177001953
48,29.359375
48,33.407196044921875
48,27.828277587890625
48,26.025436401367188
48,33.86330795288086
48,31.584369659423828
48,27.392284393310547
48,32.57250213623047
48,32.51113510131836
48,33.41632080078125
48,29.952159881591797
48,28.86964225769043
48,30.3453426361084
48,33.10713195800781
48,33.266578674316406
48,25.54444122314453
48,29.716840744018555
48,33.15673828125
48,29.248332977294922
48,32.51850128173828
48,34.02939224243164
48,31.843820571899414
48,32.60887145996094
48,33.587345123291016
48,33.97170639038086
48,31.618698120117188
48,27.299346923828125
48,23.938426971435547
48,33.03937911987305
48,29.216754913330078
48,31.870376586914062
48,34.41391372680664
48,32.05433654785156
48,30.846628189086914
48,25.717037200927734
48,29.520023345947266
48,24.481040954589844
48,31.466690063476562
48,24.164400100708008
48,27.797399520874023
48,31.78411293029785
48,26.56565284729004
48,32.06120300292969
48,33.8999137878418
48,30.49139976501465
48,25.059314727783203
48,24.95130157470703
48,31.6873836517334
48,32.08473205566406
48,26.675701141357422
48,32.68723678588867
48,28.000173568725586
48,30.311418533325195
48,33.3408203125
48,32.65258026123047
48,25.05145263671875
48,25.025169372558594
48,28.417278289794922
48,34.400184631347656
48,30.729568481445312
48,27.102081298828125
48,28.49712371826172
48,24.76729393005371
48,30.005416870117188
48,29.259986877441406
48,28.558401107788086
48,26.26297950744629
48,34.26654052734375
48,26.395822525024414
48,33.16207504272461
48,31.755006790161133
48,35.76324462890625
48,26.1395320892334
48,33.182044982910156
48,26.721588134765625
48,31.381816864013672
48,33.03334426879883
48,28.406492233276367
48,25.731693267822266
48,33.35019302368164
48,29.237714767456055
48,31.931825637817383
48,24.91668701171875
48,27.11634635925293
48,33.95307159423828
48,28.889678955078125
48,32.060096740722656
48,28.895360946655273
48,24.285614013671875
48,30.391021728515625
48,28.054967880249023
48,33.188072204589844
48,34.04708480834961
48,33.110172271728516
48,28.22427749633789
48,27.523975372314453
48,32.439476013183594
48,34.55809020996094
48,26.332901000976562
48,33.03559112548828
48,26.841129302978516
48,28.01692008972168
48,25.30050277709961
48,27.707714080810547
48,28.92088508605957
48,33.27463912963867
48,28.92298698425293
48,28.359529495239258
48,26.488059997558594
48,30.354228973388672
48,28.344820022583008
48,29.909439086914062
48,28.271793365478516
48,34.34882736206055
48,27.75821304321289
48,29.700075149536133
48,33.506736755371094
48,27.061172485351562
48,32.39262771606445
48,33.49755859375
48,30.359811782836914
48,25.351577758789062
48,24.96811294555664
48,27.770551681518555
48,27.785022735595703
48,24.15778923034668
48,29.543851852416992
48,29.46880340576172
48,27.248701095581055
48,24.992414474487305
48,24.369638442993164
48,31.608272552490234
48,27.907306671142578
48,26.024871826171875
48,25.17230796813965
48,25.986572265625
48,30.705503463745117
48,32.935386657714844
48,29.093217849731445
48,32.59558868408203
48,29.571500778198242
48,28.566144943237305
48,34.42850112915039
48,30.836116790771484
48,29.811649322509766
48,31.15646743774414
48,33.700172424316406
48,33.42703628540039
48,24.20194435119629
48,31.83047103881836
48,35.94959259033203
48,29.565670013427734
48,34.60736083984375
48,29.079193115234375
48,36.69193649291992
48,33.41859436035156
48,34.809120178222656
48,32.74712371826172
48,33.74300765991211
48,25.66890525817871
48,32.10457992553711
48,28.645347595214844
48,31.31350326538086
48,33.198917388916016
48,33.07431411743164
48,28.953298568725586
48,30.785114288330078
48,29.313081741333008
48,29.805238723754883
48,29.238615036010742
48,30.474714279174805
48,31.04659652709961
48,31.432918548583984
48,24.202463150024414
48,34.420074462890625
48,29.717845916748047
48,31.87754249572754
48,31.67055892944336
48,32.263999938964844
48,29.665992736816406
48,32.06795883178711
48,31.042882919311523
48,25.9226131439209
48,25.66744041442871
48,25.85787582397461
48,23.845855712890625
48,27.918453216552734
48,31.296585083007812
48,25.216825485229492
48,29.264070510864258
48,28.490503311157227
48,26.631546020507812
48,27.488574981689453
48,31.486177444458008
48,26.257539749145508
48,27.171062469482422
48,29.697999954223633
48,29.39561653137207
48,28.22920799255371
48,27.302265167236328
48,27.628732681274414
48,27.67264747619629
48,33.0193977355957
48,33.91227722167969
48,32.66693878173828
48,28.08584976196289
48,28.849328994750977
48,24.6374454498291
48,27.164813995361328
48,24.992225646972656
48,33.59746551513672
48,32.65303039550781
48,26.888486862182617
48,25.567399978637695
48,33.881412506103516
48,28.143630981445312
48,31.80872344970703
48,27.677223205566406
48,31.258583068847656
48,28.89889907836914
48,27.329444885253906
48,23.689165115356445
48,29.843050003051758
48,35.439239501953125
48,26.577301025390625
48,30.131153106689453
48,28.444843292236328
48,33.16913604736328
48,27.205076217651367
48,31.7882022857666
48,31.442726135253906
48,30.255800247192383
48,30.635847091674805
48,26.706165313720703
48,32.00395202636719
48,27.66887664794922
48,33.810874938964844
48,23.620569229125977
48,29.053316116333008
48,24.97589111328125
48,24.27449607849121
48,29.18865203857422
48,28.983232498168945
48,28.1060848236084
48,29.357568740844727
48,32.23414611816406
48,27.187162399291992
48,28.906036376953125
48,27.774091720581055
48,30.749725341796875
48,24.593679428100586
48,26.190528869628906
48,31.632015228271484
48,34.598201751708984
48,28.049287796020508
48,28.71651268005371
48,31.854961395263672
48,29.756244659423828
48,24.5797119140625
48,23.248491287231445
48,33.720741271972656
48,29.566251754760742
48,27.599130630493164
48,32.27918243408203
48,32.241119384765625
48,24.921117782592773
48,24.586254119873047
48,34.32612991333008
48,32.75876235961914
48,27.01755714416504
48,33.077919006347656
48,32.61332702636719
48,24.331073760986328
48,28.95777702331543
48,33.34987258911133
48,33.49303436279297
48,29.629995346069336
48,26.011157989501953
48,34.01493835449219
48,32.38587188720703
48,32.239776611328125
48,29.12449836730957
48,23.315988540649414
48,29.62605094909668
48,32.51850509643555
48,34.333961486816406
48,31.362882614135742
48,30.432615280151367
48,27.46210479736328
48,25.003311157226562
48,28.811279296875
48,28.515653610229492
48,25.395999908447266
48,29.953466415405273
48,32.16579055786133
48,24.104036331176758
48,31.2664794921875
48,25.147218704223633
48,30.680023193359375
48,26.43687629699707
48,30.67411994934082
48,26.535797119140625
48,24.2911376953125
48,33.1734733581543
48,32.887107849121094
48,29.34365463256836
48,26.75501251220703
48,27.396921157836914
48,30.270240783691406
48,27.96880531311035
48,23.560230255126953
48,29.23048973083496
48,25.817913055419922
48,28.98029327392578
48,28.52096176147461
48,26.00211524963379
48,24.221771240234375
48,29.12576675415039
48,32.96258544921875
48,30.978561401367188
48,30.36197853088379
48,25.45201301574707
48,34.250118255615234
48,28.84125328063965
48,25.042516708374023
48,26.008777618408203
48,26.966175079345703
48,28.65431022644043
48,28.742691040039062
48,31.648956298828125
48,32.36003112792969
48,31.642457962036133
48,32.027442932128906
48,26.680953979492188
48,33.36404800415039
48,32.35061264038086
48,26.44938087463379
48,33.03754806518555
48,32.12971115112305
48,32.64760971069336
48,28.905641555786133
48,24.51165771484375
48,31.536136627197266
48,32.10499954223633
48,32.89788055419922
48,32.18937301635742
48,28.375503540039062
48,31.342103958129883
48,26.059127807617188
48,27.574323654174805
48,25.218772888183594
48,26.649826049804688
48,30.728689193725586
48,26.527122497558594
48,28.913633346557617
48,24.571470260620117
48,34.0905647277832
48,34.572547912597656
48,27.57918930053711
48,32.411537170410156
48,28.68741226196289
48,24.984209060668945
48,25.527923583984375
48,32.995338439941406
48,28.1397647857666
48,27.378915786743164
48,31.33467674255371
48,27.392086029052734
48,27.36370277404785
48,28.116497039794922
48,33.27434539794922
48,28.363452911376953
48,33.131988525390625
48,31.59910011291504
48,31.24330711364746
48,26.01851463317871
48,24.758817672729492
48,27.068775177001953
48,27.73255729675293
48,24.72110939025879
48,33.26963806152344
48,28.01580810546875
48,29.298179626464844
48,27.569480895996094
48,32.92279815673828
48,27.044872283935547
48,32.38888931274414
48,31.178396224975586
48,27.220050811767578
48,29.385940551757812
48,24.599262237548828
48,33.05670166015625
48,32.94212341308594
48,30.909610748291016
48,30.405702590942383
48,27.227418899536133
48,25.264156341552734
48,29.183530807495117
48,31.718408584594727
48,31.81279945373535
48,32.73946762084961
48,32.38557052612305
48,28.372802734375
48,27.334470748901367
48,26.788692474365234
48,30.559371948242188
48,29.496728897094727
48,25.033710479736328
48,31.377655029296875
48,28.825944900512695
48,32.95828628540039
48,27.66564178466797
48,28.328670501708984
48,26.9354305267334
48,28.689878463745117
48,30.057971954345703
48,26.900737762451172
48,33.173099517822266
48,26.638835906982422
48,26.953475952148438
48,27.11388397216797
48,28.53719139099121
48,34.51560974121094
48,28.31456756591797
48,32.59862518310547
48,34.049747467041016
48,25.328001022338867
48,26.990306854248047
48,28.02782440185547
48,26.666555404663086
48,27.65850067138672
48,26.47101593017578
48,25.545806884765625
48,29.766359329223633
48,32.3446044921875
48,34.51469039916992
48,23.974628448486328
48,28.739381790161133
48,33.10137939453125
48,28.16535186767578
48,31.79884910583496
48,32.96220016479492
48,25.30554962158203
48,24.581466674804688
48,27.20262336730957
48,29.199708938598633
48,26.54442596435547
48,30.498092651367188
48,32.18452453613281
48,25.271039962768555
48,28.529159545898438
48,26.753307342529297
48,27.481935501098633
48,26.260543823242188
48,26.540283203125
48,26.755884170532227
48,29.34751319885254
48,30.313398361206055
48,27.44115447998047
48,33.839168548583984
48,32.00346755981445
48,25.02192497253418
48,32.72559356689453
48,32.71971130371094
48,30.241975784301758
48,29.54509735107422
48,32.663814544677734
48,33.84001541137695
48,29.61455535888672
48,27.04884910583496
48,28.88695526123047
48,30.73527717590332
48,28.38100242614746
48,32.439571380615234
48,29.528568267822266
48,27.128026962280273
48,27.76173973083496
48,25.194929122924805
48,26.97477912902832
48,28.619384765625
48,29.52903938293457
48,30.05140495300293
48,33.722251892089844
48,29.017192840576172
48,31.907751083374023
48,29.370115280151367
48,26.765932083129883
48,27.47555923461914
48,24.84266471862793
48,33.95695495605469
48,29.928836822509766
48,32.594173431396484
48,27.75441551208496
48,26.18707275390625
48,28.896207809448242
48,29.638757705688477
48,28.57889175415039
48,30.80813217163086
48,32.33551788330078
48,30.676939010620117
48,24.493391036987305
48,27.568172454833984
48,30.36069107055664
48,31.420307159423828
48,32.32765579223633
48,25.924776077270508
48,28.312549591064453
48,29.76677131652832
48,31.21940803527832
48,25.87539291381836
48,28.26771354675293
48,26.23360252380371
48,30.80146598815918
48,29.47279930114746
48,32.99458694458008
48,34.06650924682617
48,30.06101417541504
48,24.879634857177734
48,24.75337028503418
48,33.371482849121094
48,26.4089412689209
48,31.860157012939453
48,25.47051239013672
48,34.14317321777344
48,32.53565216064453
48,24.47681999206543
48,33.41368865966797
48,25.174571990966797
48,29.888551712036133
48,24.801122665405273
48,23.538846969604492
48,30.798147201538086
48,26.907602310180664
48,34.75519943237305
48,29.287464141845703
48,27.300857543945312
48,30.981548309326172
48,34.02449035644531
48,24.111234664916992
48,34.20576095581055
48,29.449066162109375
48,30.1158447265625
48,28.488018035888672
48,24.62777328491211
48,26.713144302368164
48,28.050458908081055
48,27.029096603393555
48,27.66802406311035
48,25.01515769958496
48,28.318864822387695
48,34.50412368774414
48,34.178524017333984
48,31.010360717773438
48,34.52065658569336
48,26.046297073364258
48,33.41555404663086
48,27.478776931762695
48,31.895061492919922
48,30.190378189086914
48,31.773231506347656
48,31.002349853515625
48,28.645814895629883
48,24.426136016845703
48,31.389896392822266
48,33.35036087036133
48,29.38234519958496
48,25.98662567138672
48,24.718137741088867
48,24.271326065063477
48,34.591182708740234
48,25.0888614654541
48,24.818883895874023
48,28.52593421936035
48,32.20767593383789
48,28.634845733642578
48,28.058940887451172
48,27.23926544189453
48,29.16896629333496
48,31.5028133392334
48,32.85581588745117
48,30.58855628967285
48,34.162879943847656
48,26.037200927734375
48,31.958280563354492
48,26.495624542236328
48,30.41476058959961
48,35.017295837402344
48,27.60900115966797
48,33.02083969116211
48,32.03339385986328
48,29.973831176757812
48,34.26235580444336
48,31.731233596801758
48,31.93307876586914
48,32.31167221069336
48,29.41588020324707
48,25.20353889465332
48,27.959918975830078
48,27.033723831176758
48,31.402496337890625
48,30.01962661743164
48,31.800662994384766
48,31.46660041809082
48,26.28736114501953
48,29.613056182861328
48,31.89106559753418
48,24.640417098999023
48,33.61730194091797
48,25.307144165039062
48,30.244800567626953
48,25.821674346923828
48,28.47645378112793
48,33.7258186340332
48,24.647300720214844
48,34.62370681762695
48,23.810317993164062
48,25.927610397338867
48,25.034395217895508
48,35.39826965332031
48,27.621623992919922
48,31.558977127075195
48,34.93910217285156
48,26.89286231994629
48,33.794227600097656
48,31.187633514404297
48,24.89205551147461
48,30.192611694335938
48,35.24786376953125
48,32.33953094482422
48,24.257003784179688
48,24.786352157592773
48,24.43512725830078
48,32.26780700683594
48,29.14862632751465
48,33.14413070678711
48,27.703569412231445
48,31.026264190673828
48,28.769968032836914
48,24.733348846435547
48,30.28324317932129
48,25.0338191986084
48,23.13125991821289
48,29.479312896728516
48,30.68391227722168
48,32.694400787353516
48,30.8311767578125
48,25.647802352905273
48,30.7193660736084
48,27.750207901000977
48,33.17448806762695
48,25.389265060424805
48,30.16022300720215
48,32.31034469604492
48,31.863887786865234
48,31.609844207763672
48,31.479764938354492
48,31.332443237304688
48,31.590177536010742
48,32.09709167480469
48,26.842329025268555
48,27.175830841064453
48,27.777732849121094
48,27.490428924560547
48,33.68014907836914
48,23.960289001464844
48,27.852031707763672
48,28.73518180847168
48,28.32967758178711
48,30.12729263305664
48,25.30901527404785
48,27.814510345458984
48,30.15655517578125
48,24.307907104492188
48,24.867069244384766
48,25.085723876953125
48,24.647863388061523
48,26.820539474487305
48,24.38207244873047
48,32.73738098144531
48,28.467267990112305
48,33.10575866699219
48,30.5976505279541
48,31.834884643554688
48,25.177780151367188
48,32.61357116699219
48,28.48544692993164
48,29.98228645324707
48,26.2208194732666
48,24.141765594482422
48,29.02205467224121
48,33.64455032348633
48,28.167890548706055
48,34.77009963989258
48,33.19287872314453
48,27.644290924072266
48,29.71955108642578
48,24.069398880004883
48,28.053138732910156
48,29.12078094482422
48,30.726511001586914
48,31.167482376098633
48,32.30308532714844
48,34.270782470703125
48,30.876943588256836
48,34.44932556152344
48,25.48363494873047
48,28.009111404418945
48,24.701709747314453
48,33.588661193847656
48,25.726205825805664
48,26.168638229370117
48,27.28373908996582
48,35.0629768371582
48,29.593509674072266
48,26.31852912902832
48,25.390182495117188
48,25.559158325195312
48,31.737380981445312
48,25.69279670715332
48,27.447673797607422
48,33.6021842956543
48,27.31641387939453
48,28.671754837036133
48,31.225250244140625
48,25.893709182739258
48,33.33971405029297
48,29.568212509155273
48,30.85011863708496
48,23.572635650634766
48,31.397581100463867
48,29.855619430541992
48,33.851829528808594
48,30.51433563232422
48,32.68443298339844
48,34.64712905883789
48,29.35108757019043
48,30.198226928710938
48,34.01897048950195
48,31.52915382385254
48,35.30810546875
48,30.99418067932129
48,26.913450241088867
48,29.545236587524414
48,27.176570892333984
48,29.251127243041992
48,28.065486907958984
48,30.807125091552734
48,31.008289337158203
48,24.669878005981445
48,25.839773178100586
48,25.86079216003418
48,33.0974235534668
48,28.1513729095459
48,28.073347091674805
48,27.529783248901367
48,30.666179656982422
48,31.835922241210938
48,33.69951248168945
48,31.851015090942383
48,34.006874084472656
48,28.724071502685547
48,34.67351150512695
48,29.745637893676758
48,33.891822814941406
48,29.581632614135742
48,30.445724487304688
48,31.333492279052734
48,30.435077667236328
48,30.07552719116211
48,28.182842254638672
48,25.998470306396484
48,28.72023582458496
48,23.51727294921875
48,24.440494537353516
48,26.746780395507812
48,34.11792755126953
48,29.155118942260742
48,24.04792022705078
48,33.588966369628906
48,25.664548873901367
48,30.526018142700195
48,31.171226501464844
48,24.57052230834961
48,28.589214324951172
48,31.7054500579834
48,32.26167297363281
48,27.800100326538086
48,32.0799674987793
48,33.88008117675781
48,32.78459930419922
48,30.979448318481445
48,32.72029113769531
48,27.961164474487305
48,28.952617645263672
48,28.714632034301758
48,28.825979232788086
48,26.759910583496094
48,31.02735710144043
48,30.829666137695312
48,24.446147918701172
48,27.20104217529297
48,28.208879470825195
48,26.038806915283203
48,29.722408294677734
48,25.84088897705078
48,33.336307525634766
48,29.065839767456055
48,31.48185920715332
48,28.657747268676758
48,32.023468017578125
48,29.474109649658203
48,33.37835693359375
48,30.679317474365234
48,31.46649742126465
48,29.375633239746094
48,27.780567169189453
48,28.826871871948242
48,30.19911766052246
48,35.09178161621094
48,32.337223052978516
48,24.51306915283203
48,25.039161682128906
48,32.882450103759766
48,33.48527526855469
48,26.76265525817871
48,29.015958786010742
48,26.896465301513672
48,25.116588592529297
48,28.66016387939453
48,32.72338104248047
48,25.172489166259766
48,30.53441047668457
48,27.436935424804688
48,27.897319793701172
48,32.44743347167969
48,26.047868728637695
48,27.879169464111328
48,31.207157135009766
48,26.93392562866211
48,31.991334915161133
48,31.33162498474121
48,35.641014099121094
48,24.392574310302734
48,25.10327911376953
48,30.22538948059082
48,32.38136291503906
48,28.419654846191406
48,25.031005859375
48,29.27071189880371
48,31.93085289001465
48,30.624130249023438
48,31.05697250366211
48,28.919504165649414
48,24.253673553466797
48,27.307994842529297
48,33.2758674621582
48,23.794557571411133
48,29.642227172851562
48,25.97596549987793
48,32.274879455566406
48,32.316707611083984
48,29.2007999420166
48,27.565195083618164
48,31.47884750366211
48,33.86368179321289
48,33.48065185546875
48,29.81157112121582
48,26.72008514404297
48,33.697662353515625
48,29.24547576904297
48,32.18336868286133
48,28.560264587402344
48,30.623863220214844
48,28.432275772094727
48,25.475845336914062
48,33.64522933959961
48,32.912052154541016
48,32.16365432739258
48,31.955738067626953
48,31.983213424682617
48,25.419940948486328
48,32.68033218383789
48,30.70448875427246
48,31.29755973815918
48,30.14142608642578
48,32.96135711669922
48,32.51124572753906
48,25.062366485595703
48,30.84446144104004
48,31.33164405822754
48,23.65817642211914
48,32.21078109741211
48,24.41454315185547
48,28.620298385620117
48,33.93386459350586
48,33.20845031738281
48,27.772829055786133
48,31.8156681060791
48,30.96883773803711
48,26.068132400512695
48,28.229900360107422
48,27.323671340942383
48,25.89018440246582
48,29.770282745361328
48,25.438743591308594
48,27.459068298339844
48,25.050397872924805
48,32.75224685668945
48,32.853885650634766
48,31.753995895385742
48,30.168458938598633
48,26.418413162231445
48,32.396270751953125
48,28.069364547729492
48,30.51499366760254
48,26.26691246032715
48,32.52176284790039
48,24.758821487426758
48,30.143293380737305
48,31.360614776611328
48,26.894840240478516
48,28.255002975463867
48,26.963411331176758
48,34.378501892089844
48,28.053874969482422
48,30.965065002441406
48,29.763050079345703
48,25.245649337768555
48,33.62547302246094
48,31.497127532958984
48,30.388931274414062
48,28.500810623168945
48,28.963415145874023
48,28.545761108398438
48,34.51590347290039
48,32.89418411254883
48,30.91727066040039
48,25.477937698364258
48,33.39424133300781
48,31.195226669311523
48,27.05808448791504
48,30.600439071655273
48,31.032176971435547
48,26.090242385864258
48,25.04345703125
48,32.193172454833984
48,28.62505531311035
48,32.70351791381836
48,30.866193771362305
48,28.175676345825195
48,32.98847579956055
48,27.175273895263672
48,28.769180297851562
48,31.060482025146484
48,26.25141716003418
48,27.902294158935547
48,28.90174674987793
48,34.35459518432617
48,28.68348503112793
48,31.27811050415039
48,26.044464111328125
48,25.417734146118164
48,30.825763702392578
48,29.984310150146484
48,24.590747833251953
48,33.12333679199219
48,29.260456085205078
48,32.89200210571289
48,33.751434326171875
48,27.409908294677734
48,30.744430541992188
48,32.9609375
48,26.817880630493164
48,29.504127502441406
48,27.34215545654297
48,28.086061477661133
48,28.292659759521484
48,23.572063446044922
48,30.58598518371582
48,24.789722442626953
48,29.34746551513672
48,26.387128829956055
48,24.38761329650879
48,29.661087036132812
48,28.85361671447754
48,30.70635986328125
48,26.163976669311523
48,29.491735458374023
48,25.95677947998047
48,32.73249053955078
48,27.786508560180664
48,28.418458938598633
48,28.26633071899414
48,32.993080139160156
48,24.472898483276367
48,31.198020935058594
48,29.970006942749023
48,26.655778884887695
48,24.843374252319336
48,34.980926513671875
48,27.244590759277344
48,34.46919631958008
48,24.211570739746094
48,32.39725112915039
48,23.79448127746582
48,32.902042388916016
48,24.77257537841797
48,26.382610321044922
48,31.539241790771484
48,26.06801986694336
48,29.672405242919922
48,29.097219467163086
48,33.15145492553711
48,29.160614013671875
48,36.3349609375
48,30.855674743652344
48,25.09648895263672
48,28.43704605102539
48,33.74441146850586
48,33.66973114013672
48,29.278324127197266
48,33.05058670043945
48,29.714250564575195
48,34.70729064941406
48,24.65233612060547
48,25.430753707885742
48,28.019786834716797
48,28.845382690429688
48,33.76478958129883
48,27.503005981445312
48,29.77373504638672
48,25.587444305419922
48,32.65217971801758
48,30.811534881591797
48,34.289852142333984
48,24.746456146240234
48,33.37371826171875
48,32.123905181884766
48,24.437530517578125
48,28.646286010742188
48,33.19541931152344
48,31.27145767211914
48,25.025968551635742
48,27.81768226623535
48,31.22504997253418
48,31.598541259765625
48,35.347354888916016
48,34.013671875
48,31.017684936523438
48,24.266193389892578
48,32.35371780395508
48,29.89724349975586
48,32.1288948059082
48,30.449459075927734
48,26.433589935302734
48,32.62708282470703
48,31.113500595092773
48,28.6721134185791
48,27.29679298400879
48,30.18930435180664
48,33.3073616027832
48,34.01679992675781
48,24.885814666748047
48,33.88182830810547
48,33.54318618774414
48,27.848649978637695
48,29.68077278137207
48,26.369674682617188
48,27.826385498046875
48,27.82962989807129
48,24.420196533203125
48,24.539321899414062
48,27.893192291259766
48,32.42856979370117
48,29.373184204101562
48,33.38395309448242
48,25.20282554626465
48,25.180614471435547
48,26.826570510864258
48,35.05824279785156
48,34.97494888305664
48,30.533754348754883
48,32.3210563659668
48,27.083703994750977
48,33.816375732421875
48,34.315528869628906
48,32.57292556762695
48,26.647903442382812
48,27.022371292114258
48,27.485349655151367
48,28.089859008789062
48,32.54277420043945
48,25.652305603027344
48,31.380146026611328
48,24.40157699584961
48,32.05021667480469
48,32.52713394165039
48,28.050233840942383
48,32.916072845458984
48,32.46443176269531
48,25.310745239257812
48,31.945072174072266
48,33.203182220458984
48,32.14670181274414
48,24.569442749023438
48,32.97615432739258
48,27.515657424926758
48,29.698284149169922
48,31.107364654541016
48,26.59918975830078
48,24.78056526184082
48,28.12302017211914
48,31.10858154296875
48,32.54280090332031
48,25.305858612060547
48,32.49479293823242
48,31.425579071044922
48,28.86766815185547
48,27.906728744506836
48,28.388961791992188
48,30.4466609954834
48,32.166324615478516
48,26.306472778320312
48,27.9267578125
48,26.299419403076172
48,27.062177658081055
48,27.239700317382812
48,30.345579147338867
48,25.761276245117188
48,27.5914249420166
48,28.702302932739258
48,25.886905670166016
48,27.042402267456055
48,32.02211380004883
48,27.85846710205078
48,28.584115982055664
48,30.835939407348633
48,25.053913116455078
48,28.589805603027344
48,29.35488510131836
48,32.88534927368164
48,31.614686965942383
48,28.116117477416992
48,30.879514694213867
48,27.239906311035156
48,31.213560104370117
48,24.76920509338379
48,30.515031814575195
48,29.66436195373535
48,32.3140983581543
48,32.55009078979492
48,29.85879135131836
48,26.758623123168945
48,25.88178253173828
48,34.069419860839844
48,28.93364715576172
48,29.498519897460938
48,32.703121185302734
48,24.639991760253906
48,28.18449592590332
48,27.25664520263672
48,32.736873626708984
48,31.692384719848633
48,30.33125877380371
48,32.62553024291992
48,31.404247283935547
48,34.240970611572266
48,27.017637252807617
48,27.95046615600586
48,33.610816955566406
48,29.648536682128906
48,31.52456283569336
48,28.15180206298828
48,23.655733108520508
48,33.714271545410156
48,32.31999588012695
48,26.663074493408203
48,27.164201736450195
48,27.489646911621094
48,31.94757843017578
48,30.257007598876953
48,32.389404296875
48,25.600454330444336
48,28.13654136657715
48,25.61654281616211
48,28.16995620727539
48,34.05524444580078
48,33.803192138671875
48,30.868162155151367
48,32.1249885559082
48,30.341201782226562
48,30.1351261138916
48,24.44623565673828
48,29.53627586364746
48,30.976673126220703
48,26.16040802001953
48,29.60356903076172
48,25.853092193603516
48,25.8539981842041
48,34.15345764160156
48,26.006877899169922
48,33.012786865234375
48,24.91372299194336
48,34.04764938354492
48,29.372943878173828
48,24.61833953857422
48,33.09504699707031
48,32.73320388793945
48,31.862079620361328
48,24.91971778869629
48,33.53386688232422
48,30.66329002380371
48,35.75899124145508
48,29.000202178955078
48,28.666309356689453
48,31.598861694335938
48,25.751018524169922
48,33.53213119506836
48,29.173595428466797
48,30.80817413330078
48,24.949615478515625
48,30.65003776550293
48,29.339828491210938
48,27.61249542236328
48,30.378639221191406
48,31.149118423461914
48,32.7647705078125
48,31.28746795654297
48,27.610193252563477
48,24.199787139892578
48,32.15849685668945
48,31.73484992980957
48,27.115997314453125
48,25.99462890625
48,32.324928283691406
48,24.870349884033203
48,29.246685028076172
48,31.797719955444336
48,31.203170776367188
48,29.506656646728516
48,24.256874084472656
48,27.72711753845215
48,29.014530181884766
48,26.423715591430664
48,26.62147331237793
48,33.79066467285156
48,31.77937126159668
48,25.084688186645508
48,32.47978210449219
48,30.38479995727539
48,32.75545120239258
48,28.184226989746094
48,33.70328903198242
48,30.98161506652832
48,31.32140350341797
48,26.58028221130371
48,25.000934600830078
48,32.71575164794922
48,27.40264892578125
48,24.543176651000977
48,23.679224014282227
48,31.839244842529297
48,33.31917953491211
48,28.428050994873047
48,28.90843391418457
48,32.328304290771484
48,24.950464248657227
48,30.623167037963867
48,28.647117614746094
48,27.341718673706055
48,31.760093688964844
48,27.738489151000977
48,27.52660369873047
48,30.0052547454834
48,29.416675567626953
48,33.94691848754883
48,24.670429229736328
48,26.771833419799805
48,29.893253326416016
48,28.68975067138672
48,30.975868225097656
48,31.305763244628906
48,28.4562931060791
48,31.978378295898438
48,27.61312484741211
48,33.94097900390625
48,33.086280822753906
48,31.521682739257812
48,32.47203826904297
48,35.00468826293945
48,25.479000091552734
48,25.092906951904297
48,28.33134651184082
48,32.90618133544922
48,26.0150203704834
48,32.41220474243164
48,28.650293350219727
48,29.4998779296875
48,27.176517486572266
48,24.739089965820312
48,33.038177490234375
48,28.701570510864258
48,28.417665481567383
48,34.500606536865234
48,31.22001838684082
48,28.324277877807617
48,28.559852600097656
48,30.8721866607666
48,30.732698440551758
48,26.893577575683594
48,30.353483200073242
48,34.4630241394043
48,33.26902770996094
48,27.933143615722656
48,30.778079986572266
48,32.923622131347656
48,31.22160530090332
48,28.791393280029297
48,34.20414733886719
48,35.07247543334961
48,30.34821319580078
48,27.14217185974121
48,25.230966567993164
48,26.636262893676758
48,31.394468307495117
48,28.481210708618164
48,33.21474838256836
48,23.71159553527832
48,28.51108169555664
48,26.96776008605957
48,28.894718170166016
48,33.02260971069336
48,27.18828010559082
48,26.78849220275879
48,34.39300537109375
48,32.57188034057617
48,33.2191047668457
48,29.23283576965332
48,33.4715461730957
48,28.097150802612305
48,24.639585494995117
48,24.845138549804688
48,26.620141983032227
48,27.311887741088867
48,33.4680290222168
48,27.732120513916016
48,32.51529312133789
48,28.80236053466797
48,29.46883773803711
48,32.63699722290039
48,35.25457763671875
48,29.595956802368164
48,31.758255004882812
48,31.318424224853516
48,26.744144439697266
48,30.66891098022461
48,30.693147659301758
48,27.435562133789062
48,29.862308502197266
48,27.59686279296875
48,33.1820068359375
48,25.39606285095215
48,28.15813446044922
48,33.1457405090332
48,27.539745330810547
48,25.79972267150879
48,26.743192672729492
48,26.756797790527344
48,28.345224380493164
48,30.68793296813965
48,34.76139450073242
48,34.73234176635742
48,29.954286575317383
48,32.633705139160156
48,24.580833435058594
48,29.51966667175293
48,25.453380584716797
48,27.957782745361328
48,30.965721130371094
48,29.906700134277344
48,28.577638626098633
48,27.512832641601562
48,31.666982650756836
48,33.823463439941406
48,32.49257278442383
48,28.70048713684082
48,28.919450759887695
48,29.515779495239258
48,31.027568817138672
48,33.242855072021484
48,25.811311721801758
48,29.3184757232666
48,29.114566802978516
48,27.584165573120117
48,33.28997802734375
48,36.373321533203125
48,32.98695755004883
48,34.36125564575195
48,31.39520835876465
48,26.490476608276367
48,27.82634162902832
48,28.149019241333008
48,30.640108108520508
48,32.619869232177734
48,28.518674850463867
48,24.77500343322754
48,33.68982696533203
48,27.319942474365234
48,31.449228286743164
48,28.455636978149414
48,28.944446563720703
48,26.900548934936523
48,33.9067268371582
48,36.01835250854492
48,27.09229278564453
48,28.241668701171875
48,26.618635177612305
48,29.046958923339844
48,29.204954147338867
48,24.318614959716797
48,30.168502807617188
48,25.618850708007812
48,24.45539093017578
48,27.466279983520508
48,27.41425323486328
48,26.475879669189453
48,27.228622436523438
48,31.177928924560547
48,29.36289405822754
48,29.13372230529785
48,32.822288513183594
48,31.602272033691406
48,32.577247619628906
48,24.68259620666504
48,34.23615646362305
48,23.563621520996094
48,30.33374786376953
48,33.305267333984375
48,31.36872100830078
48,33.470218658447266
48,34.004852294921875
48,29.669248580932617
48,28.179237365722656
48,31.557884216308594
48,28.140003204345703
48,28.731718063354492
48,32.25019073486328
48,32.3292236328125
48,32.355411529541016
48,26.679458618164062
48,32.27151107788086
48,33.208404541015625
48,25.8751277923584
48,27.665348052978516
48,32.065181732177734
48,26.359752655029297
48,24.51108169555664
48,34.36261749267578
48,33.77392578125
48,31.615880966186523
48,24.672571182250977
48,27.674535751342773
48,31.83321762084961
48,26.312965393066406
48,23.55535125732422
48,32.51462173461914
48,26.70134162902832
48,27.625768661499023
48,31.248743057250977
48,26.517318725585938
48,24.84469223022461
48,24.63791275024414
48,26.777864456176758
48,27.545392990112305
48,32.212921142578125
48,32.59682083129883
48,25.312894821166992
48,26.205095291137695
48,26.866342544555664
48,27.617738723754883
48,24.64986801147461
48,32.39459991455078
48,27.72158432006836
48,32.263816833496094
48,25.154977798461914
48,29.093671798706055
48,31.752233505249023
48,34.15066909790039
48,33.46147155761719
48,32.663516998291016
48,29.119388580322266
48,29.48373031616211
48,26.727811813354492
48,30.576942443847656
48,29.438125610351562
48,32.822017669677734
48,27.986360549926758
48,31.67593002319336
48,31.100540161132812
48,28.616506576538086
48,27.456602096557617
48,33.691078186035156
48,31.293609619140625
48,33.86553192138672
48,35.64131164550781
48,26.72137451171875
48,31.10117530822754
48,28.35170555114746
48,32.53125762939453
48,27.054424285888672
48,29.243284225463867
48,28.752262115478516
48,33.55961990356445
48,29.41912269592285
48,26.26497459411621
48,31.515607833862305
48,29.92331314086914
48,30.14027976989746
48,33.134368896484375
48,30.667882919311523
48,22.69017219543457
48,33.58997344970703
48,29.476266860961914
48,28.039196014404297
48,27.775236129760742
48,32.74394226074219
48,29.156286239624023
48,24.591468811035156
48,25.755680084228516
48,24.84563636779785
48,25.264339447021484
48,30.891029357910156
48,34.589786529541016
48,24.06067657470703
48,29.40022850036621
48,30.573875427246094
48,30.275859832763672
48,28.964059829711914
48,31.58185386657715
48,25.36765480041504
48,26.1749324798584
48,33.96455764770508
48,25.580209732055664
48,29.576351165771484
48,27.96158790588379
48,27.35951042175293
48,30.158414840698242
48,24.70681381225586
48,31.30379867553711
48,32.04014587402344
48,28.548276901245117
48,28.819355010986328
48,30.134639739990234
48,32.39794921875
48,29.748292922973633
48,29.965835571289062
48,29.887651443481445
48,29.358135223388672
48,29.221229553222656
48,26.35145378112793
48,25.061553955078125
48,33.87468719482422
48,27.01675796508789
48,26.432628631591797
48,27.30655860900879
48,33.78114318847656
48,23.564958572387695
48,26.654756546020508
48,24.550600051879883
48,27.892704010009766
48,27.512470245361328
48,25.33684730529785
48,27.96805191040039
48,34.879878997802734
48,25.83161163330078
48,31.426725387573242
48,34.51850128173828
48,31.891996383666992
48,30.53346061706543
48,29.988237380981445
48,25.942827224731445
48,28.522613525390625
48,26.936668395996094
48,23.727462768554688
48,31.20447540283203
48,23.612754821777344
48,25.544883728027344
48,24.606712341308594
48,26.051010131835938
48,32.75685119628906
48,28.070894241333008
48,24.403072357177734
48,31.141740798950195
48,24.846908569335938
48,31.802478790283203
48,24.563718795776367
48,27.921588897705078
48,33.24778747558594
48,32.626487731933594
48,24.568500518798828
48,31.819660186767578
48,31.6383113861084
48,30.234508514404297
48,28.630430221557617
48,30.521930694580078
48,32.33784484863281
48,31.527877807617188
48,31.946428298950195
48,30.71746826171875
48,31.86568260192871
48,26.858165740966797
48,29.579967498779297
48,28.721927642822266
48,34.65397262573242
48,33.317893981933594
48,30.373811721801758
48,29.10625457763672
48,34.48105239868164
48,27.614551544189453
48,27.635356903076172
48,33.39231872558594
48,29.547531127929688
48,28.435720443725586
48,29.74138641357422
48,25.387142181396484
48,29.822118759155273
48,29.95391845703125
48,32.87240219116211
48,28.12702178955078
48,28.310033798217773
48,32.31829071044922
48,29.744394302368164
48,26.285099029541016
48,26.502656936645508
48,25.239763259887695
48,32.16236877441406
48,32.60442352294922
48,27.350711822509766
48,30.835229873657227
48,25.57525634765625
48,29.569551467895508
48,35.710182189941406
48,24.153913497924805
48,33.0616569519043
48,30.414569854736328
48,29.759870529174805
48,29.1137638092041
48,33.87311553955078
48,28.25945472717285
48,31.906036376953125
48,28.127195358276367
48,29.229736328125
48,24.91858673095703
48,31.12626838684082
48,25.23089599609375
48,29.62151527404785
48,32.7199821472168
48,25.1135196685791
48,30.392953872680664
48,24.21491241455078
48,32.18839645385742
48,27.75038719177246
48,32.025726318359375
48,30.200122833251953
48,23.382343292236328
48,35.200538635253906
48,25.274852752685547
48,27.015573501586914
48,34.376495361328125
48,32.93212890625
48,31.37124252319336
48,29.112613677978516
48,27.95293617248535
48,34.42030334472656
48,29.93178939819336
48,32.98679733276367
48,32.58575439453125
48,33.677833557128906
48,33.15541076660156
48,27.326210021972656
48,24.018478393554688
48,26.34137725830078
48,34.627410888671875
48,31.63037872314453
48,32.74753189086914
48,29.83380699157715
48,32.281246185302734
48,25.505199432373047
48,24.71123504638672
48,33.00979232788086
48,24.837392807006836
48,27.527986526489258
48,26.903329849243164
48,31.473852157592773
48,28.72075080871582
48,28.296405792236328
48,32.433555603027344
48,27.497974395751953
48,32.558746337890625
48,24.889577865600586
48,27.498620986938477
48,34.547874450683594
48,32.20589065551758
48,31.555871963500977
48,24.602495193481445
48,26.89431381225586
48,24.554954528808594
48,27.367198944091797
48,28.415332794189453
48,25.37049674987793
48,31.457096099853516
48,30.920835494995117
48,30.158466339111328
48,29.63578224182129
48,32.78538131713867
48,31.53028106689453
48,29.95429801940918
48,32.50831985473633
48,23.932384490966797
48,31.466053009033203
48,24.743440628051758
48,32.810829162597656
48,32.35612487792969
48,28.91767120361328
48,27.47489356994629
48,24.184293746948242
48,31.488422393798828
48,27.46567726135254
48,25.1464786529541
48,29.213497161865234
48,31.654617309570312
48,24.318336486816406
48,32.92998504638672
48,32.42311477661133
48,27.765979766845703
48,29.64133071899414
48,27.698135375976562
48,25.52536392211914
48,32.77164840698242
48,28.760461807250977
48,29.920793533325195
48,33.1439323425293
48,28.912647247314453
48,29.213037490844727
48,28.888534545898438
48,33.750457763671875
48,27.40532875061035
48,34.072574615478516
48,31.876407623291016
48,27.858196258544922
48,26.28554916381836
48,26.241287231445312
48,29.88101577758789
48,30.063173294067383
48,27.81553840637207
48,33.15795135498047
48,34.2357177734375
48,26.3499755859375
48,32.29279708862305
48,25.13945198059082
48,28.623802185058594
48,27.601106643676758
48,25.21761131286621
48,31.049427032470703
48,33.564125061035156
48,30.372230529785156
48,25.34891128540039
48,25.521793365478516
48,28.75470542907715
48,32.16275405883789
48,30.344087600708008
48,24.96649742126465
48,24.94965362548828
48,30.81947898864746
48,27.24945640563965
48,29.55196762084961
48,35.28090286254883
48,32.435569763183594
48,24.62731170654297
48,30.42742347717285
48,30.750322341918945
48,26.499364852905273
48,32.499732971191406
48,26.525394439697266
48,24.88323211669922
48,28.564910888671875
48,28.85803985595703
48,29.087221145629883
48,30.760860443115234
48,27.205101013183594
48,33.00535583496094
48,33.62108612060547
48,25.188682556152344
48,32.29945755004883
48,34.654563903808594
48,32.77370834350586
48,33.56412887573242
48,30.565685272216797
48,30.215240478515625
48,32.720542907714844
48,33.636688232421875
48,33.688194274902344
48,32.852298736572266
48,27.181438446044922
48,26.30681610107422
48,29.517396926879883
48,27.817241668701172
48,25.47804069519043
48,31.714710235595703
48,33.48370361328125
48,33.116661071777344
48,26.559223175048828
48,31.345684051513672
48,32.5701904296875
48,30.602025985717773
48,30.501312255859375
48,26.17848777770996
48,30.182865142822266
48,26.11846923828125
48,23.58702278137207
48,27.86945343017578
48,26.64760971069336
48,30.164932250976562
48,27.676755905151367
48,25.967796325683594
48,25.28765106201172
48,31.873109817504883
48,31.780654907226562
48,31.267379760742188
48,26.731395721435547
48,32.4286994934082
48,25.545778274536133
48,27.64038848876953
48,30.220813751220703
48,26.177352905273438
48,33.71764373779297
48,29.610116958618164
48,31.98584747314453
48,33.41293716430664
48,32.90562438964844
48,32.73070526123047
48,28.93673324584961
48,33.662818908691406
48,30.83032989501953
48,32.56903839111328
48,28.617694854736328
48,34.518184661865234
48,32.15972137451172
48,30.13721466064453
48,26.835840225219727
48,26.633926391601562
48,23.793716430664062
48,25.531497955322266
48,27.799257278442383
48,32.423709869384766
48,24.881214141845703
48,29.191539764404297
48,28.70578956604004
48,24.37726593017578
48,23.86943817138672
48,30.229564666748047
48,30.28020668029785
48,27.021570205688477
48,33.46256637573242
48,33.214439392089844
48,31.29018783569336
48,31.926963806152344
48,28.92275619506836
48,25.2845458984375
48,29.862918853759766
48,32.06312561035156
48,25.34025001525879
48,27.92104721069336
48,27.310649871826172
48,32.515769958496094
48,24.32814598083496
48,28.34239959716797
48,30.034503936767578
48,24.666940689086914
48,30.600128173828125
48,24.39658546447754
48,29.518680572509766
48,28.320232391357422
48,29.65028190612793
48,28.266647338867188
48,26.37555503845215
48,25.779123306274414
48,24.48940086364746
48,24.596778869628906
48,27.193105697631836
48,31.199356079101562
48,32.81011199951172
48,26.149898529052734
48,27.020463943481445
48,33.91664123535156
48,32.24613952636719
48,25.237796783447266
48,23.191186904907227
48,28.66382598876953
48,25.144981384277344
48,27.99042320251465
48,28.109886169433594
48,25.224897384643555
48,32.213409423828125
48,24.57737922668457
48,33.012359619140625
48,29.462974548339844
48,29.524816513061523
48,27.81877326965332
48,27.267803192138672
48,29.419429779052734
48,33.30229949951172
48,32.29633331298828
48,30.30349349975586
48,29.899084091186523
48,26.68907928466797
48,25.103824615478516
48,24.660573959350586
48,25.961332321166992
48,25.501630783081055
48,34.40310287475586
48,25.767759323120117
48,29.468032836914062
48,31.782939910888672
48,30.83771324157715
48,34.28555679321289
48,30.703643798828125
48,28.570100784301758
48,24.500991821289062
48,32.88166046142578
48,28.255889892578125
48,26.73281478881836
48,29.397260665893555
48,28.13909149169922
48,34.78676986694336
48,24.4174861907959
48,28.5223445892334
48,32.407142639160156
48,24.89008140563965
48,27.41779327392578
48,25.234033584594727
48,23.56882667541504
48,34.72905349731445
48,29.74319839477539
48,26.100879669189453
48,28.192516326904297
48,32.48671340942383
48,28.22875213623047
48,29.173725128173828
48,29.515239715576172
48,25.92320442199707
48,34.0772705078125
48,26.117429733276367
48,31.192197799682617
48,29.065645217895508
48,31.9155330657959
48,29.46369171142578
48,30.377460479736328
48,32.597877502441406
48,33.81886291503906
48,26.24676513671875
48,30.96832847595215
48,33.207359313964844
48,33.545814514160156
48,27.82856559753418
48,30.579666137695312
48,34.05162811279297
48,28.462356567382812
48,31.236682891845703
48,32.00374984741211
48,32.82243347167969
48,29.218345642089844
48,32.306915283203125
48,30.407670974731445
48,25.045873641967773
48,26.799440383911133
48,33.014976501464844
48,28.988182067871094
48,25.70185089111328
48,29.591432571411133
48,30.630657196044922
48,29.78693199157715
48,24.49078941345215
48,28.0877628326416
48,31.62160873413086
48,25.168806076049805
48,27.70213508605957
48,33.07804489135742
48,33.261192321777344
48,32.367401123046875
48,29.194557189941406
48,33.46097183227539
48,30.845293045043945
48,30.720989227294922
48,24.13576889038086
48,28.046199798583984
48,27.058616638183594
48,30.246686935424805
48,32.62568664550781
48,34.14812088012695
48,32.15528106689453
48,31.85073471069336
48,24.844440460205078
48,25.18757438659668
48,33.243019104003906
48,28.18096351623535
48,33.722389221191406
48,31.301937103271484
48,27.652320861816406
48,29.42433738708496
48,24.672712326049805
48,26.747600555419922
48,26.465007781982422
48,33.375572204589844
48,26.04307746887207
48,32.9862060546875
48,32.19892883300781
48,34.07868194580078
48,25.007545471191406
48,28.98088836669922
48,25.273815155029297
48,28.242679595947266
48,23.776384353637695
48,27.886735916137695
48,31.505714416503906
48,31.929569244384766
48,29.23329734802246
48,31.975486755371094
48,32.850341796875
48,33.92097091674805
48,30.126428604125977
48,33.724857330322266
48,25.750289916992188
48,24.924650192260742
48,26.569101333618164
48,28.0179386138916
48,32.351261138916016
48,30.312719345092773
48,27.371400833129883
48,29.73878288269043
48,29.93400001525879
48,24.517732620239258
48,25.83628273010254
48,29.120155334472656
48,34.219669342041016
48,31.58039093017578
48,25.367549896240234
48,26.72378158569336
48,33.861106872558594
48,32.730438232421875
48,31.112592697143555
48,30.289752960205078
48,31.489151000976562
48,24.844209671020508
48,30.684410095214844
48,28.76675033569336
48,24.068523406982422
48,26.451295852661133
48,29.551029205322266
48,32.10480499267578
48,29.904661178588867
48,28.684215545654297
48,28.296432495117188
48,29.822587966918945
48,33.885379791259766
48,28.914140701293945
48,31.381824493408203
48,27.664470672607422
48,28.176279067993164
48,31.802566528320312
48,32.7242431640625
48,30.06133270263672
48,26.19003677368164
48,28.807355880737305
48,29.84266471862793
48,31.204833984375
48,33.159236907958984
48,30.87125015258789
48,33.42642593383789
48,26.955974578857422
48,23.865304946899414
48,24.166866302490234
48,24.62299346923828
48,31.554765701293945
48,25.012636184692383
48,27.59166145324707
48,27.77564811706543
48,25.204105377197266
48,30.348403930664062
48,27.74502182006836
48,32.38670349121094
48,31.43598747253418
48,29.588090896606445
48,35.11042022705078
48,28.276432037353516
48,33.0235481262207
48,31.756277084350586
48,27.830669403076172
48,32.483394622802734
48,27.4962100982666
48,26.637039184570312
48,31.15745735168457
48,29.753217697143555
48,30.49435043334961
48,31.077617645263672
48,28.64098358154297
48,27.897014617919922
48,23.81113624572754
48,31.801334381103516
48,30.193532943725586
48,24.214256286621094
48,23.457441329956055
48,29.53953742980957
48,30.79448890686035
48,27.14353370666504
48,27.352323532104492
48,32.34278869628906
48,33.92524337768555
48,24.34033966064453
48,33.141273498535156
48,30.138729095458984
48,24.4707088470459
48,30.168216705322266
48,29.280540466308594
48,24.232215881347656
48,33.2248420715332
48,31.285741806030273
48,25.13600730895996
48,25.61060905456543
48,24.899187088012695
48,25.145343780517578
48,25.264373779296875
48,26.10100555419922
48,24.761777877807617
48,24.29948616027832
48,27.444808959960938
48,33.174285888671875
48,33.59527587890625
48,32.648441314697266
48,29.4085636138916
48,29.6788272857666
48,32.25102615356445
48,26.305028915405273
48,33.338340759277344
48,24.71786880493164
48,27.655763626098633
48,27.43398094177246
48,26.718870162963867
48,29.358583450317383
48,31.2845516204834
48,30.20075798034668
48,33.463382720947266
48,28.302608489990234
48,31.581270217895508
48,29.800397872924805
48,31.912879943847656
48,24.864017486572266
48,24.00792121887207
48,27.006879806518555
48,32.526912689208984
48,23.996585845947266
48,31.66115951538086
48,27.589693069458008
48,27.143075942993164
48,28.855419158935547
48,32.19597244262695
48,35.22394561767578
48,31.343820571899414
48,26.977693557739258
48,29.92223358154297
48,34.1563606262207
48,31.623008728027344
48,26.91013526916504
48,25.566564559936523
48,30.94574737548828
48,27.079593658447266
48,29.88312530517578
48,33.824180603027344
48,32.63031768798828
48,24.734865188598633
48,24.496328353881836
48,26.826723098754883
48,30.794937133789062
48,32.756595611572266
48,27.129230499267578
48,29.2233943939209
48,28.378007888793945
48,33.01504898071289
48,35.11203384399414
48,26.572172164916992
48,31.624217987060547
48,32.27301025390625
48,28.504276275634766
48,34.326175689697266
48,25.363101959228516
48,33.00786590576172
48,25.713659286499023
48,33.42591857910156
48,28.53038787841797
48,29.378082275390625
48,30.69883918762207
48,31.35303497314453
48,33.666385650634766
48,29.038312911987305
48,30.8656005859375
48,26.105243682861328
48,28.35017967224121
48,32.35956573486328
48,33.604801177978516
48,27.204803466796875
48,32.66840362548828
48,27.44150161743164
48,28.4537353515625
48,33.498897552490234
48,31.289161682128906
48,32.88650131225586
48,26.359512329101562
48,24.20265769958496
48,28.596426010131836
48,25.69354248046875
48,31.004854202270508
48,31.618532180786133
48,33.913421630859375
48,26.42452621459961
48,34.36103057861328
48,26.226778030395508
48,26.650026321411133
48,28.216915130615234
48,24.191490173339844
48,30.289525985717773
48,31.815935134887695
48,32.71715545654297
48,32.00599670410156
48,23.6024169921875
48,27.974702835083008
48,32.748741149902344
48,33.593502044677734
48,26.777545928955078
48,29.274791717529297
48,24.442041397094727
48,30.813600540161133
48,32.509361267089844
48,26.594013214111328
48,24.205039978027344
48,32.89460754394531
48,31.53013801574707
48,26.469261169433594
48,34.588863372802734
48,33.22401809692383
48,28.427223205566406
48,31.182981491088867
48,25.99229621887207
48,33.88646697998047
48,34.44744110107422
48,30.61071014404297
48,31.87775993347168
48,28.31798553466797
48,27.365385055541992
48,27.076366424560547
48,29.06777572631836
48,33.382537841796875
48,32.12972640991211
48,32.30259704589844
48,24.149803161621094
48,26.7200927734375
48,27.429018020629883
48,27.01515769958496
48,28.79092025756836
48,26.023508071899414
48,29.249418258666992
48,33.063899993896484
48,31.59113311767578
48,30.601940155029297
48,27.522281646728516
48,33.442081451416016
48,29.242839813232422
48,29.735212326049805
48,29.303983688354492
48,24.755678176879883
48,30.3170166015625
48,33.49415969848633
48,29.284921646118164
48,25.046146392822266
48,25.178932189941406
48,28.388364791870117
48,27.00245475769043
48,32.46095275878906
48,26.651634216308594
48,32.71492385864258
48,32.44597244262695
48,34.3795166015625
48,26.041709899902344
48,27.381549835205078
48,28.128929138183594
48,24.706520080566406
48,34.02241897583008
48,26.82598876953125
48,24.26482582092285
48,33.87871551513672
48,30.61570167541504
48,32.83528518676758
48,29.78770637512207
48,28.59218978881836
48,26.10870933532715
48,32.31748962402344
48,25.173866271972656
48,30.460968017578125
48,24.409284591674805
48,26.350595474243164
48,24.489004135131836
48,26.896825790405273
48,30.849977493286133
48,31.111892700195312
48,29.905004501342773
48,26.238313674926758
48,34.05855178833008
48,26.91122817993164
48,26.797639846801758
48,29.001354217529297
48,29.587507247924805
48,24.312030792236328
48,27.119131088256836
48,26.796966552734375
48,28.000905990600586
48,24.48149871826172
48,29.762800216674805
48,32.14422607421875
48,28.123632431030273
48,32.140655517578125
48,26.652935028076172
48,33.31835174560547
48,24.670860290527344
48,29.508373260498047
48,28.874013900756836
48,26.280149459838867
48,29.982425689697266
48,26.248872756958008
48,31.230554580688477
48,31.53166961669922
48,28.530136108398438
48,31.859996795654297
48,33.37353515625
48,26.465038299560547
48,26.05530548095703
48,24.42169761657715
48,28.358516693115234
48,33.348289489746094
48,25.683303833007812
48,29.827070236206055
48,24.632551193237305
48,28.863264083862305
48,34.85793685913086
48,26.856037139892578
48,29.420515060424805
48,25.189340591430664
48,28.971147537231445
48,24.85582733154297
48,32.66169357299805
48,24.197778701782227
48,27.146947860717773
48,29.377286911010742
48,33.11376190185547
48,27.943153381347656
48,28.986143112182617
48,31.542102813720703
48,30.304183959960938
48,29.163854598999023
48,29.110918045043945
48,31.61237335205078
48,33.812721252441406
48,35.5579833984375
48,33.1727409362793
48,24.638595581054688
48,32.940338134765625
48,32.54502868652344
48,32.70063018798828
48,24.77228355407715
48,24.754152297973633
48,27.707656860351562
48,24.017879486083984
48,25.00545883178711
48,29.302898406982422
48,33.28232192993164
48,25.209381103515625
48,29.820327758789062
48,32.79928207397461
48,31.36707305908203
48,25.25433349609375
48,24.305299758911133
48,26.449968338012695
48,27.488109588623047
48,27.689373016357422
48,30.315940856933594
48,24.539276123046875
48,30.606769561767578
48,24.595495223999023
48,32.31417465209961
48,25.172826766967773
48,28.878955841064453
48,28.336181640625
48,32.867671966552734
48,24.69103240966797
48,25.50315284729004
48,29.37367820739746
48,29.97330665588379
48,32.9978141784668
48,33.907169342041016
48,29.469942092895508
48,35.92580032348633
48,33.833534240722656
48,32.36359786987305
48,23.767051696777344
48,32.284080505371094
48,30.412569046020508
48,26.126859664916992
48,24.913156509399414
48,26.68773078918457
48,24.60990333557129
48,29.399747848510742
48,23.803604125976562
48,29.634443283081055
48,31.685869216918945
48,25.388071060180664
48,31.34252166748047
48,25.447429656982422
48,31.781341552734375
48,26.246723175048828
48,25.01167869567871
48,33.72251510620117
48,32.407291412353516
48,31.670658111572266
48,29.66280174255371
48,30.70233726501465
48,32.834022521972656
48,33.87784957885742
48,30.954788208007812
48,26.72526741027832
48,32.37178421020508
48,27.328779220581055
48,31.948505401611328
48,30.944517135620117
48,26.909711837768555
48,33.86148452758789
48,24.68354606628418
48,23.960588455200195
48,26.5124568939209
48,25.99794578552246
48,29.35483741760254
48,28.107681274414062
48,27.785133361816406
48,26.32747459411621
48,29.12639617919922
48,25.34402847290039
48,26.741683959960938
48,32.2326774597168
48,30.93482208251953
48,32.79552459716797
48,31.505382537841797
48,26.343393325805664
48,27.56119728088379
48,25.89942169189453
48,32.583274841308594
48,29.150041580200195
48,25.723527908325195
48,27.522499084472656
48,26.15091323852539
48,33.48329162597656
48,29.726350784301758
48,32.071205139160156
48,30.07360076904297
48,30.678897857666016
48,32.833457946777344
48,26.081026077270508
48,24.845806121826172
48,24.26970100402832
48,27.2520809173584
48,33.9051513671875
48,28.9958438873291
48,28.001588821411133
48,26.61285972595215
48,27.169675827026367
48,29.14405059814453
48,31.87785530090332
48,31.671066284179688
48,27.36878776550293
48,33.86842346191406
48,34.26972198486328
48,33.67634582519531
48,27.855749130249023
48,33.814510345458984
48,30.135486602783203
48,27.01198959350586
48,29.52788734436035
48,29.98958969116211
48,26.435834884643555
48,24.926006317138672
48,26.693119049072266
48,24.247783660888672
48,28.021278381347656
48,28.587120056152344
48,32.4636116027832
48,27.347164154052734
48,33.1591682434082
48,25.232009887695312
48,26.14814567565918
48,25.479156494140625
48,32.56997299194336
48,29.88669776916504
48,29.187576293945312
48,34.21831512451172
48,26.874744415283203
48,27.930858612060547
48,24.85518455505371
48,27.786436080932617
48,30.415428161621094
48,30.833824157714844
48,33.80561828613281
48,30.46135902404785
48,32.515499114990234
48,28.646100997924805
48,27.52593231201172
48,27.964637756347656
48,28.932641983032227
48,25.437156677246094
48,35.23937225341797
48,31.717424392700195
48,28.544841766357422
48,24.564617156982422
48,26.526138305664062
48,30.37471580505371
48,25.524913787841797
48,34.067779541015625
48,30.033363342285156
48,32.98390197753906
48,27.526140213012695
48,28.03522300720215
48,32.42911911010742
48,25.09859275817871
48,24.825841903686523
48,27.778564453125
48,25.711442947387695
48,33.585594177246094
48,32.19390106201172
48,24.29464340209961
48,25.412700653076172
48,30.61410140991211
48,26.01044464111328
48,27.280902862548828
48,26.287187576293945
48,29.418607711791992
48,32.29024887084961
48,32.383018493652344
48,24.985376358032227
48,32.942440032958984
48,26.65683937072754
48,33.657814025878906
48,33.26431655883789
48,26.20537757873535
48,26.45721435546875
48,30.511747360229492
48,31.456199645996094
48,25.066312789916992
48,25.147287368774414
48,30.52750015258789
48,32.580284118652344
48,30.90418243408203
48,24.18663787841797
48,33.05630874633789
48,33.51784133911133
48,27.10365104675293
48,30.580604553222656
48,26.071666717529297
48,28.917644500732422
48,26.708555221557617
48,29.37654685974121
48,31.927284240722656
48,33.06727600097656
48,25.74959373474121
48,30.548511505126953
48,32.300045013427734
48,28.238588333129883
48,27.447994232177734
48,28.48834991455078
48,27.898040771484375
48,25.69750213623047
48,30.63629150390625
48,33.265052795410156
48,28.317941665649414
48,30.016298294067383
48,30.365381240844727
48,24.58359718322754
48,26.226341247558594
48,24.67613410949707
48,34.273353576660156
48,25.055038452148438
48,33.7158317565918
48,23.53773307800293
48,29.94159698486328
48,28.863920211791992
48,31.50619125366211
48,30.240585327148438
48,29.83527183532715
48,27.271005630493164
48,32.08180618286133
48,31.53236198425293
48,33.5968017578125
48,27.759557723999023
48,26.334646224975586
48,26.78829002380371
48,31.684362411499023
48,29.623653411865234
48,27.49171257019043
48,29.38279151916504
48,28.716812133789062
48,23.987104415893555
48,35.064823150634766
48,26.706758499145508
48,24.664819717407227
48,27.298612594604492
48,33.21150207519531
48,31.788196563720703
48,34.070831298828125
48,31.854894638061523
48,25.858118057250977
48,31.127437591552734
48,31.717247009277344
48,28.19240951538086
48,27.552085876464844
48,32.14253234863281
48,30.627103805541992
48,25.29540252685547
48,33.36721420288086
48,36.62710189819336
48,31.488014221191406
48,28.056884765625
48,30.12959861755371
48,28.812070846557617
48,31.846744537353516
48,25.0977783203125
48,30.468421936035156
48,29.64731788635254
48,24.74918556213379
48,24.909563064575195
48,30.650867462158203
48,29.34952735900879
48,24.505035400390625
48,24.337818145751953
48,28.200725555419922
48,32.42582702636719
48,33.14649963378906
48,34.105018615722656
48,31.39358139038086
48,32.60594940185547
48,27.650449752807617
48,31.77869415283203
48,33.33598709106445
48,30.924938201904297
48,32.85846710205078
48,28.232576370239258
48,34.28871154785156
48,32.740867614746094
48,30.029640197753906
48,33.646453857421875
48,25.482826232910156
48,31.329715728759766
48,25.03644371032715
48,24.84065818786621
48,34.0881462097168
48,24.93821907043457
48,25.12103271484375
48,31.72972869873047
48,29.786489486694336
48,30.866802215576172
48,30.654438018798828
48,27.957794189453125
48,33.199440002441406
48,25.32711410522461
48,32.67167663574219
48,26.23818016052246
48,28.40753936767578
48,29.21535873413086
48,26.6607723236084
48,32.18894577026367
48,26.4591064453125
48,32.824806213378906
48,29.26203727722168
48,25.812074661254883
48,32.1154670715332
48,28.683385848999023
48,25.420032501220703
48,26.264421463012695
48,33.96820831298828
48,25.599868774414062
48,33.82435989379883
48,32.0392951965332
48,29.83109474182129
48,32.32347106933594
48,36.6688232421875
48,25.865999221801758
48,29.24564552307129
48,29.472475051879883
48,26.54851531982422
48,32.328548431396484
48,28.053009033203125
48,25.801193237304688
48,32.34021759033203
48,24.235977172851562
48,33.99724578857422
48,24.516733169555664
48,31.97898292541504
48,27.59542465209961
48,32.33155822753906
48,28.854774475097656
48,24.659147262573242
48,29.581003189086914
48,31.758575439453125
48,27.512975692749023
48,25.655813217163086
48,26.0775146484375
48,24.64769744873047
48,29.047765731811523
48,32.882930755615234
48,29.815214157104492
48,23.909955978393555
48,25.45741844177246
48,26.203853607177734
48,27.467029571533203
48,33.52533721923828
48,24.775381088256836
48,26.140674591064453
48,27.829631805419922
48,31.858444213867188
48,24.519329071044922
48,27.113967895507812
48,30.784021377563477
48,34.4034538269043
48,33.52391815185547
48,24.623903274536133
48,25.610496520996094
48,24.707942962646484
48,23.01075553894043
48,24.683746337890625
48,33.926639556884766
48,33.755882263183594
48,33.93670654296875
48,27.926448822021484
48,29.702667236328125
48,25.66374969482422
48,32.394081115722656
48,32.42638397216797
48,27.601654052734375
48,32.45463562011719
48,25.392959594726562
48,28.251548767089844
48,29.257722854614258
48,29.990032196044922
48,29.00287437438965
48,32.47434997558594
48,25.76483726501465
48,28.702045440673828
48,34.18651580810547
48,27.8590030670166
48,24.770503997802734
48,25.328025817871094
48,24.147165298461914
48,31.163175582885742
48,27.76696014404297
48,31.535436630249023
48,27.740798950195312
48,25.5816707611084
48,24.09168815612793
48,25.30937957763672
48,28.982860565185547
48,28.837230682373047
48,28.176551818847656
48,27.69856071472168
48,31.107240676879883
48,28.642736434936523
48,36.02250289916992
48,26.64502716064453
48,24.670883178710938
48,28.653453826904297
48,27.90923309326172
48,29.436254501342773
48,24.105697631835938
48,29.74325942993164
48,26.017547607421875
48,28.919139862060547
48,31.37531280517578
48,27.264968872070312
48,24.735313415527344
48,28.768632888793945
48,23.190927505493164
48,28.66456413269043
48,28.456188201904297
48,26.76211166381836
48,30.53842544555664
48,26.59511947631836
48,31.25019073486328
48,24.657604217529297
48,24.338119506835938
48,27.872922897338867
48,31.672212600708008
48,32.60142135620117
48,27.011837005615234
48,27.723285675048828
48,32.66896438598633
48,28.911684036254883
48,29.296649932861328
48,25.112768173217773
48,26.95101547241211
48,29.159805297851562
48,28.25655174255371
48,28.259506225585938
48,30.301231384277344
48,26.456615447998047
48,32.55821228027344
48,29.39307403564453
48,30.879329681396484
48,32.99205780029297
48,31.408031463623047
48,31.639690399169922
48,30.64044189453125
48,32.535194396972656
48,27.52044677734375
48,31.01569366455078
48,28.731016159057617
48,26.008403778076172
48,24.337162017822266
48,28.392425537109375
48,29.50857925415039
48,30.00327491760254
48,34.48639678955078
48,29.125505447387695
48,28.22890853881836
48,29.24076271057129
48,30.001466751098633
48,29.404254913330078
48,32.6064567565918
48,30.058168411254883
48,24.282236099243164
48,28.47673797607422
48,25.99665069580078
48,28.19933319091797
48,24.921157836914062
48,31.528230667114258
48,32.1897087097168
48,25.16803741455078
48,31.98662757873535
48,29.52138328552246
48,27.932931900024414
48,29.70886993408203
48,24.596654891967773
48,25.254436492919922
48,29.984251022338867
48,24.888296127319336
48,33.71417999267578
48,34.30097198486328
48,30.11151123046875
48,32.81471252441406
48,32.54560852050781
48,27.013343811035156
48,32.19154739379883
48,34.47938537597656
48,34.91211700439453
48,29.324491500854492
48,34.03066635131836
48,32.72995376586914
48,32.81367492675781
48,31.922645568847656
48,34.6314582824707
48,30.540430068969727
48,28.080596923828125
48,27.90276527404785
48,31.930225372314453
48,32.22850036621094
48,33.55634307861328
48,24.72728157043457
48,26.461389541625977
48,31.05193328857422
48,35.43471908569336
48,25.39031219482422
48,32.907936096191406
48,33.78550338745117
48,32.95258331298828
48,32.28294372558594
48,25.754545211791992
48,27.141033172607422
48,26.33237075805664
48,29.258296966552734
48,26.717971801757812
48,34.01575469970703
48,27.46029281616211
48,27.906888961791992
48,24.49286460876465
48,25.077842712402344
48,28.935861587524414
48,25.979307174682617
48,27.00497817993164
48,26.887489318847656
48,27.05485725402832
48,25.309415817260742
48,33.00070571899414
48,27.15154266357422
48,24.845094680786133
48,31.999422073364258
48,30.430339813232422
48,25.937490463256836
48,30.7537784576416
48,30.882204055786133
48,24.868080139160156
48,28.472026824951172
48,25.464685440063477
48,28.770586013793945
48,27.617019653320312
48,29.59644317626953
48,30.766254425048828
48,34.727664947509766
48,31.8901309967041
48,27.0662899017334
48,29.83547592163086
48,24.277036666870117
48,34.214073181152344
48,28.883438110351562
48,31.875150680541992
48,28.64520263671875
48,29.072071075439453
48,29.601390838623047
48,27.249324798583984
48,29.991811752319336
48,32.3204460144043
48,29.712013244628906
48,24.768569946289062
48,34.034934997558594
48,32.06479263305664
48,24.279022216796875
48,24.761207580566406
48,29.242313385009766
48,33.31069564819336
48,29.451587677001953
48,31.331266403198242
48,29.661537170410156
48,23.861753463745117
48,28.14082908630371
48,33.285308837890625
48,28.631690979003906
48,28.181262969970703
48,34.64337921142578
48,33.11429977416992
48,26.518041610717773
48,31.01458740234375
48,25.402088165283203
48,31.477298736572266
48,23.85552215576172
48,25.353517532348633
48,27.00884246826172
48,30.44157600402832
48,27.267671585083008
48,27.797500610351562
48,27.19693946838379
48,32.471168518066406
48,30.216590881347656
48,28.858642578125
48,31.95683479309082
48,29.447811126708984
48,26.44696807861328
48,32.56494140625
48,28.130292892456055
48,27.227033615112305
48,33.778968811035156
48,31.16078758239746
48,24.733240127563477
48,31.60567855834961
48,26.74275779724121
48,26.02989387512207
48,26.909549713134766
48,34.62665939331055
48,27.470596313476562
48,32.24457550048828
48,28.835205078125
48,27.36612892150879
48,24.941043853759766
48,29.337690353393555
48,32.99668884277344
48,30.67490005493164
48,30.604650497436523
48,24.584991455078125
48,33.30143737792969
48,27.47555923461914
48,24.782245635986328
48,30.983745574951172
48,29.900238037109375
48,27.687889099121094
48,31.92426872253418
48,29.3061580657959
48,33.04697036743164
48,25.841541290283203
48,30.59942626953125
48,33.4524040222168
48,29.442977905273438
48,34.41633224487305
48,30.30545425415039
48,30.13949966430664
48,33.98332214355469
48,24.816478729248047
48,25.30188751220703
48,33.52619934082031
48,32.76251220703125
48,33.093502044677734
48,32.42544937133789
48,24.776519775390625
48,25.290178298950195
48,29.272621154785156
48,32.96420669555664
48,25.603235244750977
48,28.100759506225586
48,26.93941879272461
48,30.865205764770508
48,27.443435668945312
48,28.99056053161621
48,27.439393997192383
48,32.46943283081055
48,25.01215362548828
48,32.29042434692383
48,25.555042266845703
48,30.453327178955078
48,25.046607971191406
48,24.616256713867188
48,25.87770652770996
48,30.85854721069336
48,32.21453094482422
48,30.053754806518555
48,30.296672821044922
48,26.662755966186523
48,27.25139617919922
48,27.398117065429688
48,27.8365421295166
48,31.94049072265625
48,33.32781982421875
48,30.038982391357422
48,32.2642936706543
48,34.581050872802734
48,32.805755615234375
48,27.902746200561523
48,29.138961791992188
48,29.923879623413086
48,32.89558792114258
48,26.777393341064453
48,25.83367919921875
48,25.336870193481445
48,23.781492233276367
48,33.89891815185547
48,25.416894912719727
48,26.856908798217773
48,30.507301330566406
48,25.349485397338867
48,33.63755798339844
48,33.265708923339844
48,29.126693725585938
48,23.855226516723633
48,32.54868698120117
48,30.857955932617188
48,34.81972122192383
48,25.411273956298828
48,30.12665557861328
48,33.00672912597656
48,25.24974822998047
48,29.857561111450195
48,33.324947357177734
48,31.093238830566406
48,33.6043586730957
48,33.11756134033203
48,27.57578468322754
48,24.942588806152344
48,32.27117156982422
48,33.1013069152832
48,24.808103561401367
48,25.78227996826172
48,32.51469039916992
48,26.694658279418945
48,25.141328811645508
48,25.911781311035156
48,30.862272262573242
48,33.18600082397461
48,33.291282653808594
48,32.85160827636719
48,31.131250381469727
48,25.34414291381836
48,26.531023025512695
48,25.952308654785156
48,26.56914520263672
48,28.05396842956543
48,24.646608352661133
48,27.717233657836914
48,32.572601318359375
48,30.73458480834961
48,34.50971984863281
48,29.711496353149414
48,34.98029327392578
48,29.44135284423828
48,30.331466674804688
48,30.01406478881836
48,24.903057098388672
48,33.459903717041016
48,31.127193450927734
48,35.70006561279297
48,31.256418228149414
48,29.28380584716797
48,26.016103744506836
48,28.243202209472656
48,25.854076385498047
48,24.392410278320312
48,27.9755859375
48,27.31863784790039
48,27.811748504638672
48,33.25958251953125
48,31.191131591796875
48,24.898757934570312
48,28.954654693603516
48,29.447589874267578
48,32.53602981567383
48,29.655778884887695
48,33.86634826660156
48,25.764909744262695
48,30.645362854003906
48,31.698392868041992
48,34.64936828613281
48,27.761594772338867
48,25.85982322692871
48,33.15447235107422
48,27.958473205566406
48,25.511756896972656
48,28.94923210144043
48,29.245830535888672
48,29.112886428833008
48,31.816225051879883
48,30.303194046020508
48,31.261167526245117
48,27.083824157714844
48,30.496553421020508
48,32.63360595703125
48,31.360000610351562
48,25.49969482421875
48,28.75678825378418
48,32.64762878417969
48,28.203872680664062
48,33.42458724975586
48,24.608112335205078
48,35.752410888671875
48,25.25840187072754
48,23.243419647216797
48,30.149452209472656
48,36.37553405761719
48,25.51525115966797
48,26.260360717773438
48,26.014896392822266
48,34.190345764160156
48,26.381439208984375
48,31.177946090698242
48,26.795928955078125
48,31.278947830200195
48,27.922792434692383
48,32.71147537231445
48,25.23930549621582
48,24.53777313232422
48,25.229446411132812
48,27.67625617980957
48,33.91158676147461
48,33.19134521484375
48,24.49142074584961
48,23.931907653808594
48,26.79100799560547
48,32.50787353515625
48,24.45824432373047
48,26.08775520324707
48,28.880550384521484
48,32.741294860839844
48,29.23813247680664
48,31.993881225585938
48,24.833301544189453
48,29.054893493652344
48,33.920108795166016
48,28.484054565429688
48,24.837535858154297
48,29.645339965820312
48,27.519371032714844
48,24.577173233032227
48,27.899980545043945
48,26.892858505249023
48,23.866662979125977
48,33.68798828125
48,28.754474639892578
48,31.859758377075195
48,25.091665267944336
48,33.935665130615234
48,32.58535385131836
48,26.441204071044922
48,26.775197982788086
48,36.3813591003418
48,29.166873931884766
48,32.90433120727539
48,32.93381881713867
48,30.83702278137207
48,29.308225631713867
48,31.05949592590332
48,30.144914627075195
48,27.790096282958984
48,35.35938262939453
48,27.55209732055664
48,24.272375106811523
48,25.385211944580078
48,33.20551300048828
48,28.891765594482422
48,25.12651824951172
48,29.59221076965332
48,30.27436637878418
48,24.879913330078125
48,34.98463821411133
48,26.86975860595703
48,31.198116302490234
48,27.912601470947266
48,27.543338775634766
48,29.809131622314453
48,31.670127868652344
48,25.696163177490234
48,32.64289474487305
48,32.83209228515625
48,27.674474716186523
48,33.15776062011719
48,25.85405731201172
48,26.407764434814453
48,30.851356506347656
48,28.27656364440918
48,31.989805221557617
48,30.998676300048828
48,29.10785484313965
48,32.93660354614258
48,28.788270950317383
48,34.24287414550781
48,32.65608215332031
48,33.222267150878906
48,28.038551330566406
48,34.065345764160156
48,30.782947540283203
48,30.297571182250977
48,31.74758529663086
48,25.61209487915039
48,32.17567443847656
48,31.44899559020996
48,30.086021423339844
48,32.651084899902344
48,25.370058059692383
48,33.61568832397461
48,29.589078903198242
48,27.4774169921875
48,29.062381744384766
48,26.849855422973633
48,29.493316650390625
48,24.280256271362305
48,26.942310333251953
48,30.960023880004883
48,31.78473472595215
48,28.312015533447266
48,28.7442569732666
48,32.65254211425781
48,33.002891540527344
48,26.609472274780273
48,33.220436096191406
48,27.929821014404297
48,25.664600372314453
48,31.261215209960938
48,31.79897689819336
48,28.355667114257812
48,32.8071403503418
48,29.17475128173828
48,33.1119270324707
48,34.9951057434082
48,34.3071403503418
48,30.69182777404785
48,26.023195266723633
48,29.9539852142334
48,33.1607780456543
48,31.277067184448242
48,30.405925750732422
48,31.416419982910156
48,26.97958755493164
48,32.23282241821289
48,33.727962493896484
48,26.834394454956055
48,26.575410842895508
48,34.303733825683594
48,29.03664779663086
48,29.67142677307129
48,34.47600555419922
48,29.22710418701172
48,29.89190673828125
48,26.63888168334961
48,26.03467559814453
48,24.234821319580078
48,27.597949981689453
48,30.609235763549805
48,24.813934326171875
48,28.829050064086914
48,27.139692306518555
48,28.403032302856445
48,32.39317321777344
48,29.266700744628906
48,27.263254165649414
48,24.848899841308594
48,30.90082359313965
48,29.498865127563477
48,28.662109375
48,26.89891815185547
48,32.298362731933594
48,27.589557647705078
48,24.622894287109375
48,29.9057559967041
48,26.305866241455078
48,25.76130485534668
48,30.7429141998291
48,27.56585693359375
48,24.655441284179688
48,28.3886775970459
48,28.31574249267578
48,33.66572952270508
48,33.283912658691406
48,33.2086067199707
48,32.57245635986328
48,33.21976089477539
48,33.137447357177734
48,33.30546569824219
48,25.340194702148438
48,33.28729248046875
48,29.39301300048828
48,29.573808670043945
48,24.211193084716797
48,30.055057525634766
48,32.18802261352539
48,32.03083419799805
48,31.497604370117188
48,32.068878173828125
48,30.333049774169922
48,28.04425811767578
48,27.36004066467285
48,24.117429733276367
48,31.623151779174805
48,29.554176330566406
48,33.610225677490234
48,28.8486385345459
48,28.84136962890625
48,25.440893173217773
48,26.490690231323242
48,35.173702239990234
48,32.129756927490234
48,32.759090423583984
48,32.0244026184082
48,32.616092681884766
48,32.44289779663086
48,28.826492309570312
48,26.689550399780273
48,28.65562629699707
48,32.90802764892578
48,34.00142288208008
48,28.8499698638916
48,28.069711685180664
48,32.550350189208984
48,26.598800659179688
48,25.576221466064453
48,24.820436477661133
48,30.14876937866211
48,32.44819259643555
48,29.93621063232422
48,23.503908157348633
48,30.25994300842285
48,25.143844604492188
48,29.895084381103516
48,23.266036987304688
48,24.383010864257812
48,29.006717681884766
48,24.70635414123535
48,26.590850830078125
48,30.024641036987305
48,33.12126541137695
48,28.897998809814453
48,29.043161392211914
48,27.70720863342285
48,31.008750915527344
48,30.014392852783203
48,33.100154876708984
48,27.777353286743164
48,24.314178466796875
48,30.775386810302734
48,27.306968688964844
48,27.32114601135254
48,27.43667984008789
48,33.7552375793457
48,28.079713821411133
48,27.87348747253418
48,32.7860107421875
48,28.14769172668457
48,33.819740295410156
48,25.6928653717041
48,27.549718856811523
48,29.513822555541992
48,28.856544494628906
48,27.357160568237305
48,23.957571029663086
48,33.11027145385742
48,31.151954650878906
48,28.551166534423828
48,32.0633659362793
48,32.08539581298828
48,35.23883056640625
48,31.498245239257812
48,33.15156173706055
48,29.82699966430664
48,29.48204231262207
48,29.461326599121094
48,25.42521858215332
48,28.819183349609375
48,25.0582218170166
48,33.0168571472168
48,31.84589958190918
48,23.814685821533203
48,24.27138900756836
48,34.82494354248047
48,29.45844841003418
48,30.960594177246094
48,31.202857971191406
48,32.014259338378906
48,30.678451538085938
48,33.47413635253906
48,29.38397789001465
48,33.19155502319336
48,29.86079216003418
48,30.786033630371094
48,27.55066680908203
48,27.41242218017578
48,29.100446701049805
48,25.304500579833984
48,32.89204788208008
48,30.55674171447754
48,31.950702667236328
48,26.124759674072266
48,30.305011749267578
48,28.153095245361328
48,33.4558219909668
48,29.131153106689453
48,32.844390869140625
48,32.10188293457031
48,31.7824649810791
48,26.37657356262207
48,32.90424346923828
48,31.447690963745117
48,29.005468368530273
48,24.993806838989258
48,27.301008224487305
48,28.47731590270996
48,26.34089469909668
48,31.26283836364746
48,32.162845611572266
48,34.24132537841797
48,33.45714569091797
48,31.80094337463379
48,31.00147247314453
48,29.646976470947266
48,24.01953125
48,33.2792854309082
48,24.802515029907227
48,28.215744018554688
48,30.368289947509766
48,30.94622230529785
48,30.786495208740234
48,32.479454040527344
48,29.38117027282715
48,30.993867874145508
48,31.452852249145508
48,26.66374969482422
48,24.823768615722656
48,30.688520431518555
48,32.858741760253906
48,25.944969177246094
48,33.24895095825195
48,24.100204467773438
48,24.74156379699707
48,31.22551918029785
48,30.207414627075195
48,33.363643646240234
48,31.315641403198242
48,24.164939880371094
48,34.19780349731445
48,23.285655975341797
48,33.93392562866211
48,29.118560791015625
48,32.62763214111328
48,24.58098030090332
48,27.940505981445312
48,27.66077995300293
48,28.2353572845459
48,31.899545669555664
48,30.47805404663086
48,27.086742401123047
48,26.297836303710938
48,29.153322219848633
48,32.881412506103516
48,31.22072410583496
48,32.4109001159668
48,28.599985122680664
48,26.437026977539062
48,28.853328704833984
48,26.320493698120117
48,26.397424697875977
48,32.67338562011719
48,31.560049057006836
48,27.599082946777344
48,25.714723587036133
48,24.39289093017578
48,31.98507308959961
48,30.32338523864746
48,26.690418243408203
48,31.77944564819336
48,28.53236198425293
48,27.62004852294922
48,30.266199111938477
48,26.362197875976562
48,28.56609344482422
48,29.771682739257812
48,32.77716827392578
48,27.270740509033203
48,34.248680114746094
48,33.384098052978516
48,25.32084846496582
48,25.572660446166992
48,30.947490692138672
48,34.193077087402344
48,30.943660736083984
48,33.402286529541016
48,28.090097427368164
48,32.59975051879883
48,32.47624969482422
48,27.34126091003418
48,26.866226196289062
48,28.386226654052734
48,32.075225830078125
48,32.44840621948242
48,29.824798583984375
48,31.73702049255371
48,26.687353134155273
48,34.02593994140625
48,31.02007293701172
48,31.145965576171875
48,26.742097854614258
48,29.471220016479492
48,28.74653434753418
48,35.18320846557617
48,26.393978118896484
48,34.708351135253906
48,30.440399169921875
48,26.802974700927734
48,29.82438850402832
48,25.913681030273438
48,28.637073516845703
48,37.076255798339844
48,27.772396087646484
48,26.848224639892578
48,25.51342010498047
48,24.552051544189453
48,26.307640075683594
48,32.7301025390625
48,28.71929359436035
48,31.549238204956055
48,28.488744735717773
48,26.94226837158203
48,34.22608184814453
48,33.48328399658203
48,32.63673782348633
48,28.863086700439453
48,24.088912963867188
48,28.392305374145508
48,33.81325912475586
48,30.19573402404785
48,33.5428466796875
48,27.554889678955078
48,27.161767959594727
48,31.51604461669922
48,25.432903289794922
48,28.443029403686523
48,29.285696029663086
48,34.74056625366211
48,27.215993881225586
48,28.750465393066406
48,28.24675750732422
48,29.149883270263672
48,24.690980911254883
48,29.36875343322754
48,23.990001678466797
48,31.65323257446289
48,29.34771728515625
48,28.07602310180664
48,27.318029403686523
48,24.931697845458984
48,27.898019790649414
48,24.82900619506836
48,31.836772918701172
48,34.42258834838867
48,33.81501007080078
48,26.243316650390625
48,31.429916381835938
48,24.98847007751465
48,32.574066162109375
48,25.040212631225586
48,31.44495391845703
48,29.779891967773438
48,29.530550003051758
48,31.7470760345459
48,30.992721557617188
48,30.336158752441406
48,31.445463180541992
48,28.18192481994629
48,28.150287628173828
48,33.449806213378906
48,30.932937622070312
48,34.668785095214844
48,26.8704833984375
48,30.54822540283203
48,30.428041458129883
48,25.902482986450195
48,33.22003936767578
48,33.191463470458984
48,25.49911117553711
48,33.11256790161133
48,33.808197021484375
48,31.18865203857422
48,30.9300537109375
48,27.163450241088867
48,30.290815353393555
48,29.45539093017578
48,29.267486572265625
48,24.89767837524414
48,28.6826171875
48,27.38785171508789
48,28.83684730529785
48,32.58243942260742
48,34.77482604980469
48,31.950227737426758
48,32.81795883178711
48,24.655771255493164
48,26.330793380737305
48,25.7839298248291
48,28.56433868408203
48,29.67801284790039
48,33.9376220703125
48,33.54085159301758
48,27.32052993774414
48,30.897090911865234
48,32.21138381958008
48,32.812137603759766
48,32.73797607421875
48,27.115018844604492
48,29.40143585205078
48,31.288604736328125
48,33.336402893066406
48,27.66280746459961
48,26.149444580078125
48,28.089740753173828
48,33.260623931884766
48,33.56494903564453
48,31.335651397705078
48,34.45695495605469
48,32.64500427246094
48,26.03973388671875
48,24.968246459960938
48,33.26283264160156
48,29.217388153076172
48,33.97970199584961
48,30.017601013183594
48,26.13558578491211
48,25.90283966064453
48,26.252225875854492
48,30.54639434814453
48,33.63587951660156
48,34.39772033691406
48,35.11632537841797
48,28.11802864074707
48,31.66327476501465
48,32.40292739868164
48,26.17034149169922
48,30.007495880126953
48,25.246158599853516
48,24.973085403442383
48,31.095672607421875
48,24.748197555541992
48,32.58712387084961
48,32.156497955322266
48,30.966720581054688
48,25.170238494873047
48,24.793521881103516
48,29.26775360107422
48,29.499340057373047
48,34.055049896240234
48,28.77303123474121
48,30.363510131835938
48,34.48381042480469
48,25.152719497680664
48,33.0097770690918
48,23.806283950805664
48,32.46986770629883
48,28.37364959716797
48,27.412342071533203
48,32.74102020263672
48,25.844608306884766
48,30.282381057739258
48,28.68280792236328
48,27.595809936523438
48,33.38740539550781
48,29.522357940673828
48,32.184879302978516
48,29.65880012512207
48,25.252626419067383
48,33.348716735839844
48,22.09445571899414
48,27.44200897216797
48,27.268390655517578
48,32.58395767211914
48,28.92519760131836
48,27.63370132446289
48,29.19913101196289
48,33.94129943847656
48,33.76563262939453
48,32.02859878540039
48,24.11807632446289
48,29.03253936767578
48,29.130868911743164
48,35.11086654663086
48,26.65671157836914
48,33.62140655517578
48,26.882768630981445
48,31.450721740722656
48,24.495113372802734
48,32.57144546508789
48,29.717721939086914
48,28.026212692260742
48,29.15900230407715
48,26.138896942138672
48,23.57392120361328
48,30.17324447631836
48,30.384309768676758
48,32.221649169921875
48,32.02283477783203
48,32.71379470825195
48,28.59514045715332
48,28.349353790283203
48,33.485103607177734
48,27.844253540039062
48,29.317598342895508
48,25.144758224487305
48,30.92886734008789
48,34.61040496826172
48,31.18694496154785
48,25.0400447845459
48,31.872575759887695
48,29.761302947998047
48,27.997631072998047
48,26.95527458190918
48,25.339889526367188
48,26.4757080078125
48,27.554729461669922
48,32.45458984375
48,31.29734230041504
48,24.802181243896484
48,28.763338088989258
48,25.05738067626953
48,34.12639617919922
48,25.69736099243164
48,29.934589385986328
48,35.168582916259766
48,27.57807731628418
48,32.74830627441406
48,25.066064834594727
48,27.761289596557617
48,28.70231819152832
48,32.031166076660156
48,33.232234954833984
48,35.082759857177734
48,25.46747398376465
48,26.209436416625977
48,29.817014694213867
48,32.223697662353516
48,29.687881469726562
48,30.935274124145508
48,26.637365341186523
48,29.44546890258789
48,24.367298126220703
48,33.76417922973633
48,27.586624145507812
48,33.015357971191406
48,27.608661651611328
48,27.36029815673828
48,32.07632827758789
48,28.81655502319336
48,25.565292358398438
48,29.245044708251953
48,31.675796508789062
48,27.30868148803711
48,32.0163688659668
48,24.693315505981445
48,24.459922790527344
48,28.68494415283203
48,27.544828414916992
48,25.928911209106445
48,32.53136444091797
48,24.433517456054688
48,27.31292152404785
48,28.09346580505371
48,34.641136169433594
48,29.40538787841797
48,31.669837951660156
48,27.402137756347656
48,32.53091812133789
48,27.8968505859375
48,30.794479370117188
48,34.36598205566406
48,29.613815307617188
48,34.99880599975586
48,31.669376373291016
48,31.238529205322266
48,34.47834396362305
48,33.67032241821289
48,26.881765365600586
48,30.95028305053711
48,26.911706924438477
48,28.451942443847656
48,27.000383377075195
48,25.9832763671875
48,26.42253303527832
48,28.738977432250977
48,31.88822364807129
48,26.42173957824707
48,24.831459045410156
48,24.67273712158203
48,25.40365982055664
48,33.756290435791016
48,25.041521072387695
48,29.26105308532715
48,34.53315734863281
48,24.827974319458008
48,27.18012237548828
48,26.957889556884766
48,24.571928024291992
48,26.321521759033203
48,33.184730529785156
48,32.687469482421875
48,35.88274383544922
48,32.518157958984375
48,27.5069637298584
48,32.963775634765625
48,34.9671745300293
48,31.920001983642578
48,23.770021438598633
48,28.768827438354492
48,27.772539138793945
48,30.996135711669922
48,32.57027816772461
48,30.006404876708984
48,32.27814483642578
48,28.393783569335938
48,32.447933197021484
48,24.08648109436035
48,26.2213077545166
48,34.277069091796875
48,27.626232147216797
48,27.715669631958008
48,34.63114547729492
48,31.11576271057129
48,30.68970489501953
48,25.122291564941406
48,25.323137283325195
48,23.86515235900879
48,28.217634201049805
48,32.00339889526367
48,31.63840103149414
48,26.174274444580078
48,25.250015258789062
48,29.949480056762695
48,28.369699478149414
48,28.488407135009766
48,29.157123565673828
48,23.67875099182129
48,23.63689613342285
48,29.21751594543457
48,29.349374771118164
48,29.02998161315918
48,30.317127227783203
48,26.636463165283203
48,25.826290130615234
48,30.988723754882812
48,33.985748291015625
48,30.142589569091797
48,29.67230987548828
48,25.035228729248047
48,30.7972469329834
48,24.81281280517578
48,25.361804962158203
48,31.80276107788086
48,33.180992126464844
48,27.880931854248047
48,28.67542266845703
48,28.685890197753906
48,35.418609619140625
48,30.904905319213867
48,30.735544204711914
48,31.945152282714844
48,35.238197326660156
48,27.266321182250977
48,33.79085159301758
48,26.078969955444336
48,33.69538879394531
48,28.407703399658203
48,32.19999313354492
48,27.355501174926758
48,31.914583206176758
48,27.276905059814453
48,26.75116539001465
48,32.13980484008789
48,28.156818389892578
48,33.05018615722656
48,27.908918380737305
48,24.261083602905273
48,30.628822326660156
48,25.064212799072266
48,29.240358352661133
48,32.642433166503906
48,31.378990173339844
48,23.5530948638916
48,27.14647674560547
48,24.305356979370117
48,24.657424926757812
48,28.397809982299805
48,29.63486099243164
48,29.53059196472168
48,33.12709045410156
48,31.370325088500977
48,27.160205841064453
48,34.28567123413086
48,31.217927932739258
48,25.791414260864258
48,32.715065002441406
48,24.624719619750977
48,32.52922439575195
48,30.28314781188965
48,32.37456512451172
48,26.624948501586914
48,25.813875198364258
48,33.28422927856445
48,28.52301597595215
48,27.274917602539062
48,33.889156341552734
48,29.872146606445312
48,32.512962341308594
48,27.438312530517578
48,31.81824493408203
48,32.452754974365234
48,33.42026901245117
48,29.478174209594727
48,24.543533325195312
48,32.776451110839844
48,32.59625244140625
48,32.7535514831543
48,25.080251693725586
48,33.10844421386719
48,32.336570739746094
48,28.844852447509766
48,25.052074432373047
48,24.772001266479492
48,34.88225555419922
48,32.765018463134766
48,23.72148895263672
48,29.11590003967285
48,24.493980407714844
48,26.164796829223633
48,28.1575984954834
48,24.66667366027832
48,31.867237091064453
48,29.724355697631836
48,28.930965423583984
48,32.12397003173828
48,32.93461227416992
48,24.709178924560547
48,26.16576385498047
48,26.352466583251953
48,33.44841766357422
48,31.11270523071289
48,28.195363998413086
48,25.812265396118164
48,23.995159149169922
48,33.38813400268555
48,28.0993595123291
48,27.593435287475586
48,27.55406951904297
48,32.809608459472656
48,25.617416381835938
48,26.90079689025879
48,29.807363510131836
48,32.2020378112793
48,26.8496150970459
48,32.95474624633789
48,33.40147018432617
48,34.28776931762695
48,34.395057678222656
48,29.282312393188477
48,24.551410675048828
48,30.951351165771484
48,33.87873458862305
48,26.171239852905273
48,25.318571090698242
48,32.70945739746094
48,33.51801300048828
48,31.585277557373047
48,33.83848190307617
48,31.648250579833984
48,25.280242919921875
48,27.029258728027344
48,33.49821090698242
48,26.040550231933594
48,32.63422393798828
48,32.9671630859375
48,33.351585388183594
48,32.198699951171875
48,23.875534057617188
48,31.00025177001953
48,30.378826141357422
48,27.723407745361328
48,26.54964828491211
48,27.3985595703125
48,29.889463424682617
48,30.8552188873291
48,23.800983428955078
48,28.021656036376953
48,23.592178344726562
48,25.463598251342773
48,33.62217712402344
48,25.888269424438477
48,31.795610427856445
48,31.016321182250977
48,31.782955169677734
48,26.351762771606445
48,28.568620681762695
48,25.701663970947266
48,27.105913162231445
48,29.80712890625
48,25.469865798950195
48,27.63416290283203
48,32.807979583740234
48,27.90329360961914
48,27.51305389404297
48,27.00002670288086
48,33.85246658325195
48,27.350418090820312
48,26.190357208251953
48,35.69334411621094
48,31.969207763671875
48,24.924007415771484
48,30.898805618286133
48,32.526397705078125
48,33.00789260864258
48,34.65312194824219
48,25.911121368408203
48,24.312891006469727
48,28.951980590820312
48,29.139020919799805
48,30.44282341003418
48,29.169958114624023
48,28.623586654663086
48,32.16783905029297
48,29.428953170776367
48,25.389869689941406
48,27.039979934692383
48,27.004390716552734
48,32.60753631591797
48,30.42418670654297
48,27.668704986572266
48,31.644912719726562
48,32.682090759277344
48,29.802345275878906
48,31.674240112304688
48,29.829526901245117
48,32.825401306152344
48,27.830556869506836
48,28.69127082824707
48,33.19083023071289
48,26.410337448120117
48,34.310813903808594
48,34.8962516784668
48,29.747854232788086
48,33.64449691772461
48,33.74240493774414
48,24.30268096923828
48,24.48625373840332
48,28.46411895751953
48,31.857030868530273
48,27.828941345214844
48,32.55078887939453
48,31.449512481689453
48,26.779340744018555
48,26.81380271911621
48,32.115142822265625
48,25.82033920288086
48,28.083986282348633
48,32.0543098449707
48,26.070667266845703
48,30.882583618164062
48,33.209964752197266
48,30.413677215576172
48,26.025497436523438
48,30.666484832763672
48,28.406009674072266
48,32.40499496459961
48,31.446701049804688
48,24.530109405517578
48,28.476776123046875
48,30.312843322753906
48,31.364276885986328
48,27.298141479492188
48,25.463043212890625
48,33.71321487426758
48,34.2763671875
48,28.98748016357422
48,26.559715270996094
48,35.539737701416016
48,30.116228103637695
48,25.66094207763672
48,30.590900421142578
48,30.935813903808594
48,33.145423889160156
48,24.7027587890625
48,25.57444953918457
48,33.07455062866211
48,26.823352813720703
48,30.234477996826172
48,32.51592254638672
48,34.07835388183594
48,26.181625366210938
48,31.128612518310547
48,32.51087188720703
48,29.039142608642578
48,31.362817764282227
48,26.8856143951416
48,33.52006912231445
48,35.38117218017578
48,27.58209228515625
48,29.847909927368164
48,24.81084632873535
48,26.725360870361328
48,26.20233917236328
48,29.395469665527344
48,31.367778778076172
48,26.94382095336914
48,29.314664840698242
48,31.476760864257812
48,31.51536750793457
48,33.71921920776367
48,26.557682037353516
48,28.62266731262207
48,32.72456359863281
48,34.28089141845703
48,26.677698135375977
48,32.32473373413086
48,30.446216583251953
48,29.310352325439453
48,26.969614028930664
48,33.55089569091797
48,30.280210494995117
48,35.111976623535156
48,25.939414978027344
48,29.78904914855957
48,26.15473175048828
48,25.2943058013916
48,29.306135177612305
48,25.423927307128906
48,33.705604553222656
48,24.259441375732422
48,32.52509307861328
48,32.445587158203125
48,24.655595779418945
48,28.92350959777832
48,33.80996322631836
48,32.041439056396484
48,34.83359146118164
48,28.654495239257812
48,32.05948257446289
48,33.0286865234375
48,24.650341033935547
48,24.512290954589844
48,26.555206298828125
48,33.6606330871582
48,35.12379837036133
48,28.752962112426758
48,31.843769073486328
48,24.033143997192383
48,33.176509857177734
48,26.808101654052734
48,32.84162902832031
48,29.866275787353516
48,27.463336944580078
48,34.53226089477539
48,25.570873260498047
48,32.03812789916992
48,29.512243270874023
48,29.496187210083008
48,24.592424392700195
48,33.081275939941406
48,34.06125259399414
48,34.21939468383789
48,24.382211685180664
48,28.472585678100586
48,30.926319122314453
48,24.73375129699707
48,33.578285217285156
48,33.53804397583008
48,24.962533950805664
48,34.18838119506836
48,30.34157943725586
48,25.53758430480957
48,26.233488082885742
48,25.56488037109375
48,31.119245529174805
48,26.1806640625
48,24.881324768066406
48,27.73971176147461
48,29.73505210876465
48,28.3077449798584
48,31.44106674194336
48,33.56477737426758
48,25.07073211669922
48,27.125885009765625
48,25.892839431762695
48,25.179765701293945
48,32.86656188964844
48,27.940074920654297
48,30.006839752197266
48,26.644603729248047
48,25.813804626464844
48,29.791301727294922
48,29.323728561401367
48,27.175853729248047
48,24.92609405517578
48,27.598058700561523
48,32.446903228759766
48,27.9041690826416
48,24.499568939208984
48,25.802249908447266
48,29.225536346435547
48,30.190279006958008
48,33.62262725830078
48,34.54615020751953
48,25.068344116210938
48,28.82856559753418
48,29.23982048034668
48,31.265945434570312
48,24.906700134277344
48,26.058725357055664
48,29.330472946166992
48,32.98066711425781
48,31.40092658996582
48,31.779312133789062
48,31.890602111816406
48,24.24922752380371
48,31.4663143157959
48,24.28455352783203
48,30.444427490234375
48,30.375072479248047
48,31.12803840637207
48,26.413673400878906
48,25.381999969482422
48,28.200775146484375
48,24.89057731628418
48,30.256757736206055
48,29.32037925720215
48,31.574459075927734
48,25.3702335357666
48,29.40086555480957
48,29.194154739379883
48,26.94110870361328
48,27.575101852416992
48,33.984954833984375
48,30.772560119628906
48,27.833450317382812
48,29.199886322021484
48,26.619897842407227
48,24.7043399810791
48,27.920211791992188
48,32.03155517578125
48,31.620582580566406
48,29.51482391357422
48,29.755496978759766
48,32.825557708740234
48,32.17498016357422
48,29.61686897277832
48,32.11838150024414
48,35.0565299987793
48,33.456939697265625
48,26.68992805480957
48,27.641590118408203
48,26.58402442932129
48,27.40430450439453
48,25.549301147460938
48,31.442066192626953
48,30.47625160217285
48,29.904760360717773
48,31.258562088012695
48,32.07963943481445
48,28.98931884765625
48,35.177982330322266
48,35.638023376464844
48,27.01286506652832
48,32.762977600097656
48,31.570283889770508
48,32.54545211791992
48,28.122957229614258
48,32.421669006347656
48,32.973533630371094
48,25.592071533203125
48,26.39740753173828
48,25.47032928466797
48,30.547361373901367
48,30.901914596557617
48,26.04043197631836
48,28.134056091308594
48,26.614459991455078
48,28.009145736694336
48,26.95582389831543
48,31.805545806884766
48,29.961511611938477
48,26.77410888671875
48,33.71800231933594
48,31.666418075561523
48,28.86896514892578
48,33.176734924316406
48,24.695091247558594
48,31.54680061340332
48,31.906631469726562
48,28.910261154174805
48,34.2737922668457
48,32.29037094116211
48,28.535846710205078
48,28.365222930908203
48,30.10566520690918
48,24.24403190612793
48,31.43229103088379
48,29.440771102905273
48,28.129077911376953
48,27.98154640197754
48,30.045310974121094
48,35.30619812011719
48,31.694602966308594
48,33.232200622558594
48,25.26818084716797
48,26.062227249145508
48,30.132343292236328
48,27.237300872802734
48,32.61370849609375
48,28.90296745300293
48,29.033897399902344
48,32.85060119628906
48,31.300235748291016
48,33.5727653503418
48,27.282209396362305
48,26.719074249267578
48,33.05782699584961
48,34.878150939941406
48,31.69359588623047
48,30.838314056396484
48,29.204439163208008
48,24.06708526611328
48,25.70132827758789
48,34.709007263183594
48,24.417837142944336
48,28.103958129882812
48,26.485862731933594
48,25.254161834716797
48,32.72149658203125
48,33.68836212158203
48,31.53618049621582
48,25.56838607788086
48,29.145048141479492
48,27.38759422302246
48,26.908554077148438
48,25.99760627746582
48,30.39603042602539
48,24.320653915405273
48,29.796865463256836
48,24.89719009399414
48,27.907445907592773
48,30.41044807434082
48,32.058048248291016
48,27.583486557006836
48,25.54686164855957
48,30.979154586791992
48,28.30255699157715
48,26.635112762451172
48,29.354246139526367
48,24.056169509887695
48,29.332204818725586
48,24.57575225830078
48,24.790029525756836
48,27.883136749267578
48,26.102684020996094
48,28.132211685180664
48,28.704265594482422
48,28.210765838623047
48,32.142826080322266
48,28.627906799316406
48,25.909873962402344
48,26.621742248535156
48,29.02324676513672
48,28.537931442260742
48,29.28543472290039
48,32.90510559082031
48,29.175519943237305
48,26.252729415893555
48,30.343647003173828
48,28.139657974243164
48,29.777976989746094
48,31.56670379638672
48,25.415199279785156
48,24.59327507019043
48,25.30986976623535
48,31.067537307739258
48,24.86330795288086
48,33.807594299316406
48,32.9906120300293
48,31.70018196105957
48,28.518600463867188
48,26.190940856933594
48,27.16512107849121
48,34.02324295043945
48,30.804763793945312
48,26.911882400512695
48,33.77720642089844
48,33.87110137939453
48,24.38202476501465
48,27.068357467651367
48,24.338306427001953
48,31.232637405395508
48,32.347389221191406
48,27.4877986907959
48,25.116689682006836
48,31.48270034790039
48,33.60691833496094
48,29.452836990356445
48,30.99201202392578
48,33.910240173339844
48,27.6094970703125
48,32.66447448730469
48,27.35683250427246
48,26.61301040649414
48,33.3203010559082
48,31.410200119018555
48,25.935771942138672
48,32.07887649536133
48,29.554670333862305
48,26.0414981842041
48,27.20823860168457
48,34.143898010253906
48,32.53982162475586
48,28.063804626464844
48,26.833669662475586
48,31.598167419433594
48,30.148784637451172
48,29.727935791015625
48,24.5051212310791
48,29.568695068359375
48,31.393451690673828
48,26.54150390625
48,32.855918884277344
48,24.338804244995117
48,29.585647583007812
48,25.639698028564453
48,35.20832443237305
48,25.38928985595703
48,33.27629470825195
48,29.096471786499023
48,31.190570831298828
48,30.812532424926758
48,33.58195877075195
48,33.0335578918457
48,26.46149253845215
48,27.855947494506836
48,29.6394100189209
48,27.156932830810547
48,30.90766716003418
48,30.051864624023438
48,25.0181827545166
48,25.690654754638672
48,30.213422775268555
48,28.095252990722656
48,32.60088348388672
48,31.115154266357422
48,30.358224868774414
48,32.65254592895508
48,33.781951904296875
48,31.88016128540039
48,31.206859588623047
48,26.992799758911133
48,31.457056045532227
48,34.783573150634766
48,31.985334396362305
48,25.613229751586914
48,23.828615188598633
48,29.260265350341797
48,32.609432220458984
48,28.991153717041016
48,30.083354949951172
48,32.361488342285156
48,28.186281204223633
48,29.524253845214844
48,30.270763397216797
48,25.51889419555664
48,31.517379760742188
48,23.805484771728516
48,26.80080795288086
48,24.882936477661133
48,32.31056213378906
48,33.90550994873047
48,27.10881996154785
48,27.698875427246094
48,29.709537506103516
48,25.49826431274414
48,25.01854705810547
48,28.049907684326172
48,35.436683654785156
48,30.174894332885742
48,24.616252899169922
48,27.249771118164062
48,32.34536361694336
48,31.641521453857422
48,27.856904983520508
48,32.4147834777832
48,26.109041213989258
48,27.13006591796875
48,27.30044174194336
48,30.180038452148438
48,28.88642120361328
48,27.983827590942383
48,30.768611907958984
48,22.74896812438965
48,27.3132266998291
48,25.611568450927734
48,25.017642974853516
48,27.879945755004883
48,30.588970184326172
48,31.486003875732422
48,29.551557540893555
48,27.395477294921875
48,27.87261199951172
48,35.49530792236328
48,24.799983978271484
48,30.135425567626953
48,28.80216407775879
48,33.77710723876953
48,30.23039436340332
48,31.106792449951172
48,32.63223648071289
48,28.882993698120117
48,25.854164123535156
48,26.169252395629883
48,27.512147903442383
48,31.496318817138672
48,29.04916763305664
48,26.692825317382812
48,33.74127197265625
48,25.173389434814453
48,31.651973724365234
48,28.517858505249023
48,33.75059509277344
48,34.419864654541016
48,27.084863662719727
48,24.409069061279297
48,35.197479248046875
48,25.034008026123047
48,25.697059631347656
48,25.076671600341797
48,32.06456756591797
48,28.69523811340332
48,33.05970001220703
48,32.70563888549805
48,25.09413719177246
48,32.699119567871094
48,26.91191864013672
48,30.228425979614258
48,31.320201873779297
48,24.79766082763672
48,24.28205680847168
48,24.33199691772461
48,26.12752342224121
48,35.798439025878906
48,31.899927139282227
48,31.803417205810547
48,27.43115234375
48,28.449655532836914
48,32.41020584106445
48,25.450620651245117
48,23.56881332397461
48,29.548004150390625
48,32.561912536621094
48,29.099946975708008
48,26.708499908447266
48,28.692974090576172
48,30.97962188720703
48,23.770801544189453
48,26.197847366333008
48,29.688880920410156
48,25.780742645263672
48,27.670297622680664
48,34.00852966308594
48,29.600278854370117
48,26.567493438720703
48,31.78977394104004
48,35.00089645385742
48,29.24610710144043
48,30.629596710205078
48,27.042888641357422
48,31.876766204833984
48,26.215496063232422
48,33.17481994628906
48,31.137107849121094
48,30.54659080505371
48,27.80924415588379
48,25.027379989624023
48,30.33788299560547
48,32.65336227416992
48,29.092700958251953
48,24.890853881835938
48,29.903074264526367
48,32.363067626953125
48,28.339937210083008
48,33.68330383300781
48,27.164216995239258
48,34.47836685180664
48,29.390840530395508
48,27.791269302368164
48,29.76523780822754
48,34.22151184082031
48,29.085100173950195
48,30.649560928344727
48,32.351749420166016
48,28.502500534057617
48,26.190780639648438
48,33.04463577270508
48,24.719280242919922
48,27.40731430053711
48,29.947410583496094
48,27.045133590698242
48,25.426860809326172
48,28.10944175720215
48,27.11412239074707
48,30.290470123291016
48,30.974853515625
48,33.2415657043457
48,33.373046875
48,29.239383697509766
48,27.537960052490234
48,32.69878005981445
48,32.59007263183594
48,25.5595703125
48,33.39848709106445
48,35.6458625793457
48,34.8560905456543
48,26.4608097076416
48,24.784439086914062
48,31.885025024414062
48,26.80820655822754
48,27.75490379333496
48,30.28192710876465
48,27.40355682373047
48,27.626941680908203
48,34.41075897216797
48,26.515527725219727
48,24.400012969970703
48,28.14935302734375
48,30.905637741088867
48,36.942054748535156
48,29.68549156188965
48,30.437923431396484
48,27.062883377075195
48,31.939481735229492
48,30.50341796875
48,28.149091720581055
48,32.955230712890625
48,31.776721954345703
48,34.18256759643555
48,31.297765731811523
48,27.74066162109375
48,24.684139251708984
48,32.43727493286133
48,23.789966583251953
48,25.77614974975586
48,30.60148048400879
48,34.40449523925781
48,31.9826602935791
48,28.410480499267578
48,25.33473014831543
48,33.581275939941406
48,28.28435516357422
48,29.01198959350586
48,24.789464950561523
48,32.479549407958984
48,35.20317840576172
48,26.039905548095703
48,31.00371742248535
48,30.9078311920166
48,28.478153228759766
48,28.440967559814453
48,31.78378677368164
48,24.448598861694336
48,29.840648651123047
48,27.37405014038086
48,28.818462371826172
48,26.046960830688477
48,30.563390731811523
48,29.47014617919922
48,26.036876678466797
48,27.364131927490234
48,28.742143630981445
48,30.446786880493164
48,27.718076705932617
48,24.76306915283203
48,24.980985641479492
48,32.485347747802734
48,33.21224594116211
48,34.5696907043457
48,28.583011627197266
48,32.007118225097656
48,24.0738468170166
48,30.64654541015625
48,28.152286529541016
48,31.316852569580078
48,25.7404727935791
48,33.54241180419922
48,30.064655303955078
48,30.152320861816406
48,29.400348663330078
48,26.56563949584961
48,32.976959228515625
48,28.957462310791016
48,29.166404724121094
48,32.39073181152344
48,32.08092498779297
48,33.449195861816406
48,24.35565185546875
48,34.42608642578125
48,34.87443923950195
48,25.695415496826172
48,34.32864761352539
48,33.507293701171875
48,31.463956832885742
48,33.719085693359375
48,31.75986099243164
48,28.733394622802734
48,29.53950309753418
48,26.181798934936523
48,24.458267211914062
48,29.577665328979492
48,30.2044677734375
48,26.084964752197266
48,31.52316665649414
48,25.390888214111328
48,27.629167556762695
48,32.43492889404297
48,33.085350036621094
48,26.45720863342285
48,33.78773880004883
48,26.4559268951416
48,32.78245544433594
48,30.179489135742188
48,24.263092041015625
48,32.50250244140625
48,32.54790115356445
48,31.92618179321289
48,25.658340454101562
48,32.862449645996094
48,32.9453010559082
48,24.591806411743164
48,30.57712173461914
48,27.392488479614258
48,29.501733779907227
48,25.96538734436035
48,28.881267547607422
48,25.29595184326172
48,33.40351486206055
48,24.975847244262695
48,25.070457458496094
48,29.240001678466797
48,27.37343406677246
48,29.456804275512695
48,23.641185760498047
48,26.012466430664062
48,31.005624771118164
48,24.256332397460938
48,27.20692253112793
48,31.543872833251953
48,25.061012268066406
48,31.886985778808594
48,26.797826766967773
48,33.97796630859375
48,26.113554000854492
48,28.145343780517578
48,25.516782760620117
48,28.321346282958984
48,29.93790626525879
48,30.173067092895508
48,33.164146423339844
48,28.67360496520996
48,27.045333862304688
48,32.37105941772461
48,25.56209945678711
48,35.85104751586914
48,29.8201961517334
48,26.448518753051758
48,33.40286636352539
48,28.45611000061035
48,26.846572875976562
48,30.12467384338379
48,25.567230224609375
48,29.210662841796875
48,27.533639907836914
48,28.318105697631836
48,35.37483215332031
48,26.948936462402344
48,30.626251220703125
48,33.61639404296875
48,32.6818733215332
48,29.41190528869629
48,28.093801498413086
48,31.50535011291504
48,26.62762451171875
48,32.20629119873047
48,24.4012393951416
48,24.05161476135254
48,32.332374572753906
48,30.831775665283203
48,29.235559463500977
48,26.930797576904297
48,32.93217086791992
48,28.167186737060547
48,27.93099021911621
48,25.817934036254883
48,29.19519805908203
48,33.429344177246094
48,30.292015075683594
48,34.05854797363281
48,24.852890014648438
48,28.450729370117188
48,24.07852554321289
48,27.875749588012695
48,25.356733322143555
48,30.867231369018555
48,31.67474937438965
48,27.59755516052246
48,32.16401290893555
48,23.991931915283203
48,23.703502655029297
48,32.51105499267578
48,29.498323440551758
48,29.875850677490234
48,27.765840530395508
48,25.477401733398438
48,28.4757022857666
48,24.3803768157959
48,25.214990615844727
48,26.396102905273438
48,27.246971130371094
48,32.59492492675781
48,30.044626235961914
48,27.9888916015625
48,24.350486755371094
48,27.850786209106445
48,28.419553756713867
48,28.870182037353516
48,27.83958625793457
48,29.19921875
48,24.95606231689453
48,26.424453735351562
48,24.501115798950195
48,32.14546203613281
48,32.7500114440918
48,34.141204833984375
48,31.110971450805664
48,29.025033950805664
48,31.606609344482422
48,30.019460678100586
48,31.21048927307129
48,23.901382446289062
48,32.562355041503906
48,28.376815795898438
48,28.534467697143555
48,31.53219223022461
48,27.5519962310791
48,25.515459060668945
48,29.133371353149414
48,25.60489273071289
48,28.969846725463867
48,30.971141815185547
48,33.68081283569336
48,32.74783706665039
48,25.64985466003418
48,33.126258850097656
48,31.76664161682129
48,29.248231887817383
48,27.754981994628906
48,25.47001075744629
48,24.14072036743164
48,31.843496322631836
48,28.91391372680664
48,32.16859436035156
48,34.33271026611328
48,32.64043426513672
48,24.636781692504883
48,28.819345474243164
48,32.678985595703125
48,28.830154418945312
48,24.941604614257812
48,27.84904670715332
48,26.7010555267334
48,32.813201904296875
48,29.715578079223633
48,28.320053100585938
48,32.14118576049805
48,33.25873947143555
48,26.006933212280273
48,24.28758430480957
48,32.605709075927734
48,27.028356552124023
48,33.60272979736328
48,27.12230682373047
48,30.138301849365234
48,33.44388198852539
48,35.2724494934082
48,33.544769287109375
48,28.634754180908203
48,27.820478439331055
48,26.137577056884766
48,27.476703643798828
48,30.176563262939453
48,30.201562881469727
48,34.137359619140625
48,27.119169235229492
48,27.600919723510742
48,29.92555046081543
48,32.73675537109375
48,30.31751251220703
48,32.62980270385742
48,32.472415924072266
48,29.830596923828125
48,32.27590560913086
48,23.690380096435547
48,27.05774688720703
48,32.87790298461914
48,30.520994186401367
48,29.178030014038086
48,24.832914352416992
48,28.890153884887695
48,30.82139015197754
48,34.89436340332031
48,27.08196449279785
48,27.501007080078125
48,31.14134979248047
48,29.564016342163086
48,26.05316925048828
48,26.716581344604492
48,32.05380630493164
48,29.33363914489746
48,25.862337112426758
48,27.008907318115234
48,26.846200942993164
48,26.104820251464844
48,25.896854400634766
48,27.890180587768555
48,29.10149383544922
48,28.928892135620117
48,34.68935775756836
48,28.550256729125977
48,28.91689682006836
48,31.52349090576172
48,29.952899932861328
48,27.0799617767334
48,31.147483825683594
48,25.199201583862305
48,24.733488082885742
48,28.407394409179688
48,28.44017219543457
48,25.35074234008789
48,30.3187198638916
48,34.031227111816406
48,28.33637046813965
48,25.241525650024414
48,25.07101821899414
48,31.68828010559082
48,29.077234268188477
48,32.83565139770508
48,27.353227615356445
48,31.7701416015625
48,31.692880630493164
48,25.80845832824707
48,29.197128295898438
48,33.98641586303711
48,32.93370819091797
48,26.5835018157959
48,28.28129005432129
48,29.158140182495117
48,25.244659423828125
48,32.01836013793945
48,30.530017852783203
48,31.732440948486328
48,32.84812927246094
48,26.65367317199707
48,29.38336753845215
48,25.957164764404297
48,34.79004669189453
48,27.746124267578125
48,27.111316680908203
48,24.994096755981445
48,25.285293579101562
48,24.85094451904297
48,32.84105682373047
48,32.96587371826172
48,31.907867431640625
48,28.81215476989746
48,28.233930587768555
48,29.959678649902344
48,25.252729415893555
48,28.46757698059082
48,33.37714385986328
48,27.415428161621094
48,27.289548873901367
48,30.273818969726562
48,34.32466506958008
48,33.81565856933594
48,31.726608276367188
48,32.98644256591797
48,29.022539138793945
48,25.427391052246094
48,30.97051429748535
48,31.19140625
48,32.859466552734375
48,27.078163146972656
48,28.89740753173828
48,30.32614517211914
48,32.142242431640625
48,30.939624786376953
48,26.167606353759766
48,29.06490707397461
48,31.221834182739258
48,30.50711441040039
48,27.535797119140625
48,34.219581604003906
48,31.603466033935547
48,27.4925594329834
48,30.5708065032959
48,25.40999412536621
48,27.096675872802734
48,26.219860076904297
48,25.435758590698242
48,24.75240135192871
48,32.689483642578125
48,29.455886840820312
48,34.32499694824219
48,29.55797576904297
48,32.23261260986328
48,29.23621940612793
48,34.072547912597656
48,31.899648666381836
48,28.203275680541992
48,32.52307891845703
48,24.716291427612305
48,28.975709915161133
48,31.541109085083008
48,25.458816528320312
48,26.05270767211914
48,27.74058723449707
48,26.51007652282715
48,33.24728775024414
48,31.399913787841797
48,27.815200805664062
48,31.797792434692383
48,27.800500869750977
48,30.338594436645508
48,33.82994842529297
48,27.886472702026367
48,33.51215362548828
48,32.50126647949219
48,25.9956111907959
48,34.627986907958984
48,24.93705177307129
48,26.07196617126465
48,32.18019485473633
48,29.86081314086914
48,28.907394409179688
48,28.500843048095703
48,33.51609420776367
48,31.20330047607422
48,26.14493751525879
48,26.25761604309082
48,33.342384338378906
48,25.259571075439453
48,33.47003173828125
48,33.89517593383789
48,32.044960021972656
48,25.556425094604492
48,24.21613311767578
48,28.38600730895996
48,27.067825317382812
48,31.890243530273438
48,27.1319637298584
48,24.85780906677246
48,27.72331428527832
48,25.037778854370117
48,31.85177230834961
48,30.7014102935791
48,32.04708480834961
48,32.07835006713867
48,28.176429748535156
48,33.67144775390625
48,30.992198944091797
48,34.6370964050293
48,28.45965003967285
48,33.047306060791016
48,28.123519897460938
48,34.57696533203125
48,26.921361923217773
48,26.7161922454834
48,33.34501647949219
48,29.228336334228516
48,25.68421173095703
48,28.463945388793945
48,32.00807189941406
48,33.29833221435547
48,27.569894790649414
48,26.115629196166992
48,28.963775634765625
48,32.286678314208984
48,35.21519470214844
48,33.0643424987793
48,25.19511604309082
48,33.494056701660156
48,25.23980712890625
48,24.49701690673828
48,33.072261810302734
48,25.948213577270508
48,30.092206954956055
48,27.783279418945312
48,27.974300384521484
48,30.98767852783203
48,33.356082916259766
48,24.559099197387695
48,34.78036117553711
48,27.50514030456543
48,32.752689361572266
48,28.252216339111328
48,31.979066848754883
48,31.913372039794922
48,32.13368225097656
48,24.72977066040039
48,27.26072883605957
48,24.802173614501953
48,25.843076705932617
48,27.418689727783203
48,25.02584457397461
48,28.612533569335938
48,34.080745697021484
48,31.42103385925293
48,25.35761833190918
48,33.962074279785156
48,26.947507858276367
48,32.50659942626953
48,24.345733642578125
48,27.09324836730957
48,33.572723388671875
48,34.08686828613281
48,28.98256492614746
48,31.915361404418945
48,26.001453399658203
48,32.28537368774414
48,24.23855972290039
48,31.532739639282227
48,24.142379760742188
48,28.585163116455078
48,26.412174224853516
48,31.00707244873047
48,32.04133605957031
48,24.168243408203125
48,31.45871353149414
48,32.11891555786133
48,34.229312896728516
48,28.681373596191406
48,28.031461715698242
48,28.194238662719727
48,34.983795166015625
48,27.706459045410156
48,25.060945510864258
48,33.79876708984375
48,33.98185348510742
48,28.257221221923828
48,26.743427276611328
48,24.58831214904785
48,28.23413848876953
48,30.269149780273438
48,32.152549743652344
48,28.25163459777832
48,29.874174118041992
48,26.052879333496094
48,31.04984474182129
48,33.78285598754883
48,27.089265823364258
48,34.537872314453125
48,28.739662170410156
48,26.746957778930664
48,27.56859588623047
48,32.48705291748047
48,33.500431060791016
48,31.010276794433594
48,32.79186248779297
48,27.357454299926758
48,24.868709564208984
48,29.774696350097656
48,26.51675033569336
48,32.0167121887207
48,32.17424011230469
48,30.90410804748535
48,31.72062873840332
48,27.874122619628906
48,31.148984909057617
48,27.21154022216797
48,32.449188232421875
48,29.263795852661133
48,31.034780502319336
48,31.188318252563477
48,23.6389102935791
48,31.231712341308594
48,23.49883270263672
48,30.745563507080078
48,31.662181854248047
48,26.215360641479492
48,29.82839012145996
48,32.30002212524414
48,30.240755081176758
48,31.121566772460938
48,25.988990783691406
48,31.887624740600586
48,25.436542510986328
48,33.018028259277344
48,31.524677276611328
48,26.915082931518555
48,25.11981964111328
48,27.453847885131836
48,29.37214469909668
48,31.61825942993164
48,29.996253967285156
48,28.1826114654541
48,30.67154884338379
48,31.90146827697754
48,27.243112564086914
48,24.07327651977539
48,34.228187561035156
48,29.34784698486328
48,28.946468353271484
48,30.178625106811523
48,28.88167381286621
48,32.29446792602539
48,28.93686866760254
48,31.08475112915039
48,32.21974182128906
48,25.823204040527344
48,27.427492141723633
48,33.442970275878906
48,33.84029006958008
48,30.481796264648438
48,27.255517959594727
48,27.643083572387695
48,30.79399299621582
48,24.5111026763916
48,31.212871551513672
48,27.972497940063477
48,25.263254165649414
48,33.030799865722656
48,32.594482421875
48,26.014986038208008
48,29.867706298828125
48,31.34894561767578
48,33.00684356689453
48,27.62282371520996
48,27.695070266723633
48,29.270597457885742
48,26.59615135192871
48,24.203495025634766
48,32.5870361328125
48,28.088457107543945
48,29.98955535888672
48,36.79772186279297
48,31.5291805267334
48,27.994644165039062
48,25.437929153442383
48,27.081974029541016
48,24.07193946838379
48,31.730178833007812
48,30.752410888671875
48,29.08499526977539
48,28.945688247680664
48,25.93743324279785
48,24.684532165527344
48,25.926485061645508
48,27.24666404724121
48,25.710134506225586
48,29.522994995117188
48,29.0703067779541
48,30.53500747680664
48,31.454179763793945
48,24.357154846191406
48,33.045166015625
48,30.475547790527344
48,32.47419357299805
48,31.581575393676758
48,28.659690856933594
48,34.176063537597656
48,28.607908248901367
48,30.30691909790039
48,32.325889587402344
48,33.08070373535156
48,28.99833869934082
48,30.292585372924805
48,33.48748779296875
48,29.34678077697754
48,31.204395294189453
48,34.162635803222656
48,24.990968704223633
48,25.48831558227539
48,29.676517486572266
48,32.603450775146484
48,30.89352798461914
48,25.365148544311523
48,27.76353645324707
48,28.560789108276367
48,30.120363235473633
48,27.80411148071289
48,33.50005340576172
48,33.55194854736328
48,26.256629943847656
48,29.519237518310547
48,28.777873992919922
48,28.852420806884766
48,28.978832244873047
48,24.216203689575195
48,32.62638854980469
48,27.06594467163086
48,30.030582427978516
48,29.284866333007812
48,26.844100952148438
48,33.69148635864258
48,33.0694465637207
48,25.25749969482422
48,27.445323944091797
48,30.953763961791992
48,28.522552490234375
48,31.846202850341797
48,34.21444320678711
48,31.438417434692383
48,30.92814826965332
48,31.118003845214844
48,31.501096725463867
48,33.247623443603516
48,32.07309341430664
48,33.7360954284668
48,25.706512451171875
48,28.558353424072266
48,30.702754974365234
48,32.97022247314453
48,25.71896743774414
48,33.12785720825195
48,23.680572509765625
48,27.904293060302734
48,29.057785034179688
48,33.35541534423828
48,23.667938232421875
48,33.88949966430664
48,31.30124282836914
48,24.95718765258789
48,32.45028305053711
48,30.5682315826416
48,24.798009872436523
48,32.882301330566406
48,33.44560623168945
48,28.22283172607422
48,27.517147064208984
48,32.46474838256836
48,28.828006744384766
48,27.479394912719727
48,31.84980010986328
48,34.07346725463867
48,32.221343994140625
48,26.242435455322266
48,33.27235794067383
48,33.026939392089844
48,26.90704345703125
48,24.806110382080078
48,24.48578453063965
48,30.03643226623535
48,24.652931213378906
48,26.70667839050293
48,30.00678253173828
48,25.10150909423828
48,32.301368713378906
48,29.143667221069336
48,26.897628784179688
48,28.24671745300293
48,33.09113311767578
48,32.96925354003906
48,31.1763973236084
48,24.563596725463867
48,29.195280075073242
48,27.377222061157227
48,27.719335556030273
48,31.436376571655273
48,33.186500549316406
48,28.04239273071289
48,32.62535858154297
48,26.089929580688477
48,24.918659210205078
48,28.453292846679688
48,28.070541381835938
48,27.69588279724121
48,30.162193298339844
48,27.992149353027344
48,27.636978149414062
48,24.191368103027344
48,25.50556182861328
48,32.76585388183594
48,25.501821517944336
48,25.151660919189453
48,24.74528694152832
48,29.705408096313477
48,33.2515869140625
48,24.711008071899414
48,24.266334533691406
48,26.25299072265625
48,32.300140380859375
48,29.392866134643555
48,28.608749389648438
48,32.22539520263672
48,28.704221725463867
48,29.34508514404297
48,27.352310180664062
48,27.26951789855957
48,32.283206939697266
48,25.271074295043945
48,28.54987907409668
48,26.907711029052734
48,27.57316780090332
48,29.856252670288086
48,25.296228408813477
48,26.588741302490234
48,33.36764144897461
48,30.112926483154297
48,28.58694076538086
48,27.914249420166016
48,26.28851318359375
48,23.99782943725586
48,32.29465103149414
48,25.448457717895508
48,28.658245086669922
48,34.49871063232422
48,32.129791259765625
48,24.25609588623047
48,25.150529861450195
48,28.20897102355957
48,32.858280181884766
48,34.00003433227539
48,31.739099502563477
48,30.981159210205078
48,33.73221206665039
48,26.89893341064453
48,34.61956024169922
48,26.067218780517578
48,25.608352661132812
48,31.614755630493164
48,32.07151794433594
48,30.24443244934082
48,29.1895751953125
48,25.00950813293457
48,26.724756240844727
48,28.455440521240234
48,31.703079223632812
48,27.18513298034668
48,26.84250831604004
48,31.864336013793945
48,25.357484817504883
48,31.629695892333984
48,28.603757858276367
48,30.32655143737793
48,24.47587013244629
48,27.970233917236328
48,30.32453727722168
48,29.831497192382812
48,27.84649085998535
48,25.029930114746094
48,27.58772850036621
48,25.6639461517334
48,31.15589141845703
48,33.11289978027344
48,26.83599090576172
48,32.915679931640625
48,31.965120315551758
48,24.44615936279297
48,31.251461029052734
48,33.9266242980957
48,26.973554611206055
48,26.899677276611328
48,31.919462203979492
48,33.766357421875
48,34.57664108276367
48,27.017183303833008
48,31.95942497253418
48,30.881534576416016
48,24.525510787963867
48,26.983715057373047
48,26.167388916015625
48,30.65239143371582
48,28.48886489868164
48,29.791248321533203
48,27.304426193237305
48,25.801429748535156
48,29.358644485473633
48,33.08382034301758
48,26.150836944580078
48,33.1950798034668
48,29.470359802246094
48,27.253267288208008
48,29.923826217651367
48,28.11409568786621
48,33.94557189941406
48,24.780786514282227
48,32.84328079223633
48,26.795244216918945
48,28.648828506469727
48,30.806062698364258
48,28.39433479309082
48,31.611858367919922
48,32.602691650390625
48,29.04691505432129
48,31.110496520996094
48,29.317596435546875
48,27.62073516845703
48,25.327096939086914
48,28.157533645629883
48,24.738361358642578
48,31.207027435302734
48,25.477502822875977
48,34.670372009277344
48,24.331758499145508
48,30.281400680541992
48,26.16952133178711
48,30.848356246948242
48,33.33462142944336
48,26.3670654296875
48,33.64183807373047
48,24.736156463623047
48,33.10338592529297
48,25.200965881347656
48,31.89170265197754
48,28.293170928955078
48,31.466907501220703
48,32.92390441894531
48,32.19468307495117
48,32.816017150878906
48,30.563987731933594
48,27.152172088623047
48,33.306175231933594
48,26.95572280883789
48,26.67240333557129
48,30.894088745117188
48,26.637466430664062
48,26.438953399658203
48,29.92426872253418
48,24.598270416259766
48,30.508548736572266
48,24.569156646728516
48,36.316558837890625
48,33.52030944824219
48,27.667198181152344
48,29.163894653320312
48,33.35243225097656
48,34.1645393371582
48,26.802898406982422
48,25.386829376220703
48,27.642333984375
48,30.00771713256836
48,21.87212371826172
48,31.779125213623047
48,32.206787109375
48,25.49173927307129
48,29.305007934570312
48,26.030086517333984
48,24.74591636657715
48,30.444046020507812
48,32.702327728271484
48,30.176136016845703
48,33.93321228027344
48,31.620527267456055
48,28.188289642333984
48,28.358943939208984
48,32.850738525390625
48,29.940420150756836
48,26.55874252319336
48,26.885465621948242
48,31.90229606628418
48,28.716751098632812
48,28.53211212158203
48,26.185596466064453
48,28.1039981842041
48,29.637346267700195
48,29.122386932373047
48,25.701295852661133
48,32.30910873413086
48,29.213502883911133
48,27.279813766479492
48,29.594865798950195
48,28.066450119018555
48,32.72314453125
48,33.78437042236328
48,33.039920806884766
48,25.816347122192383
48,25.079246520996094
48,32.18107986450195
48,24.738666534423828
48,24.417339324951172
48,26.470149993896484
48,26.041748046875
48,33.082611083984375
48,30.420820236206055
48,33.55557632446289
48,31.15230941772461
48,29.68354606628418
48,31.489980697631836
48,29.851573944091797
48,29.55080795288086
48,30.621688842773438
48,28.43739128112793
48,27.511245727539062
48,32.4090576171875
48,25.885316848754883
48,24.88469886779785
48,32.762176513671875
48,24.071910858154297
48,30.430479049682617
48,27.764158248901367
48,35.12216567993164
48,25.646657943725586
48,28.42516326904297
48,28.941984176635742
48,32.593082427978516
48,29.430477142333984
48,25.803150177001953
48,34.202537536621094
48,28.135868072509766
48,27.778528213500977
48,32.30916976928711
48,25.338661193847656
48,25.880550384521484
48,33.45491409301758
48,31.49666976928711
48,27.879741668701172
48,33.21000671386719
48,34.184383392333984
48,32.33823013305664
48,25.6069393157959
48,32.98845672607422
48,32.89569091796875
48,33.141014099121094
48,28.626632690429688
48,32.94197463989258
48,30.47956657409668
48,33.71044921875
48,28.034137725830078
48,29.53226089477539
48,32.65607833862305
48,31.87395477294922
48,27.778568267822266
48,33.167850494384766
48,33.610504150390625
48,26.736408233642578
48,28.259031295776367
48,29.692235946655273
48,27.801067352294922
48,32.81740188598633
48,24.546857833862305
48,34.499610900878906
48,27.512264251708984
48,30.347854614257812
48,25.31479835510254
48,30.37883758544922
48,30.358810424804688
48,25.951623916625977
48,28.28015899658203
48,29.368701934814453
48,27.620546340942383
48,32.09371566772461
48,32.918052673339844
48,30.344383239746094
48,28.362489700317383
48,25.513442993164062
48,33.75239944458008
48,27.268892288208008
48,31.43585777282715
48,33.559078216552734
48,32.67320251464844
48,28.071136474609375
48,25.078384399414062
48,27.149518966674805
48,33.866695404052734
48,31.513811111450195
48,31.40706443786621
48,32.2444953918457
48,29.995128631591797
48,29.959047317504883
48,31.24566078186035
48,28.83181381225586
48,27.06216812133789
48,28.370132446289062
48,31.077491760253906
48,28.1104736328125
48,25.154415130615234
48,23.631752014160156
48,27.592424392700195
48,25.759428024291992
48,33.037025451660156
48,26.03029441833496
48,32.37990951538086
48,29.45664405822754
48,26.698062896728516
48,24.620410919189453
48,24.584426879882812
48,32.462745666503906
48,29.559289932250977
48,33.75515365600586
48,29.750261306762695
48,29.892148971557617
48,31.98080825805664
48,29.296228408813477
48,25.05411148071289
48,30.113162994384766
48,28.83301544189453
48,23.101905822753906
48,28.83502197265625
48,28.69239044189453
48,27.38234519958496
48,29.179201126098633
48,26.52772331237793
48,25.312644958496094
48,25.44489097595215
48,25.228466033935547
48,24.450260162353516
48,26.933914184570312
48,29.362533569335938
48,26.13239288330078
48,30.450817108154297
48,33.532257080078125
48,27.312454223632812
48,29.991708755493164
48,30.399587631225586
48,24.860389709472656
48,32.17343521118164
48,33.213321685791016
48,34.04621124267578
48,24.368364334106445
48,29.567007064819336
48,26.341533660888672
48,31.53561782836914
48,24.101707458496094
48,28.34716796875
48,28.75431251525879
48,29.10910415649414
48,31.876428604125977
48,32.868614196777344
48,32.152645111083984
48,28.88876724243164
48,27.00580596923828
48,25.902591705322266
48,24.39561653137207
48,31.134380340576172
48,29.764944076538086
48,28.21160125732422
48,26.424455642700195
48,25.916528701782227
48,24.768661499023438
48,27.787837982177734
48,32.306556701660156
48,32.33196258544922
48,26.538150787353516
48,33.13024139404297
48,28.94831085205078
48,25.152935028076172
48,28.258773803710938
48,27.447725296020508
48,34.97172546386719
48,25.817459106445312
48,26.48826789855957
48,34.1087646484375
48,30.817825317382812
48,29.160259246826172
48,28.34404182434082
48,29.581384658813477
48,28.38961410522461
48,27.3415470123291
48,26.800098419189453
48,26.931381225585938
48,29.737760543823242
48,31.081512451171875
48,28.81803321838379
48,33.70829772949219
48,29.15997314453125
48,31.666179656982422
48,24.70909881591797
48,29.032852172851562
48,28.582164764404297
48,25.444324493408203
48,24.407276153564453
48,27.63637351989746
48,29.515193939208984
48,31.9934024810791
48,33.452423095703125
48,32.31324005126953
48,28.931690216064453
48,33.641422271728516
48,32.31072998046875
48,33.290802001953125
48,32.63473892211914
48,24.61903953552246
48,28.642314910888672
48,28.84250259399414
48,28.163049697875977
48,25.975812911987305
48,28.759923934936523
48,35.121150970458984
48,30.65994644165039
48,33.826316833496094
48,29.265342712402344
48,27.710607528686523
48,27.48178482055664
48,33.20089340209961
48,28.379732131958008
48,34.52936553955078
48,32.7751579284668
48,25.09001922607422
48,32.38076400756836
48,25.570005416870117
48,28.03676986694336
48,23.215803146362305
48,26.747234344482422
48,28.0710391998291
48,27.934188842773438
48,32.79774475097656
48,28.875320434570312
48,24.40134048461914
48,34.13231658935547
48,24.88014030456543
48,25.127222061157227
48,28.042949676513672
48,25.251827239990234
48,31.82825469970703
48,26.924175262451172
48,31.395465850830078
48,24.693723678588867
48,33.78620147705078
48,25.80609893798828
48,30.32044792175293
48,26.937768936157227
48,28.162809371948242
48,24.906949996948242
48,28.138547897338867
48,27.67521858215332
48,27.178173065185547
48,27.82550811767578
48,27.548460006713867
48,34.132110595703125
48,25.701881408691406
48,29.041948318481445
48,32.55024719238281
48,33.52349853515625
48,25.51644515991211
48,30.036725997924805
48,29.4166259765625
48,25.138851165771484
48,31.14295768737793
48,32.254364013671875
48,27.040983200073242
48,29.102407455444336
48,24.608356475830078
48,28.433897018432617
48,30.05013656616211
48,28.976003646850586
48,30.19267463684082
48,24.605695724487305
48,34.28207778930664
48,26.45732879638672
48,29.387475967407227
48,28.02751350402832
48,27.903276443481445
48,33.15904998779297
48,33.6379280090332
48,33.94951629638672
48,26.878742218017578
48,33.575355529785156
48,24.624588012695312
48,30.745872497558594
48,35.51912307739258
48,27.26021385192871
48,30.946090698242188
48,24.491680145263672
48,33.27519607543945
48,29.165597915649414
48,26.485164642333984
48,28.20651626586914
48,30.982051849365234
48,30.359086990356445
48,28.0842342376709
48,27.19414520263672
48,25.081708908081055
48,33.21800994873047
48,30.904560089111328
48,33.1268310546875
48,27.017993927001953
48,33.714134216308594
48,27.098726272583008
48,28.227231979370117
48,26.84290313720703
48,32.956626892089844
48,33.51849365234375
48,34.3781852722168
48,29.116453170776367
48,24.607757568359375
48,28.658958435058594
48,30.06544303894043
48,24.81977081298828
48,24.6641902923584
48,26.079906463623047
48,23.738292694091797
48,32.972991943359375
48,27.02130889892578
48,30.623132705688477
48,27.50835609436035
48,27.183509826660156
48,27.875686645507812
48,28.163471221923828
48,28.89214324951172
48,28.508028030395508
48,25.586074829101562
48,31.297222137451172
48,24.130084991455078
48,31.97020721435547
48,29.971792221069336
48,26.94382095336914
48,25.461532592773438
48,25.628860473632812
48,24.499839782714844
48,30.18150520324707
48,33.79521942138672
48,32.059654235839844
48,27.086956024169922
48,27.303401947021484
48,33.17522430419922
48,28.684206008911133
48,26.66316795349121
48,26.40229606628418
48,28.753747940063477
48,32.40752410888672
48,25.029014587402344
48,29.487028121948242
48,25.168197631835938
48,24.536998748779297
48,27.898452758789062
48,27.92180633544922
48,28.69269371032715
48,33.734432220458984
48,25.814884185791016
48,28.76744842529297
48,32.69828796386719
48,34.32788848876953
48,23.55116081237793
48,30.734107971191406
48,32.18842315673828
48,26.204919815063477
48,33.00124740600586
48,27.016878128051758
48,26.3436222076416
48,28.533971786499023
48,23.50261688232422
48,27.82325553894043
48,31.293132781982422
48,26.75300407409668
48,31.338390350341797
48,27.03167152404785
48,33.70432662963867
48,32.92621612548828
48,25.926748275756836
48,27.969409942626953
48,32.13746643066406
48,26.58542251586914
48,26.088655471801758
48,35.82088851928711
48,32.25627136230469
48,32.658843994140625
48,29.2236385345459
48,25.40968894958496
48,33.06450271606445
48,31.645626068115234
48,29.774742126464844
48,31.454124450683594
48,28.703842163085938
48,29.05727195739746
48,27.624433517456055
48,29.434814453125
48,33.11506652832031
48,35.01329803466797
48,29.866214752197266
48,31.64340591430664
48,33.6603889465332
48,24.741540908813477
48,26.085580825805664
48,26.507774353027344
48,27.552963256835938
48,24.74430274963379
48,24.762393951416016
48,33.31159591674805
48,26.31944465637207
48,32.44266128540039
48,33.01029968261719
48,24.386323928833008
48,25.56459617614746
48,30.642967224121094
48,24.80806541442871
48,32.87779998779297
48,25.829492568969727
48,34.51642608642578
48,28.832298278808594
48,30.766460418701172
48,32.490211486816406
48,26.419477462768555
48,28.3972110748291
48,28.201364517211914
48,25.087244033813477
48,25.15753936767578
48,27.475244522094727
48,25.711795806884766
48,25.020015716552734
48,33.34418487548828
48,29.21065330505371
48,29.16495704650879
48,29.875648498535156
48,33.473793029785156
48,33.34566116333008
48,28.090829849243164
48,28.262348175048828
48,28.06229019165039
48,25.298309326171875
48,27.86917495727539
48,28.323030471801758
48,29.022357940673828
48,30.052505493164062
48,27.131643295288086
48,25.39574432373047
48,25.33781623840332
48,30.33913230895996
48,29.249357223510742
48,29.770540237426758
48,24.65041160583496
48,28.591690063476562
48,25.96698570251465
48,28.385189056396484
48,29.228919982910156
48,28.24024772644043
48,25.363285064697266
48,31.667552947998047
48,31.49650764465332
48,25.425491333007812
48,29.302078247070312
48,32.961246490478516
48,30.700571060180664
48,31.369356155395508
48,29.143341064453125
48,28.231943130493164
48,29.241355895996094
48,27.517822265625
48,32.56733322143555
48,32.20394515991211
48,32.514644622802734
48,30.888473510742188
48,33.28732681274414
48,34.889469146728516
48,33.94749069213867
48,31.63810920715332
48,34.12607955932617
48,24.476743698120117
48,27.840442657470703
48,33.48551940917969
48,26.38958740234375
48,29.159446716308594
48,31.397361755371094
48,32.30475997924805
48,33.7203254699707
48,32.415382385253906
48,33.43231964111328
48,32.80561828613281
48,30.731630325317383
48,32.090492248535156
48,27.455663681030273
48,28.633073806762695
48,23.57695198059082
48,27.598981857299805
48,23.91538429260254
48,26.62224769592285
48,33.11366653442383
48,27.98316764831543
48,27.4106388092041
48,33.10315704345703
48,24.888137817382812
48,35.214744567871094
48,28.37218475341797
48,26.655563354492188
48,32.481048583984375
48,30.671001434326172
48,27.872648239135742
48,28.42939567565918
48,26.17949867248535
48,24.59284782409668
48,33.152099609375
48,24.559349060058594
48,31.59649085998535
48,34.401702880859375
48,31.125892639160156
48,28.6310977935791
48,32.954349517822266
48,25.36932945251465
48,33.09740447998047
48,33.81501007080078
48,25.273571014404297
48,32.58007049560547
48,27.380590438842773
48,25.83493995666504
48,25.62287139892578
48,27.113866806030273
48,34.28779220581055
48,30.76806640625
48,35.22451400756836
48,32.44340133666992
48,32.85486602783203
48,33.13044357299805
48,30.476036071777344
48,31.468578338623047
48,26.206226348876953
48,26.669330596923828
48,29.678468704223633
48,32.40840530395508
48,24.065105438232422
48,29.670543670654297
48,28.94256019592285
48,33.94011688232422
48,29.063186645507812
48,28.843502044677734
48,28.560880661010742
48,32.55830383300781
48,34.38731384277344
48,27.20130729675293
48,29.104816436767578
48,27.248157501220703
48,24.14678955078125
48,31.929086685180664
48,28.672983169555664
48,24.668882369995117
48,28.441368103027344
48,25.86532211303711
48,29.165884017944336
48,24.707307815551758
48,34.22907638549805
48,32.93363952636719
48,26.61330223083496
48,26.99083137512207
48,34.836483001708984
48,28.332799911499023
48,28.943679809570312
48,28.926889419555664
48,32.24363327026367
48,31.308670043945312
48,29.331754684448242
48,25.436580657958984
48,33.12404251098633
48,29.436168670654297
48,28.400802612304688
48,33.42393493652344
48,31.415796279907227
48,24.9999942779541
48,29.98676109313965
48,25.764163970947266
48,27.623157501220703
48,30.991853713989258
48,33.466861724853516
48,33.831111907958984
48,28.357227325439453
48,30.65172576904297
48,32.242340087890625
48,24.923826217651367
48,33.6616325378418
48,24.562856674194336
48,25.05437469482422
48,27.90226936340332
48,29.197036743164062
48,34.16980743408203
48,24.368135452270508
48,27.32931137084961
48,26.64471435546875
48,25.58111572265625
48,26.2031192779541
48,28.75410270690918
48,26.617374420166016
48,32.37458419799805
48,28.45791244506836
48,29.62154197692871
48,25.35428810119629
48,32.3590087890625
48,33.69346618652344
48,24.361572265625
48,29.492158889770508
48,30.12476921081543
48,26.736570358276367
48,32.38998794555664
48,32.25116729736328
48,27.537803649902344
48,32.07006072998047
48,27.491758346557617
48,29.700716018676758
48,27.473125457763672
48,31.753755569458008
48,31.096513748168945
48,24.455902099609375
48,31.725400924682617
48,25.961280822753906
48,24.500747680664062
48,29.4952449798584
48,24.239580154418945
48,26.952821731567383
48,30.532081604003906
48,25.16323471069336
48,30.869958877563477
48,29.186416625976562
48,26.90975570678711
48,33.63450622558594
48,31.297447204589844
48,33.60932159423828
48,26.577306747436523
48,23.099151611328125
48,28.152936935424805
48,32.30194091796875
48,36.87563705444336
48,32.124019622802734
48,31.749608993530273
48,25.778766632080078
48,27.300485610961914
48,30.538639068603516
48,28.0538387298584
48,33.434513092041016
48,28.667293548583984
48,30.16721534729004
48,31.170074462890625
48,27.615394592285156
48,29.281850814819336
48,33.21299743652344
48,33.4090461730957
48,23.70322036743164
48,25.53253936767578
48,25.569644927978516
48,33.23172378540039
48,33.35291290283203
48,27.543020248413086
48,25.432531356811523
48,28.700298309326172
48,28.868593215942383
48,26.965961456298828
48,31.73165512084961
48,33.77901840209961
48,34.297088623046875
48,25.138517379760742
48,33.678375244140625
48,31.375272750854492
48,24.49498176574707
48,26.121084213256836
48,32.879554748535156
48,27.884607315063477
48,30.135122299194336
48,28.353527069091797
48,32.558982849121094
48,30.439861297607422
48,26.178516387939453
48,31.00798797607422
48,24.993898391723633
48,26.3011474609375
48,28.87917137145996
48,26.708511352539062
48,23.651432037353516
48,26.9344482421875
48,25.933006286621094
48,29.84792137145996
48,33.33198928833008
48,23.48489761352539
48,31.43153190612793
48,28.771575927734375
48,24.838815689086914
48,29.883390426635742
48,31.139751434326172
48,32.27114486694336
48,28.64154052734375
48,29.42144775390625
48,34.005210876464844
48,27.007347106933594
48,25.378211975097656
48,30.088167190551758
48,31.42080307006836
48,32.71833801269531
48,24.640018463134766
48,30.02617835998535
48,28.21491241455078
48,29.638212203979492
48,25.035627365112305
48,27.50562286376953
48,33.9254264831543
48,32.65537643432617
48,33.4959602355957
48,24.27644157409668
48,32.84202194213867
48,30.20362091064453
48,25.40923309326172
48,26.649883270263672
48,34.33271026611328
48,30.3310604095459
48,31.07837677001953
48,30.539648056030273
48,28.32061195373535
48,24.32721519470215
48,34.80887985229492
48,28.751005172729492
48,32.1748046875
48,33.95439910888672
48,33.45262145996094
48,24.8165283203125
48,34.28173065185547
48,32.48930358886719
48,25.412391662597656
48,27.413476943969727
48,33.60643768310547
48,32.72201156616211
48,30.5945987701416
48,27.00470542907715
48,32.010162353515625
48,25.870807647705078
48,35.3478889465332
48,32.09426498413086
48,24.95388412475586
48,31.27788734436035
48,30.67654800415039
48,32.627838134765625
48,29.3972225189209
48,32.4221305847168
48,29.856409072875977
48,32.852169036865234
48,33.821292877197266
48,30.101831436157227
48,24.65943717956543
48,29.16718101501465
48,31.828327178955078
48,23.82758140563965
48,32.985870361328125
48,31.42333984375
48,27.188188552856445
48,29.375568389892578
48,32.13422393798828
48,31.8603458404541
48,36.141395568847656
48,25.487348556518555
48,27.08837127685547
48,24.65007781982422
48,32.1416130065918
48,26.18910026550293
48,29.476795196533203
48,31.352210998535156
48,28.052719116210938
48,32.92314529418945
48,30.1776180267334
48,24.517026901245117
48,33.01370620727539
48,27.958189010620117
48,27.53179931640625
48,27.179912567138672
48,28.782926559448242
48,29.866304397583008
48,34.73695373535156
48,30.389314651489258
48,32.03912353515625
48,35.03961944580078
48,35.582679748535156
48,32.517059326171875
48,26.37887191772461
48,25.65622901916504
48,31.190784454345703
48,24.056461334228516
48,30.28257179260254
48,24.590652465820312
48,28.027908325195312
48,23.805879592895508
48,25.61492347717285
48,26.9840145111084
48,34.4940071105957
48,24.533864974975586
48,28.459861755371094
48,32.826229095458984
48,29.46381187438965
48,29.441173553466797
48,29.903318405151367
48,27.07475471496582
48,25.37981605529785
48,29.599279403686523
48,32.974388122558594
48,33.385623931884766
48,26.962831497192383
48,33.18610382080078
48,28.864015579223633
48,27.479616165161133
48,32.08086013793945
48,30.99120330810547
48,33.313446044921875
48,29.12260627746582
48,31.251684188842773
48,27.28357696533203
48,24.027204513549805
48,30.373241424560547
48,31.97264289855957
48,33.37930679321289
48,33.72588348388672
48,27.86600112915039
48,26.922151565551758
48,31.590412139892578
48,28.742774963378906
48,32.07562255859375
48,27.113283157348633
48,33.855587005615234
48,30.78819465637207
48,27.69529914855957
48,26.51572608947754
48,27.497112274169922
48,29.063213348388672
48,29.610679626464844
48,24.274112701416016
48,32.450164794921875
48,28.57747459411621
48,34.37450408935547
48,24.593868255615234
48,28.469430923461914
48,31.105886459350586
48,23.050870895385742
48,24.62282943725586
48,28.446239471435547
48,25.957061767578125
48,32.82249069213867
48,32.266326904296875
48,34.128150939941406
48,26.82007598876953
48,33.47371292114258
48,31.43182373046875
48,33.92805862426758
48,34.57600784301758
48,33.01287841796875
48,27.79230308532715
48,26.155975341796875
48,28.939638137817383
48,33.214359283447266
48,33.358497619628906
48,28.314849853515625
48,25.14189910888672
48,25.054353713989258
48,32.39067840576172
48,30.722061157226562
48,35.35467529296875
48,27.539749145507812
48,25.055261611938477
48,29.591190338134766
48,26.376728057861328
48,27.551204681396484
48,29.008670806884766
48,25.307096481323242
48,34.33343505859375
48,29.329227447509766
48,33.45780563354492
48,32.97557067871094
48,24.86930274963379
48,30.630233764648438
48,29.29857063293457
48,26.891435623168945
48,28.226486206054688
48,24.84561538696289
48,29.94017791748047
48,31.16153335571289
48,26.380990982055664
48,29.032127380371094
48,30.688568115234375
48,24.083715438842773
48,27.195810317993164
48,34.852333068847656
48,32.78084945678711
48,27.97654914855957
48,29.02297592163086
48,26.98211097717285
48,27.811235427856445
48,33.06278610229492
48,27.261220932006836
48,26.60116958618164
48,34.95782470703125
48,34.383453369140625
48,29.918153762817383
48,32.31964874267578
48,29.05811882019043
48,25.8155517578125
48,24.574270248413086
48,30.108993530273438
48,28.903865814208984
48,27.549898147583008
48,30.903059005737305
48,24.905902862548828
48,24.900169372558594
48,33.80965805053711
48,33.579444885253906
48,28.282835006713867
48,31.920455932617188
48,29.419828414916992
48,27.585124969482422
48,29.06966781616211
48,27.018373489379883
48,30.735380172729492
48,27.66266441345215
48,23.52783966064453
48,32.087669372558594
48,26.436538696289062
48,31.61046028137207
48,31.60544204711914
48,31.44692611694336
48,29.68091583251953
48,25.666595458984375
48,25.697790145874023
48,25.763046264648438
48,30.28839111328125
48,30.29044532775879
48,27.43982696533203
48,32.44179153442383
48,26.78806495666504
48,33.947383880615234
48,26.078826904296875
48,31.111167907714844
48,28.71202850341797
48,30.858137130737305
48,30.81415367126465
48,27.566720962524414
48,27.889389038085938
48,34.27607345581055
48,30.61149787902832
48,32.85635757446289
48,27.925140380859375
48,29.42621612548828
48,24.295143127441406
48,33.08056640625
48,30.365705490112305
48,32.18687438964844
48,29.138574600219727
48,32.41803741455078
48,24.331466674804688
48,32.734256744384766
48,25.880756378173828
48,29.853267669677734
48,24.427244186401367
48,29.177106857299805
48,24.179574966430664
48,31.219078063964844
48,28.185468673706055
48,25.800212860107422
48,26.887060165405273
48,32.152732849121094
48,25.086780548095703
48,27.07661247253418
48,26.75458526611328
48,32.97576904296875
48,28.899911880493164
48,25.780534744262695
48,24.41382598876953
48,26.298370361328125
48,32.358646392822266
48,30.07466697692871
48,32.557010650634766
48,28.72005844116211
48,31.20463752746582
48,32.02793884277344
48,30.06773567199707
48,29.499357223510742
48,27.185693740844727
48,30.6323184967041
48,26.942745208740234
48,28.075834274291992
48,27.877384185791016
48,27.351280212402344
48,27.873119354248047
48,34.191776275634766
48,32.121543884277344
48,23.8355712890625
48,29.68224334716797
48,32.319026947021484
48,25.484094619750977
48,24.41972541809082
48,26.08884048461914
48,25.192584991455078
48,24.833072662353516
48,28.82663345336914
48,23.995330810546875
48,30.051233291625977
48,28.465913772583008
48,30.664243698120117
48,33.123435974121094
48,25.20763397216797
48,26.421152114868164
48,35.593360900878906
48,31.02376937866211
48,31.793697357177734
48,33.80510711669922
48,24.06667709350586
48,29.02283477783203
48,25.188291549682617
48,27.90453338623047
48,32.5245475769043
48,27.525968551635742
48,30.48592185974121
48,26.8975772857666
48,33.66127014160156
48,35.744571685791016
48,27.494749069213867
48,29.087129592895508
48,27.015384674072266
48,27.998716354370117
48,27.327760696411133
48,28.58829689025879
48,31.540218353271484
48,30.281370162963867
48,26.662019729614258
48,29.732847213745117
48,28.334667205810547
48,32.27983856201172
48,32.85181427001953
48,27.59723472595215
48,31.137014389038086
48,29.85047721862793
48,35.202667236328125
48,32.03990173339844
48,30.925037384033203
48,31.589248657226562
48,27.962238311767578
48,34.395626068115234
48,25.287015914916992
48,27.617868423461914
48,28.18584632873535
48,32.4833869934082
48,29.367319107055664
48,26.815406799316406
48,24.800111770629883
48,24.9591064453125
48,25.108266830444336
48,27.723962783813477
48,30.662967681884766
48,31.554058074951172
48,29.325572967529297
48,25.9434871673584
48,30.648759841918945
48,26.69877052307129
48,24.28306770324707
48,30.457305908203125
48,30.97389030456543
48,25.932758331298828
48,27.415019989013672
48,31.085847854614258
48,26.13374900817871
48,32.64315414428711
48,26.61004066467285
48,32.87580108642578
48,33.63746643066406
48,32.64931106567383
48,32.20164108276367
48,26.46971893310547
48,34.33091735839844
48,26.438087463378906
48,32.88722610473633
48,33.20396041870117
48,31.29668426513672
48,29.372650146484375
48,31.403108596801758
48,24.667795181274414
48,32.688724517822266
48,32.45322036743164
48,34.089935302734375
48,28.309951782226562
48,32.87376403808594
48,28.721574783325195
48,26.04285430908203
48,31.809001922607422
48,28.340614318847656
48,31.21147918701172
48,28.49333381652832
48,26.530363082885742
48,32.00202560424805
48,24.38813018798828
48,27.41025733947754
48,25.209613800048828
48,31.29706573486328
48,29.295364379882812
48,33.14064025878906
48,28.348344802856445
48,24.92313003540039
48,27.442718505859375
48,26.885404586791992
48,27.102798461914062
48,26.433977127075195
48,25.15019416809082
48,28.509916305541992
48,31.901403427124023
48,32.41049575805664
48,25.226299285888672
48,27.975189208984375
48,26.187808990478516
48,32.72914123535156
48,30.933584213256836
48,32.86451721191406
48,26.918455123901367
48,27.189794540405273
48,27.118728637695312
48,32.64899826049805
48,32.19701385498047
48,31.389663696289062
48,24.893024444580078
48,27.435672760009766
48,32.52661895751953
48,34.81932067871094
48,28.075151443481445
48,28.761550903320312
48,28.233806610107422
48,31.64775848388672
48,29.020368576049805
48,25.620336532592773
48,27.233543395996094
48,23.69210433959961
48,28.751066207885742
48,27.015003204345703
48,31.019832611083984
48,26.022924423217773
48,34.72056198120117
48,24.424379348754883
48,25.308486938476562
48,26.370214462280273
48,28.042333602905273
48,26.688968658447266
48,28.644025802612305
48,25.24309539794922
48,29.24526023864746
48,30.23925018310547
48,29.778581619262695
48,30.366710662841797
48,26.445287704467773
48,33.021060943603516
48,24.25929069519043
48,27.90550422668457
48,26.887027740478516
48,25.17317008972168
48,33.459617614746094
48,31.83842658996582
48,27.750112533569336
48,30.990163803100586
48,27.74686050415039
48,33.297760009765625
48,26.8820858001709
48,30.247407913208008
48,27.19492530822754
48,28.89253807067871
48,26.947397232055664
48,29.749675750732422
48,30.18752670288086
48,27.879610061645508
48,31.348297119140625
48,29.778522491455078
48,24.349443435668945
48,30.961103439331055
48,33.81490707397461
48,31.894134521484375
48,32.20473098754883
48,27.02143096923828
48,25.754924774169922
48,25.053678512573242
48,27.36155128479004
48,32.817359924316406
48,33.01112747192383
48,27.913463592529297
48,27.64532470703125
48,34.789451599121094
48,31.42643165588379
48,31.64398956298828
48,31.322223663330078
48,27.229774475097656
48,29.9140567779541
48,33.51185989379883
48,31.732460021972656
48,25.10237693786621
48,31.198083877563477
48,28.6527156829834
48,25.5527400970459
48,33.223941802978516
48,23.185989379882812
48,31.799610137939453
48,29.352754592895508
48,25.40507698059082
48,25.785730361938477
48,28.97307014465332
48,29.43973159790039
48,27.426467895507812
48,24.365020751953125
48,27.569561004638672
48,29.970264434814453
48,30.630889892578125
48,29.485492706298828
48,24.400819778442383
48,30.876163482666016
48,33.61284255981445
48,31.233474731445312
48,25.3006534576416
48,26.603307723999023
48,28.234914779663086
48,31.12000274658203
48,24.24905776977539
48,26.281770706176758
48,34.721107482910156
48,27.906312942504883
48,30.771162033081055
48,32.93559265136719
48,28.786836624145508
48,34.06867218017578
48,25.90151023864746
48,28.183387756347656
48,31.87415313720703
48,32.306427001953125
48,25.111778259277344
48,31.126544952392578
48,29.52077293395996
48,29.31061363220215
48,26.823482513427734
48,31.654422760009766
48,28.95551109313965
48,32.7387809753418
48,33.18507766723633
48,33.06243896484375
48,28.808475494384766
48,27.44515037536621
48,31.088825225830078
48,27.869504928588867
48,30.746685028076172
48,29.3880615234375
48,30.13094711303711
48,28.578752517700195
48,27.30004119873047
48,34.07255172729492
48,26.873653411865234
48,28.614582061767578
48,24.79654312133789
48,33.18504333496094
48,32.5704231262207
48,33.88658142089844
48,33.83222198486328
48,31.698944091796875
48,33.5340461730957
48,26.807239532470703
48,29.647789001464844
48,30.46373176574707
48,28.27196502685547
48,32.455833435058594
48,26.549463272094727
48,24.25162696838379
48,34.83958435058594
48,30.250417709350586
48,33.14142990112305
48,33.40626525878906
48,29.93313217163086
48,24.438312530517578
48,26.9757080078125
48,32.18009567260742
48,29.89400863647461
48,27.154415130615234
48,30.553752899169922
48,29.42163848876953
48,29.061973571777344
48,32.07015609741211
48,25.46100616455078
48,31.785076141357422
48,32.43853759765625
48,32.59832000732422
48,33.67658233642578
48,36.28302764892578
48,25.157081604003906
48,26.28668785095215
48,28.011577606201172
48,33.45874786376953
48,32.63663101196289
48,28.54114532470703
48,31.28301429748535
48,29.275545120239258
48,26.57662582397461
48,35.009700775146484
48,31.327051162719727
48,31.3315372467041
48,27.806720733642578
48,25.207317352294922
48,27.95857048034668
48,28.875293731689453
48,25.962162017822266
48,27.11261749267578
48,32.720314025878906
48,32.590232849121094
48,27.63726806640625
48,29.561851501464844
48,24.326677322387695
48,27.602550506591797
48,34.95880889892578
48,28.672693252563477
48,30.732074737548828
48,26.4813232421875
48,25.777318954467773
48,28.33847999572754
48,32.891334533691406
48,31.877899169921875
48,30.501108169555664
48,25.69702911376953
48,31.33132553100586
48,32.352638244628906
48,34.06553649902344
48,24.78783416748047
48,30.932823181152344
48,32.80638122558594
48,34.44888687133789
48,28.793167114257812
48,31.833162307739258
48,29.94245719909668
48,29.30384063720703
48,28.585832595825195
48,28.976150512695312
48,27.52488136291504
48,31.917301177978516
48,28.54500389099121
48,26.8133544921875
48,24.333921432495117
48,29.640588760375977
48,32.516868591308594
48,32.205265045166016
48,26.493392944335938
48,30.67953109741211
48,34.012672424316406
48,32.21623992919922
48,27.260263442993164
48,25.195297241210938
48,28.508554458618164
48,29.626571655273438
48,27.259321212768555
48,30.042890548706055
48,25.18345832824707
48,29.398746490478516
48,27.24790382385254
48,30.196964263916016
48,27.11858367919922
48,29.085357666015625
48,33.16256332397461
48,33.28271484375
48,24.699949264526367
48,26.426542282104492
48,33.937232971191406
48,33.37916564941406
48,29.02996063232422
48,27.805631637573242
48,27.5727596282959
48,32.34633255004883
48,32.561119079589844
48,35.31948471069336
48,26.836355209350586
48,26.008846282958984
48,28.761690139770508
48,28.780855178833008
48,29.88817024230957
48,30.073139190673828
48,31.331722259521484
48,32.120357513427734
48,28.784029006958008
48,27.387252807617188
48,30.88680648803711
48,26.12045669555664
48,24.077482223510742
48,24.430335998535156
48,27.776395797729492
48,26.117908477783203
48,32.856475830078125
48,33.682865142822266
48,30.220481872558594
48,23.93961524963379
48,29.32376480102539
48,30.384429931640625
48,35.955196380615234
48,34.29692459106445
48,24.09817123413086
48,32.24939727783203
48,28.27666664123535
48,24.631696701049805
48,34.05040740966797
48,26.761472702026367
48,29.236658096313477
48,29.86825942993164
48,33.51974868774414
48,24.83572006225586
48,30.749752044677734
48,25.672840118408203
48,24.557035446166992
48,26.686065673828125
48,32.19652557373047
48,34.19416427612305
48,28.91994285583496
48,29.197246551513672
48,24.47867774963379
48,30.365375518798828
48,24.505945205688477
48,32.009681701660156
48,26.41275978088379
48,26.684370040893555
48,32.05279541015625
48,25.750356674194336
48,28.797229766845703
48,33.15852355957031
48,26.764150619506836
48,29.814207077026367
48,27.678749084472656
48,28.05371856689453
48,25.471525192260742
48,32.84784698486328
48,34.886173248291016
48,31.524433135986328
48,27.02196502685547
48,25.701961517333984
48,34.16154861450195
48,25.863922119140625
48,28.90488052368164
48,30.895790100097656
48,32.84353256225586
48,26.939865112304688
48,27.670413970947266
48,25.02225685119629
48,27.046926498413086
48,28.101909637451172
48,33.07722473144531
48,32.86941909790039
48,32.50192642211914
48,25.824642181396484
48,24.71501350402832
48,29.258907318115234
48,25.874608993530273
48,26.51050567626953
48,26.323558807373047
48,25.832408905029297
48,34.16756820678711
48,24.689064025878906
48,33.028987884521484
48,33.055816650390625
48,31.05211639404297
48,26.174236297607422
48,31.00644302368164
48,28.383899688720703
48,32.9962158203125
48,28.318450927734375
48,25.6594181060791
48,24.062959671020508
48,28.382898330688477
48,30.041898727416992
48,33.488956451416016
48,32.41768264770508
48,24.503768920898438
48,29.023714065551758
48,32.93001174926758
48,27.807889938354492
48,26.04081916809082
48,27.676359176635742
48,29.121614456176758
48,28.703227996826172
48,29.68583869934082
48,26.010601043701172
48,30.848979949951172
48,31.65595245361328
48,33.22395706176758
48,28.532663345336914
48,33.264076232910156
48,30.884424209594727
48,25.532730102539062
48,26.0924015045166
48,33.584964752197266
48,25.185457229614258
48,28.1248836517334
48,26.87726402282715
48,27.99262046813965
48,25.441879272460938
48,31.31267547607422
48,33.4100456237793
48,29.40619468688965
48,24.281028747558594
48,30.019485473632812
48,29.677993774414062
48,24.859628677368164
48,28.103105545043945
48,34.099239349365234
48,25.34994125366211
48,27.200960159301758
48,30.762222290039062
48,32.772491455078125
48,25.241302490234375
48,32.212799072265625
48,29.744770050048828
48,26.886838912963867
48,30.6810302734375
48,29.338529586791992
48,26.562305450439453
48,28.503070831298828
48,28.8980712890625
48,27.83873748779297
48,31.49788475036621
48,31.003746032714844
48,29.52901840209961
48,27.41195297241211
48,25.18126678466797
48,28.4578914642334
48,32.51028060913086
48,33.069908142089844
48,24.27791976928711
48,32.62789535522461
48,23.838600158691406
48,24.822986602783203
48,30.40447425842285
48,33.42654800415039
48,33.29954528808594
48,30.627880096435547
48,25.1708984375
48,32.59813690185547
48,28.83782386779785
48,26.03504753112793
48,24.87834358215332
48,32.53537368774414
48,33.61134719848633
48,33.66155242919922
48,28.27206802368164
48,34.32516098022461
48,28.032453536987305
48,23.433734893798828
48,31.901630401611328
48,33.07261657714844
48,32.57062911987305
48,24.735031127929688
48,31.762060165405273
48,28.495180130004883
48,32.74684524536133
48,25.737972259521484
48,27.478118896484375
48,29.587173461914062
48,29.86380958557129
48,31.649734497070312
48,27.126590728759766
48,27.075355529785156
48,24.173397064208984
48,35.388214111328125
48,27.82110595703125
48,34.03449249267578
48,28.295055389404297
48,30.990745544433594
48,30.721355438232422
48,31.826248168945312
48,28.15186882019043
48,30.965768814086914
48,35.44065856933594
48,33.65300369262695
48,27.81861114501953
48,27.597387313842773
48,30.12938690185547
48,32.142250061035156
48,30.18574333190918
48,29.48477554321289
48,34.38726806640625
48,26.939769744873047
48,32.94468688964844
48,32.98465347290039
48,34.156036376953125
48,31.649694442749023
48,29.40485191345215
48,29.233409881591797
48,32.9105224609375
48,31.115550994873047
48,30.912765502929688
48,33.39488220214844
48,29.2082576751709
48,27.75676727294922
48,31.633512496948242
48,30.402650833129883
48,28.64435386657715
48,30.867347717285156
48,24.900245666503906
48,32.50661087036133
48,33.0095100402832
48,30.513656616210938
48,27.553285598754883
48,26.55232810974121
48,33.35716247558594
48,33.539615631103516
48,24.069786071777344
48,23.634035110473633
48,27.299943923950195
48,27.864171981811523
48,27.28852653503418
48,30.197404861450195
48,27.86212158203125
48,33.9017448425293
48,30.294681549072266
48,25.014183044433594
48,26.020397186279297
48,27.54819679260254
48,32.812076568603516
48,32.769248962402344
48,32.33304214477539
48,31.48002815246582
48,33.510128021240234
48,27.924734115600586
48,33.19115447998047
48,25.359750747680664
48,29.45329475402832
48,28.83881187438965
48,26.046100616455078
48,25.684734344482422
48,26.881208419799805
48,33.78160095214844
48,24.770954132080078
48,33.248409271240234
48,29.39365005493164
48,31.362062454223633
48,28.38046646118164
48,26.230831146240234
48,32.92098617553711
48,28.73845100402832
48,34.24569320678711
48,29.233470916748047
48,33.639678955078125
48,31.446992874145508
48,31.15616226196289
48,26.151227951049805
48,33.04051208496094
48,32.40167999267578
48,33.15083312988281
48,28.1905517578125
48,24.17063331604004
48,32.20882797241211
48,33.24440002441406
48,25.306222915649414
48,26.706321716308594
48,29.02460479736328
48,29.944725036621094
48,29.826675415039062
48,33.49812316894531
48,28.999820709228516
48,32.1300163269043
48,32.5280647277832
48,26.779861450195312
48,32.24052429199219
48,26.013324737548828
48,28.514362335205078
48,30.359834671020508
48,30.11611557006836
48,28.046077728271484
48,31.42058563232422
48,33.0550651550293
48,31.627212524414062
48,25.026792526245117
48,33.26104736328125
48,29.62261962890625
48,30.309814453125
48,25.07367706298828
48,27.686243057250977
48,32.55705261230469
48,30.944046020507812
48,32.54494094848633
48,23.929323196411133
48,30.75993537902832
48,32.50092697143555
48,27.621374130249023
48,28.714468002319336
48,28.82296371459961
48,27.065595626831055
48,28.01004409790039
48,27.918956756591797
48,28.010652542114258
48,28.746007919311523
48,33.252777099609375
48,24.833663940429688
48,30.014951705932617
48,29.115379333496094
48,24.72745704650879
48,32.468238830566406
48,25.414457321166992
48,25.828500747680664
48,25.67323875427246
48,33.475894927978516
48,28.344512939453125
48,32.513885498046875
48,25.369159698486328
48,32.090904235839844
48,28.730865478515625
48,29.216197967529297
48,24.397052764892578
48,24.92790412902832
48,34.158138275146484
48,34.53976058959961
48,29.47125816345215
48,29.576383590698242
48,26.198415756225586
48,28.790929794311523
48,27.374271392822266
48,23.933300018310547
48,24.65260887145996
48,28.426910400390625
48,32.54541015625
48,31.47869300842285
48,24.834562301635742
48,25.748062133789062
48,26.15015411376953
48,28.30665397644043
48,33.065677642822266
48,33.08570861816406
48,35.427513122558594
48,31.219966888427734
48,30.15108871459961
48,28.133941650390625
48,29.840118408203125
48,26.968971252441406
48,24.699256896972656
48,26.336206436157227
48,34.78696823120117
48,29.857376098632812
48,28.205108642578125
48,29.44171905517578
48,27.0909423828125
48,28.389604568481445
48,26.5362491607666
48,33.78520965576172
48,30.455591201782227
48,32.207523345947266
48,26.536964416503906
48,28.59279441833496
48,29.366256713867188
48,27.13283920288086
48,26.60445213317871
48,31.366867065429688
48,31.475671768188477
48,27.87366485595703
48,28.599925994873047
48,28.341022491455078
48,32.12090301513672
48,30.067306518554688
48,23.967233657836914
48,30.522226333618164
48,35.40375518798828
48,26.721923828125
48,31.683345794677734
48,24.255157470703125
48,30.3458194732666
48,33.17155075073242
48,25.358177185058594
48,32.84909439086914
48,32.829551696777344
48,27.74949836730957
48,32.03192901611328
48,26.432518005371094
48,34.481346130371094
48,28.84800148010254
48,28.935327529907227
48,26.665367126464844
48,33.423274993896484
48,24.575345993041992
48,25.512310028076172
48,24.032424926757812
48,23.70903968811035
48,27.815223693847656
48,33.22943878173828
48,33.4010009765625
48,32.63987350463867
48,32.10950469970703
48,28.95471954345703
48,28.011499404907227
48,34.75517272949219
48,24.399038314819336
48,31.02427101135254
48,27.282651901245117
48,27.19533920288086
48,26.762248992919922
48,32.45584487915039
48,32.57879638671875
48,33.21862030029297
48,32.136024475097656
48,25.66712760925293
48,30.467281341552734
48,27.62868881225586
48,24.307697296142578
48,33.32295227050781
48,29.014623641967773
48,23.675466537475586
48,29.798980712890625
48,27.98674201965332
48,35.17650604248047
48,32.20923614501953
48,24.378538131713867
48,30.119226455688477
48,32.90043258666992
48,28.881425857543945
48,27.255443572998047
48,33.88937759399414
48,32.520355224609375
48,27.275259017944336
48,31.84779930114746
48,27.843969345092773
48,30.195833206176758
48,29.71965789794922
48,24.343759536743164
48,28.1481990814209
48,27.998306274414062
48,32.7008056640625
48,24.63389015197754
48,32.106998443603516
48,32.538150787353516
48,32.6683235168457
48,32.462249755859375
48,28.624591827392578
48,24.006040573120117
48,29.240724563598633
48,31.92745018005371
48,25.066509246826172
48,26.243587493896484
48,30.500450134277344
48,24.672513961791992
48,32.70058059692383
48,26.73696517944336
48,29.911182403564453
48,30.52942657470703
48,31.685884475708008
48,29.788467407226562
48,33.99543380737305
48,25.674171447753906
48,30.489866256713867
48,27.671443939208984
48,33.11747360229492
48,25.247081756591797
48,25.499059677124023
48,28.91215705871582
48,31.574684143066406
48,33.1299934387207
48,26.682981491088867
48,31.790712356567383
48,31.80275535583496
48,27.341411590576172
48,28.097686767578125
48,27.451005935668945
48,31.62017059326172
48,28.97650909423828
48,27.560705184936523
48,34.17931365966797
48,28.39514923095703
48,26.90691566467285
48,31.98421287536621
48,25.041322708129883
48,33.1729736328125
48,34.469818115234375
48,34.145442962646484
48,31.99186134338379
48,26.720849990844727
48,31.362621307373047
48,34.91337585449219
48,24.02516746520996
48,27.30234146118164
48,28.97861671447754
48,34.47027587890625
48,27.95917510986328
48,24.394500732421875
48,30.769140243530273
48,29.58440399169922
48,30.65082550048828
48,27.384214401245117
48,27.947324752807617
48,25.075027465820312
48,29.620683670043945
48,32.320709228515625
48,27.27836799621582
48,34.38424301147461
48,28.443138122558594
48,32.98585891723633
48,26.356760025024414
48,24.30008888244629
48,30.449377059936523
48,27.747343063354492
48,31.982166290283203
48,29.735036849975586
48,29.301151275634766
48,35.16913986206055
48,24.517337799072266
48,31.67220115661621
48,27.33678436279297
48,29.60520362854004
48,32.42542266845703
48,24.25988006591797
48,29.311609268188477
48,27.840309143066406
48,28.226877212524414
48,27.263853073120117
48,26.64563751220703
48,26.4207820892334
48,29.399723052978516
48,34.399410247802734
48,30.905216217041016
48,29.73065948486328
48,28.463563919067383
48,26.353771209716797
48,34.0275993347168
48,33.327701568603516
48,28.211132049560547
48,31.754718780517578
48,32.81139373779297
48,31.945417404174805
48,27.04234504699707
48,28.015165328979492
48,29.15890884399414
48,29.2652587890625
48,24.988245010375977
48,25.318845748901367
48,31.88070297241211
48,27.301973342895508
48,30.65877342224121
48,33.39807891845703
48,29.447467803955078
48,24.84476661682129
48,34.548614501953125
48,29.01297378540039
48,31.149486541748047
48,29.56094741821289
48,33.9405403137207
48,27.96732521057129
48,24.512441635131836
48,31.102243423461914
48,29.878658294677734
48,28.768569946289062
48,28.08079719543457
48,25.223705291748047
48,34.253387451171875
48,26.72490119934082
48,32.810325622558594
48,24.45394515991211
48,24.8701229095459
48,32.62115478515625
48,33.46308135986328
48,31.04378890991211
48,25.173479080200195
48,31.857894897460938
48,25.69565200805664
48,30.610538482666016
48,31.7260799407959
48,27.264310836791992
48,32.61209487915039
48,32.00491714477539
48,27.196828842163086
48,34.102542877197266
48,27.53026580810547
48,29.523344039916992
48,33.777381896972656
48,34.869850158691406
48,25.063844680786133
48,27.100547790527344
48,31.99486541748047
48,25.259597778320312
48,27.989246368408203
48,33.520572662353516
48,24.922143936157227
48,26.0517520904541
48,30.71173858642578
48,27.959468841552734
48,25.143888473510742
48,27.869983673095703
48,31.877565383911133
48,29.4078369140625
48,25.281423568725586
48,32.417076110839844
48,28.694381713867188
48,30.927940368652344
48,27.87955665588379
48,27.675968170166016
48,30.416322708129883
48,24.77838134765625
48,27.36263656616211
48,34.16661071777344
48,30.881792068481445
48,32.43360900878906
48,26.92722511291504
48,33.835968017578125
48,26.760589599609375
48,32.53248977661133
48,25.336679458618164
48,29.345539093017578
48,27.33904266357422
48,31.625516891479492
48,27.627094268798828
48,28.472488403320312
48,31.276113510131836
48,24.685413360595703
48,25.42116355895996
48,32.18646240234375
48,32.21637725830078
48,23.885791778564453
48,28.220386505126953
48,32.229087829589844
48,28.799272537231445
48,31.433008193969727
48,26.17342185974121
48,32.651893615722656
48,27.11427879333496
48,24.865453720092773
48,30.127920150756836
48,33.31044006347656
48,28.408489227294922
48,25.20709800720215
48,31.796236038208008
48,33.7194938659668
48,29.95848274230957
48,28.46633529663086
48,31.72470474243164
48,32.543270111083984
48,30.86430549621582
48,26.957502365112305
48,28.085346221923828
48,26.805753707885742
48,35.465850830078125
48,32.482147216796875
48,29.67186737060547
48,33.102447509765625
48,32.3994026184082
48,31.74972915649414
48,30.72164535522461
48,27.86444091796875
48,29.13396644592285
48,25.617610931396484
48,27.122314453125
48,34.442745208740234
48,31.36156463623047
48,33.479766845703125
48,26.3018856048584
48,31.660602569580078
48,25.94974136352539
48,28.624271392822266
48,33.07478713989258
48,26.837142944335938
48,31.236574172973633
48,25.387310028076172
48,34.65945816040039
48,32.63518524169922
48,32.07392501831055
48,32.83430862426758
48,23.72848129272461
48,29.097768783569336
48,24.90909194946289
48,25.88918685913086
48,35.0223388671875
48,30.584617614746094
48,24.92706871032715
48,27.28864860534668
48,32.69802474975586
48,23.87229347229004
48,26.36992835998535
48,27.05274772644043
48,31.749549865722656
48,28.843393325805664
48,32.055667877197266
48,24.001113891601562
48,34.95036315917969
48,26.857826232910156
48,30.79509735107422
48,33.98335266113281
48,26.211978912353516
48,29.28433609008789
48,31.138439178466797
48,34.59759521484375
48,26.43294906616211
48,33.53358459472656
48,29.16698455810547
48,27.255828857421875
48,25.804641723632812
48,27.577922821044922
48,25.51358985900879
48,32.3460578918457
48,25.18498420715332
48,37.04983901977539
48,26.283546447753906
48,28.869842529296875
48,27.628463745117188
48,33.38090515136719
48,28.31485939025879
48,28.736539840698242
48,32.03532409667969
48,26.17296600341797
48,33.5616569519043
48,24.434263229370117
48,32.401424407958984
48,31.6070499420166
48,31.826534271240234
48,31.433507919311523
48,26.924968719482422
48,33.674461364746094
48,29.89072036743164
48,28.03496551513672
48,30.77395248413086
48,24.37555694580078
48,31.795307159423828
48,27.937129974365234
48,26.547611236572266
48,28.323455810546875
48,28.09090805053711
48,29.33076286315918
48,32.12857437133789
48,32.90636444091797
48,32.029396057128906
48,33.31576156616211
48,25.30691909790039
48,35.30632400512695
48,30.695415496826172
48,24.153417587280273
48,34.38818359375
48,29.655492782592773
48,27.934539794921875
48,24.88764190673828
48,33.36533737182617
48,28.1546573638916
48,26.572168350219727
48,31.78374481201172
48,31.128583908081055
48,26.245119094848633
48,32.30590057373047
48,27.654869079589844
48,26.014352798461914
48,27.72666358947754
48,26.033945083618164
48,25.036056518554688
48,31.194204330444336
48,32.693016052246094
48,34.05888366699219
48,26.414047241210938
48,24.810285568237305
48,26.092872619628906
48,25.85551643371582
48,28.31160545349121
48,35.484825134277344
48,25.383563995361328
48,31.606191635131836
48,28.96076011657715
48,27.249401092529297
48,30.95030975341797
48,33.918067932128906
48,33.26779556274414
48,32.27035140991211
48,28.218828201293945
48,28.705564498901367
48,32.27260208129883
48,31.851829528808594
48,32.929569244384766
48,33.39678955078125
48,29.466941833496094
48,23.351947784423828
48,30.52865219116211
48,24.60088348388672
48,29.18446159362793
48,30.889768600463867
48,32.750492095947266
48,26.556865692138672
48,29.806781768798828
48,33.00017547607422
48,25.714574813842773
48,30.676616668701172
48,28.51258659362793
48,34.351253509521484
48,28.881858825683594
48,30.623018264770508
48,28.068174362182617
48,29.875226974487305
48,26.328214645385742
48,33.09950637817383
48,28.87049102783203
48,28.862106323242188
48,33.18315887451172
48,27.699562072753906
48,33.25820541381836
48,30.44562339782715
48,25.06609344482422
48,30.121931076049805
48,32.86723709106445
48,27.716384887695312
48,25.374004364013672
48,25.156879425048828
48,28.23067855834961
48,33.299034118652344
48,26.987096786499023
48,29.925445556640625
48,25.792160034179688
48,29.054489135742188
48,28.3160343170166
48,30.2995548248291
48,28.400592803955078
48,30.915620803833008
48,26.018232345581055
48,26.904342651367188
48,33.76665115356445
48,32.80350112915039
48,36.04085922241211
48,27.20955467224121
48,29.232112884521484
48,28.40022850036621
48,28.720256805419922
48,28.77548599243164
48,29.27357292175293
48,35.16618728637695
48,32.19454574584961
48,23.573270797729492
48,25.571958541870117
48,27.046955108642578
48,29.895061492919922
48,26.975812911987305
48,33.04996871948242
48,33.928001403808594
48,34.00053787231445
48,32.9564094543457
48,28.312515258789062
48,35.07780456542969
48,28.62493324279785
48,25.461597442626953
48,30.606836318969727
48,33.4995002746582
48,28.06951904296875
48,30.57550048828125
48,35.016990661621094
48,32.794593811035156
48,32.5888786315918
48,25.05508804321289
48,34.20781326293945
48,33.80567169189453
48,30.299346923828125
48,33.866092681884766
48,33.614166259765625
48,29.623945236206055
48,33.028099060058594
48,24.893131256103516
48,25.164579391479492
48,27.172222137451172
48,27.31385612487793
48,33.63874816894531
48,26.9249210357666
48,30.206567764282227
48,33.40839385986328
48,29.940893173217773
48,25.49966812133789
48,33.20895004272461
48,33.179534912109375
48,33.893280029296875
48,28.669042587280273
48,31.209400177001953
48,29.25511360168457
48,28.20547103881836
48,32.57244873046875
48,26.575634002685547
48,31.052522659301758
48,26.849145889282227
48,31.658126831054688
48,25.486148834228516
48,28.949575424194336
48,33.113914489746094
48,32.83209991455078
48,31.75132179260254
48,26.542966842651367
48,29.49479103088379
48,30.874454498291016
48,30.87811851501465
48,31.931215286254883
48,32.35249328613281
48,27.943918228149414
48,28.722963333129883
48,32.35499572753906
48,33.84796905517578
48,24.859010696411133
48,33.37784194946289
48,27.060230255126953
48,32.53715133666992
48,30.088411331176758
48,34.27369689941406
48,28.0030517578125
48,27.56201934814453
48,24.818443298339844
48,33.007080078125
48,33.52302932739258
48,33.66565704345703
48,24.350627899169922
48,27.181442260742188
48,28.03659439086914
48,34.03300857543945
48,28.298009872436523
48,29.14176368713379
48,27.78472900390625
48,31.502578735351562
48,32.237030029296875
48,33.55144119262695
48,29.706951141357422
48,32.277103424072266
48,27.914186477661133
48,31.501850128173828
48,26.421680450439453
48,32.36867904663086
48,33.859344482421875
48,27.477279663085938
48,26.363037109375
48,24.35199546813965
48,28.474193572998047
48,27.783864974975586
48,31.42473030090332
48,33.983184814453125
48,32.47701644897461
48,25.335857391357422
48,30.36209487915039
48,28.519060134887695
48,31.20861053466797
48,32.95621109008789
48,29.993595123291016
48,30.578174591064453
48,35.5347785949707
48,25.122364044189453
48,34.44875717163086
48,27.1038761138916
48,27.817493438720703
48,29.425918579101562
48,30.27100944519043
48,27.540884017944336
48,25.888957977294922
48,27.65729331970215
48,33.961090087890625
48,26.309606552124023
48,26.858896255493164
48,30.93558120727539
48,34.088218688964844
48,28.799489974975586
48,24.66988754272461
48,26.46946144104004
48,29.225791931152344
48,31.858867645263672
48,26.549644470214844
48,28.76125144958496
48,26.184865951538086
48,29.767927169799805
48,30.222673416137695
48,26.027362823486328
48,35.395355224609375
48,33.08856964111328
48,30.340017318725586
48,28.269092559814453
48,31.33643341064453
48,24.56598663330078
48,32.52800750732422
48,34.063663482666016
48,29.91433334350586
48,31.18585777282715
48,33.46283721923828
48,33.586036682128906
48,28.07178497314453
48,28.660764694213867
48,26.26320457458496
48,28.186614990234375
48,32.46684646606445
48,32.69111251831055
48,28.13104820251465
48,31.432939529418945
48,32.69000244140625
48,32.09996032714844
48,33.41480255126953
48,31.124595642089844
48,30.00786781311035
48,26.12125015258789
48,34.392906188964844
48,35.086971282958984
48,32.07700729370117
48,31.9035587310791
48,25.360374450683594
48,32.25666427612305
48,31.46326446533203
48,23.570377349853516
48,28.037324905395508
48,27.880016326904297
48,24.27370262145996
48,24.83001136779785
48,27.130098342895508
48,24.612268447875977
48,31.36966896057129
48,24.623676300048828
48,28.838743209838867
48,28.441221237182617
48,27.49679183959961
48,24.005382537841797
48,29.911075592041016
48,29.37363624572754
48,30.95882797241211
48,28.207935333251953
48,31.558120727539062
48,27.44721794128418
48,25.367433547973633
48,33.30735778808594
48,25.308713912963867
48,30.933439254760742
48,31.248308181762695
48,23.893333435058594
48,31.9926700592041
48,28.06863021850586
48,34.638587951660156
48,28.23897361755371
48,29.93291664123535
48,30.106647491455078
48,33.862056732177734
48,25.435226440429688
48,26.60042953491211
48,29.928892135620117
48,24.957944869995117
48,24.296405792236328
48,32.34501266479492
48,30.753456115722656
48,26.939008712768555
48,32.1270866394043
48,28.253084182739258
48,33.58567428588867
48,30.999298095703125
48,27.707780838012695
48,28.498737335205078
48,31.105304718017578
48,33.46938705444336
48,26.79436683654785
48,29.53533935546875
48,28.61927604675293
48,31.8033447265625
48,34.1631965637207
48,29.296022415161133
48,30.81328582763672
48,26.75652313232422
48,32.33625793457031
48,27.62294578552246
48,24.590307235717773
48,26.184541702270508
48,30.55428695678711
48,31.545089721679688
48,27.114036560058594
48,31.3449764251709
48,26.33486557006836
48,32.74336242675781
48,33.69268798828125
48,24.489212036132812
48,30.263198852539062
48,31.585594177246094
48,31.57599449157715
48,26.02425765991211
48,26.49126434326172
48,33.94561767578125
48,32.82388687133789
48,27.06467056274414
48,29.580707550048828
48,24.480575561523438
48,29.003576278686523
48,29.299537658691406
48,33.797874450683594
48,26.695831298828125
48,26.56591033935547
48,32.244285583496094
48,28.831968307495117
48,26.356616973876953
48,27.54612159729004
48,29.304447174072266
48,34.91669845581055
48,32.376861572265625
48,25.754352569580078
48,29.68531036376953
48,32.873863220214844
48,29.937166213989258
48,32.602535247802734
48,34.701412200927734
48,27.4472599029541
48,28.474029541015625
48,29.60722541809082
48,33.96224594116211
48,28.430341720581055
48,24.788820266723633
48,34.64350128173828
48,29.08399772644043
48,24.513769149780273
48,28.288944244384766
48,32.550132751464844
48,31.487272262573242
48,25.484901428222656
48,27.648258209228516
48,25.88269805908203
48,28.57627296447754
48,27.633726119995117
48,24.478992462158203
48,25.299373626708984
48,30.200489044189453
48,23.46598243713379
48,24.642507553100586
48,30.111530303955078
48,24.723567962646484
48,31.389589309692383
48,28.958980560302734
48,33.04134750366211
48,28.652629852294922
48,32.7974739074707
48,30.711483001708984
48,30.935123443603516
48,25.834924697875977
48,25.565099716186523
48,30.364381790161133
48,34.77237319946289
48,32.7368049621582
48,32.73551940917969
48,29.02389144897461
48,31.96442413330078
48,29.168779373168945
48,29.428913116455078
48,27.75672721862793
48,35.453704833984375
48,26.462806701660156
48,30.775663375854492
48,32.22718811035156
48,34.729286193847656
48,32.3041877746582
48,25.441822052001953
48,27.9550724029541
48,31.6163272857666
48,26.613513946533203
48,34.17245864868164
48,32.870731353759766
48,35.94643783569336
48,30.1479434967041
48,26.10021209716797
48,24.881567001342773
48,28.60223388671875
48,27.981794357299805
48,30.97327423095703
48,29.520278930664062
48,29.162294387817383
48,29.150339126586914
48,27.529232025146484
48,29.639474868774414
48,33.22439193725586
48,33.98590087890625
48,27.555727005004883
48,34.42954635620117
48,33.782100677490234
48,29.40003776550293
48,27.029842376708984
48,31.985340118408203
48,33.668094635009766
48,33.03886032104492
48,25.334312438964844
48,25.09182357788086
48,25.856836318969727
48,32.31026077270508
48,25.297760009765625
48,29.67067527770996
48,29.04448890686035
48,28.85917091369629
48,29.141117095947266
48,29.870525360107422
48,30.61722755432129
48,32.73430252075195
48,32.756797790527344
48,32.09461212158203
48,27.23927116394043
48,27.44626235961914
48,33.23834991455078
48,28.555889129638672
48,31.214860916137695
48,29.971904754638672
48,28.9542179107666
48,24.444683074951172
48,34.48481369018555
48,30.807518005371094
48,32.23649597167969
48,28.381120681762695
48,30.177387237548828
48,27.569686889648438
48,24.45145034790039
48,28.026765823364258
48,25.92780876159668
48,30.935380935668945
48,26.43625831604004
48,33.735477447509766
48,26.35748863220215
48,26.472705841064453
48,25.302906036376953
48,25.394960403442383
48,29.974355697631836
48,26.258459091186523
48,30.903888702392578
48,33.33271026611328
48,28.35782241821289
48,28.493202209472656
48,24.910409927368164
48,28.603105545043945
48,33.912200927734375
48,30.552391052246094
48,26.05108642578125
48,28.853622436523438
48,25.2620906829834
48,32.90929412841797
48,31.642641067504883
48,25.3271541595459
48,28.236000061035156
48,31.68587875366211
48,27.426076889038086
48,32.100425720214844
48,32.872962951660156
48,28.3621826171875
48,34.021484375
48,28.907695770263672
48,34.03141784667969
48,33.38461685180664
48,32.05133819580078
48,27.095064163208008
48,32.75617599487305
48,28.25897216796875
48,34.75141525268555
48,33.20869827270508
48,29.458282470703125
48,35.0097541809082
48,33.03642272949219
48,35.66472625732422
48,32.64552307128906
48,32.639949798583984
48,32.58017349243164
48,26.61714744567871
48,26.69057846069336
48,29.175962448120117
48,28.537052154541016
48,24.52004051208496
48,26.725936889648438
48,29.84908103942871
48,27.5042781829834
48,26.955982208251953
48,24.930572509765625
48,28.041852951049805
48,32.30130386352539
48,33.521907806396484
48,31.58635711669922
48,33.930816650390625
48,32.90589904785156
48,33.198974609375
48,25.193679809570312
48,32.51691818237305
48,33.366371154785156
48,24.714183807373047
48,28.466629028320312
48,23.93569564819336
48,31.110965728759766
48,30.294042587280273
48,32.88093948364258
48,29.757686614990234
48,33.972206115722656
48,34.183448791503906
48,27.613298416137695
48,30.52873420715332
48,33.358924865722656
48,32.368045806884766
48,34.58380889892578
48,30.318044662475586
48,28.55665397644043
48,34.53159713745117
48,29.97356414794922
48,28.062135696411133
48,25.948795318603516
48,32.27203369140625
48,31.164518356323242
48,27.617189407348633
48,29.8632869720459
48,29.12895393371582
48,29.94767189025879
48,33.32352828979492
48,27.955156326293945
48,28.169506072998047
48,34.31172561645508
48,33.01011276245117
48,29.003215789794922
48,27.33908462524414
48,31.65570640563965
48,29.650144577026367
48,24.367347717285156
48,26.082775115966797
48,33.804378509521484
48,32.20465850830078
48,32.54063415527344
48,26.393775939941406
48,27.662450790405273
48,27.99484634399414
48,32.66129684448242
48,29.485322952270508
48,29.56171417236328
48,33.85594940185547
48,25.392080307006836
48,33.8227424621582
48,29.29824447631836
48,32.96966552734375
48,34.44834899902344
48,32.25151824951172
48,30.736175537109375
48,26.768394470214844
48,28.79802131652832
48,23.855098724365234
48,34.0052375793457
48,32.02195358276367
48,27.98432159423828
48,24.69648551940918
48,32.39460372924805
48,30.513891220092773
48,27.161596298217773
48,24.123151779174805
48,23.841798782348633
48,27.479652404785156
48,32.53192138671875
48,33.891632080078125
48,27.980012893676758
48,28.119184494018555
48,24.479246139526367
48,30.79578971862793
48,25.814678192138672
48,32.212703704833984
48,28.128026962280273
48,26.064502716064453
48,27.840734481811523
48,33.589996337890625
48,23.957115173339844
48,26.287256240844727
48,27.747013092041016
48,27.418333053588867
48,27.905141830444336
48,32.541114807128906
48,25.516639709472656
48,29.928218841552734
48,25.161579132080078
48,30.231462478637695
48,27.36105728149414
48,25.514719009399414
48,25.258546829223633
48,31.62306022644043
48,34.86227035522461
48,32.60838317871094
48,30.471160888671875
48,30.0909423828125
48,26.649085998535156
48,28.63186264038086
48,27.572444915771484
48,32.491764068603516
48,32.48029327392578
48,31.813753128051758
48,28.951276779174805
48,32.504512786865234
48,25.483978271484375
48,28.27849769592285
48,24.741512298583984
48,28.87834930419922
48,29.022891998291016
48,27.75873565673828
48,24.314056396484375
48,32.792572021484375
48,28.587072372436523
48,32.211334228515625
48,32.378807067871094
48,31.425626754760742
48,29.741601943969727
48,28.516868591308594
48,26.86152458190918
48,26.698740005493164
48,26.379844665527344
48,30.917566299438477
48,25.13984489440918
48,34.04057693481445
48,30.228776931762695
48,36.92815399169922
48,26.608129501342773
48,27.505388259887695
48,29.1845703125
48,24.708539962768555
48,29.096372604370117
48,33.11381912231445
48,33.54646682739258
48,34.38621520996094
48,29.008060455322266
48,22.961971282958984
48,26.71819496154785
48,31.968015670776367
48,32.78982162475586
48,23.51966667175293
48,32.1353759765625
48,29.7818603515625
48,24.003433227539062
48,26.47658348083496
48,32.39582824707031
48,34.086368560791016
48,25.48392105102539
48,31.10161781311035
48,33.43386459350586
48,26.64018440246582
48,29.230005264282227
48,31.44890785217285
48,33.95480728149414
48,32.490455627441406
48,25.85725975036621
48,28.195127487182617
48,31.913455963134766
48,24.74907684326172
48,32.25182342529297
48,25.68084716796875
48,31.464771270751953
48,30.336318969726562
48,27.87680435180664
48,28.801897048950195
48,32.49245834350586
48,28.397615432739258
48,23.793018341064453
48,27.043041229248047
48,27.846891403198242
48,27.191543579101562
48,32.90459442138672
48,25.28471565246582
48,31.41150665283203
48,31.763587951660156
48,26.103574752807617
48,29.155866622924805
48,25.99916648864746
48,24.17425537109375
48,29.580778121948242
48,34.228614807128906
48,26.461719512939453
48,33.49890899658203
48,32.603004455566406
48,32.92950439453125
48,34.489158630371094
48,32.33119201660156
48,33.446537017822266
48,27.107358932495117
48,31.7905216217041
48,29.885759353637695
48,25.92050552368164
48,27.883684158325195
48,31.87468719482422
48,28.611787796020508
48,24.29483413696289
48,29.900442123413086
48,26.53335952758789
48,28.178783416748047
48,28.264726638793945
48,28.80263328552246
48,29.39711570739746
48,33.54693603515625
48,29.24182891845703
48,24.16403579711914
48,24.12886619567871
48,33.057777404785156
48,32.33149719238281
48,31.227760314941406
48,28.623985290527344
48,30.981781005859375
48,27.894498825073242
48,32.20249557495117
48,24.939842224121094
48,26.805660247802734
48,28.7247314453125
48,26.10837745666504
48,29.330961227416992
48,25.67128562927246
48,30.809017181396484
48,30.414230346679688
